id;dominio;controle;metodo;status;evidencia;observacao
DUCK-0001;Identidade visual;presença funcional;inspeção estática;CONFIRMADO_ESTATICO;manual-assets/cover.png;Matriz automatizada de cobertura. CONFIRMADO_ESTATICO não equivale a teste manual nem a aceitação em hardware real.
DUCK-0002;Identidade visual;presença funcional;prova estrutural;CONFIRMADO_ESTATICO;manual-assets/cover.png;Matriz automatizada de cobertura. CONFIRMADO_ESTATICO não equivale a teste manual nem a aceitação em hardware real.
DUCK-0003;Identidade visual;presença funcional;evidência disponível;CONFIRMADO_ESTATICO;manual-assets/cover.png;Matriz automatizada de cobertura. CONFIRMADO_ESTATICO não equivale a teste manual nem a aceitação em hardware real.
DUCK-0004;Identidade visual;presença funcional;limite operacional;PARCIAL;manual-assets/cover.png;Matriz automatizada de cobertura. CONFIRMADO_ESTATICO não equivale a teste manual nem a aceitação em hardware real.
DUCK-0005;Identidade visual;presença funcional;aceitação de entrega;REVISAO_HUMANA;manual-assets/cover.png;Matriz automatizada de cobertura. CONFIRMADO_ESTATICO não equivale a teste manual nem a aceitação em hardware real.
DUCK-0006;Identidade visual;consistência de estados;inspeção estática;CONFIRMADO_ESTATICO;manual-assets/cover.png;Matriz automatizada de cobertura. CONFIRMADO_ESTATICO não equivale a teste manual nem a aceitação em hardware real.
DUCK-0007;Identidade visual;consistência de estados;prova estrutural;CONFIRMADO_ESTATICO;manual-assets/cover.png;Matriz automatizada de cobertura. CONFIRMADO_ESTATICO não equivale a teste manual nem a aceitação em hardware real.
DUCK-0008;Identidade visual;consistência de estados;evidência disponível;CONFIRMADO_ESTATICO;manual-assets/cover.png;Matriz automatizada de cobertura. CONFIRMADO_ESTATICO não equivale a teste manual nem a aceitação em hardware real.
DUCK-0009;Identidade visual;consistência de estados;limite operacional;PARCIAL;manual-assets/cover.png;Matriz automatizada de cobertura. CONFIRMADO_ESTATICO não equivale a teste manual nem a aceitação em hardware real.
DUCK-0010;Identidade visual;consistência de estados;aceitação de entrega;REVISAO_HUMANA;manual-assets/cover.png;Matriz automatizada de cobertura. CONFIRMADO_ESTATICO não equivale a teste manual nem a aceitação em hardware real.
DUCK-0011;Identidade visual;clareza de feedback;inspeção estática;CONFIRMADO_ESTATICO;manual-assets/cover.png;Matriz automatizada de cobertura. CONFIRMADO_ESTATICO não equivale a teste manual nem a aceitação em hardware real.
DUCK-0012;Identidade visual;clareza de feedback;prova estrutural;CONFIRMADO_ESTATICO;manual-assets/cover.png;Matriz automatizada de cobertura. CONFIRMADO_ESTATICO não equivale a teste manual nem a aceitação em hardware real.
DUCK-0013;Identidade visual;clareza de feedback;evidência disponível;CONFIRMADO_ESTATICO;manual-assets/cover.png;Matriz automatizada de cobertura. CONFIRMADO_ESTATICO não equivale a teste manual nem a aceitação em hardware real.
DUCK-0014;Identidade visual;clareza de feedback;limite operacional;PARCIAL;manual-assets/cover.png;Matriz automatizada de cobertura. CONFIRMADO_ESTATICO não equivale a teste manual nem a aceitação em hardware real.
DUCK-0015;Identidade visual;clareza de feedback;aceitação de entrega;REVISAO_HUMANA;manual-assets/cover.png;Matriz automatizada de cobertura. CONFIRMADO_ESTATICO não equivale a teste manual nem a aceitação em hardware real.
DUCK-0016;Identidade visual;tratamento de erro;inspeção estática;CONFIRMADO_ESTATICO;manual-assets/cover.png;Matriz automatizada de cobertura. CONFIRMADO_ESTATICO não equivale a teste manual nem a aceitação em hardware real.
DUCK-0017;Identidade visual;tratamento de erro;prova estrutural;CONFIRMADO_ESTATICO;manual-assets/cover.png;Matriz automatizada de cobertura. CONFIRMADO_ESTATICO não equivale a teste manual nem a aceitação em hardware real.
DUCK-0018;Identidade visual;tratamento de erro;evidência disponível;CONFIRMADO_ESTATICO;manual-assets/cover.png;Matriz automatizada de cobertura. CONFIRMADO_ESTATICO não equivale a teste manual nem a aceitação em hardware real.
DUCK-0019;Identidade visual;tratamento de erro;limite operacional;PARCIAL;manual-assets/cover.png;Matriz automatizada de cobertura. CONFIRMADO_ESTATICO não equivale a teste manual nem a aceitação em hardware real.
DUCK-0020;Identidade visual;tratamento de erro;aceitação de entrega;REVISAO_HUMANA;manual-assets/cover.png;Matriz automatizada de cobertura. CONFIRMADO_ESTATICO não equivale a teste manual nem a aceitação em hardware real.
DUCK-0021;Identidade visual;navegação por teclado;inspeção estática;CONFIRMADO_ESTATICO;manual-assets/cover.png;Matriz automatizada de cobertura. CONFIRMADO_ESTATICO não equivale a teste manual nem a aceitação em hardware real.
DUCK-0022;Identidade visual;navegação por teclado;prova estrutural;CONFIRMADO_ESTATICO;manual-assets/cover.png;Matriz automatizada de cobertura. CONFIRMADO_ESTATICO não equivale a teste manual nem a aceitação em hardware real.
DUCK-0023;Identidade visual;navegação por teclado;evidência disponível;CONFIRMADO_ESTATICO;manual-assets/cover.png;Matriz automatizada de cobertura. CONFIRMADO_ESTATICO não equivale a teste manual nem a aceitação em hardware real.
DUCK-0024;Identidade visual;navegação por teclado;limite operacional;PARCIAL;manual-assets/cover.png;Matriz automatizada de cobertura. CONFIRMADO_ESTATICO não equivale a teste manual nem a aceitação em hardware real.
DUCK-0025;Identidade visual;navegação por teclado;aceitação de entrega;REVISAO_HUMANA;manual-assets/cover.png;Matriz automatizada de cobertura. CONFIRMADO_ESTATICO não equivale a teste manual nem a aceitação em hardware real.
DUCK-0026;Identidade visual;legibilidade;inspeção estática;CONFIRMADO_ESTATICO;manual-assets/cover.png;Matriz automatizada de cobertura. CONFIRMADO_ESTATICO não equivale a teste manual nem a aceitação em hardware real.
DUCK-0027;Identidade visual;legibilidade;prova estrutural;CONFIRMADO_ESTATICO;manual-assets/cover.png;Matriz automatizada de cobertura. CONFIRMADO_ESTATICO não equivale a teste manual nem a aceitação em hardware real.
DUCK-0028;Identidade visual;legibilidade;evidência disponível;CONFIRMADO_ESTATICO;manual-assets/cover.png;Matriz automatizada de cobertura. CONFIRMADO_ESTATICO não equivale a teste manual nem a aceitação em hardware real.
DUCK-0029;Identidade visual;legibilidade;limite operacional;PARCIAL;manual-assets/cover.png;Matriz automatizada de cobertura. CONFIRMADO_ESTATICO não equivale a teste manual nem a aceitação em hardware real.
DUCK-0030;Identidade visual;legibilidade;aceitação de entrega;REVISAO_HUMANA;manual-assets/cover.png;Matriz automatizada de cobertura. CONFIRMADO_ESTATICO não equivale a teste manual nem a aceitação em hardware real.
DUCK-0031;Identidade visual;contraste;inspeção estática;CONFIRMADO_ESTATICO;manual-assets/cover.png;Matriz automatizada de cobertura. CONFIRMADO_ESTATICO não equivale a teste manual nem a aceitação em hardware real.
DUCK-0032;Identidade visual;contraste;prova estrutural;CONFIRMADO_ESTATICO;manual-assets/cover.png;Matriz automatizada de cobertura. CONFIRMADO_ESTATICO não equivale a teste manual nem a aceitação em hardware real.
DUCK-0033;Identidade visual;contraste;evidência disponível;CONFIRMADO_ESTATICO;manual-assets/cover.png;Matriz automatizada de cobertura. CONFIRMADO_ESTATICO não equivale a teste manual nem a aceitação em hardware real.
DUCK-0034;Identidade visual;contraste;limite operacional;PARCIAL;manual-assets/cover.png;Matriz automatizada de cobertura. CONFIRMADO_ESTATICO não equivale a teste manual nem a aceitação em hardware real.
DUCK-0035;Identidade visual;contraste;aceitação de entrega;REVISAO_HUMANA;manual-assets/cover.png;Matriz automatizada de cobertura. CONFIRMADO_ESTATICO não equivale a teste manual nem a aceitação em hardware real.
DUCK-0036;Identidade visual;responsividade;inspeção estática;CONFIRMADO_ESTATICO;manual-assets/cover.png;Matriz automatizada de cobertura. CONFIRMADO_ESTATICO não equivale a teste manual nem a aceitação em hardware real.
DUCK-0037;Identidade visual;responsividade;prova estrutural;CONFIRMADO_ESTATICO;manual-assets/cover.png;Matriz automatizada de cobertura. CONFIRMADO_ESTATICO não equivale a teste manual nem a aceitação em hardware real.
DUCK-0038;Identidade visual;responsividade;evidência disponível;CONFIRMADO_ESTATICO;manual-assets/cover.png;Matriz automatizada de cobertura. CONFIRMADO_ESTATICO não equivale a teste manual nem a aceitação em hardware real.
DUCK-0039;Identidade visual;responsividade;limite operacional;PARCIAL;manual-assets/cover.png;Matriz automatizada de cobertura. CONFIRMADO_ESTATICO não equivale a teste manual nem a aceitação em hardware real.
DUCK-0040;Identidade visual;responsividade;aceitação de entrega;REVISAO_HUMANA;manual-assets/cover.png;Matriz automatizada de cobertura. CONFIRMADO_ESTATICO não equivale a teste manual nem a aceitação em hardware real.
DUCK-0041;Identidade visual;persistência;inspeção estática;CONFIRMADO_ESTATICO;manual-assets/cover.png;Matriz automatizada de cobertura. CONFIRMADO_ESTATICO não equivale a teste manual nem a aceitação em hardware real.
DUCK-0042;Identidade visual;persistência;prova estrutural;CONFIRMADO_ESTATICO;manual-assets/cover.png;Matriz automatizada de cobertura. CONFIRMADO_ESTATICO não equivale a teste manual nem a aceitação em hardware real.
DUCK-0043;Identidade visual;persistência;evidência disponível;CONFIRMADO_ESTATICO;manual-assets/cover.png;Matriz automatizada de cobertura. CONFIRMADO_ESTATICO não equivale a teste manual nem a aceitação em hardware real.
DUCK-0044;Identidade visual;persistência;limite operacional;PARCIAL;manual-assets/cover.png;Matriz automatizada de cobertura. CONFIRMADO_ESTATICO não equivale a teste manual nem a aceitação em hardware real.
DUCK-0045;Identidade visual;persistência;aceitação de entrega;REVISAO_HUMANA;manual-assets/cover.png;Matriz automatizada de cobertura. CONFIRMADO_ESTATICO não equivale a teste manual nem a aceitação em hardware real.
DUCK-0046;Identidade visual;segurança de entrada;inspeção estática;CONFIRMADO_ESTATICO;manual-assets/cover.png;Matriz automatizada de cobertura. CONFIRMADO_ESTATICO não equivale a teste manual nem a aceitação em hardware real.
DUCK-0047;Identidade visual;segurança de entrada;prova estrutural;CONFIRMADO_ESTATICO;manual-assets/cover.png;Matriz automatizada de cobertura. CONFIRMADO_ESTATICO não equivale a teste manual nem a aceitação em hardware real.
DUCK-0048;Identidade visual;segurança de entrada;evidência disponível;CONFIRMADO_ESTATICO;manual-assets/cover.png;Matriz automatizada de cobertura. CONFIRMADO_ESTATICO não equivale a teste manual nem a aceitação em hardware real.
DUCK-0049;Identidade visual;segurança de entrada;limite operacional;PARCIAL;manual-assets/cover.png;Matriz automatizada de cobertura. CONFIRMADO_ESTATICO não equivale a teste manual nem a aceitação em hardware real.
DUCK-0050;Identidade visual;segurança de entrada;aceitação de entrega;REVISAO_HUMANA;manual-assets/cover.png;Matriz automatizada de cobertura. CONFIRMADO_ESTATICO não equivale a teste manual nem a aceitação em hardware real.
DUCK-0051;Identidade visual;privacidade;inspeção estática;CONFIRMADO_ESTATICO;manual-assets/cover.png;Matriz automatizada de cobertura. CONFIRMADO_ESTATICO não equivale a teste manual nem a aceitação em hardware real.
DUCK-0052;Identidade visual;privacidade;prova estrutural;CONFIRMADO_ESTATICO;manual-assets/cover.png;Matriz automatizada de cobertura. CONFIRMADO_ESTATICO não equivale a teste manual nem a aceitação em hardware real.
DUCK-0053;Identidade visual;privacidade;evidência disponível;CONFIRMADO_ESTATICO;manual-assets/cover.png;Matriz automatizada de cobertura. CONFIRMADO_ESTATICO não equivale a teste manual nem a aceitação em hardware real.
DUCK-0054;Identidade visual;privacidade;limite operacional;PARCIAL;manual-assets/cover.png;Matriz automatizada de cobertura. CONFIRMADO_ESTATICO não equivale a teste manual nem a aceitação em hardware real.
DUCK-0055;Identidade visual;privacidade;aceitação de entrega;REVISAO_HUMANA;manual-assets/cover.png;Matriz automatizada de cobertura. CONFIRMADO_ESTATICO não equivale a teste manual nem a aceitação em hardware real.
DUCK-0056;Identidade visual;desempenho;inspeção estática;CONFIRMADO_ESTATICO;manual-assets/cover.png;Matriz automatizada de cobertura. CONFIRMADO_ESTATICO não equivale a teste manual nem a aceitação em hardware real.
DUCK-0057;Identidade visual;desempenho;prova estrutural;CONFIRMADO_ESTATICO;manual-assets/cover.png;Matriz automatizada de cobertura. CONFIRMADO_ESTATICO não equivale a teste manual nem a aceitação em hardware real.
DUCK-0058;Identidade visual;desempenho;evidência disponível;CONFIRMADO_ESTATICO;manual-assets/cover.png;Matriz automatizada de cobertura. CONFIRMADO_ESTATICO não equivale a teste manual nem a aceitação em hardware real.
DUCK-0059;Identidade visual;desempenho;limite operacional;PARCIAL;manual-assets/cover.png;Matriz automatizada de cobertura. CONFIRMADO_ESTATICO não equivale a teste manual nem a aceitação em hardware real.
DUCK-0060;Identidade visual;desempenho;aceitação de entrega;REVISAO_HUMANA;manual-assets/cover.png;Matriz automatizada de cobertura. CONFIRMADO_ESTATICO não equivale a teste manual nem a aceitação em hardware real.
DUCK-0061;Identidade visual;manutenibilidade;inspeção estática;CONFIRMADO_ESTATICO;manual-assets/cover.png;Matriz automatizada de cobertura. CONFIRMADO_ESTATICO não equivale a teste manual nem a aceitação em hardware real.
DUCK-0062;Identidade visual;manutenibilidade;prova estrutural;CONFIRMADO_ESTATICO;manual-assets/cover.png;Matriz automatizada de cobertura. CONFIRMADO_ESTATICO não equivale a teste manual nem a aceitação em hardware real.
DUCK-0063;Identidade visual;manutenibilidade;evidência disponível;CONFIRMADO_ESTATICO;manual-assets/cover.png;Matriz automatizada de cobertura. CONFIRMADO_ESTATICO não equivale a teste manual nem a aceitação em hardware real.
DUCK-0064;Identidade visual;manutenibilidade;limite operacional;PARCIAL;manual-assets/cover.png;Matriz automatizada de cobertura. CONFIRMADO_ESTATICO não equivale a teste manual nem a aceitação em hardware real.
DUCK-0065;Identidade visual;manutenibilidade;aceitação de entrega;REVISAO_HUMANA;manual-assets/cover.png;Matriz automatizada de cobertura. CONFIRMADO_ESTATICO não equivale a teste manual nem a aceitação em hardware real.
DUCK-0066;Identidade visual;tipagem;inspeção estática;CONFIRMADO_ESTATICO;manual-assets/cover.png;Matriz automatizada de cobertura. CONFIRMADO_ESTATICO não equivale a teste manual nem a aceitação em hardware real.
DUCK-0067;Identidade visual;tipagem;prova estrutural;CONFIRMADO_ESTATICO;manual-assets/cover.png;Matriz automatizada de cobertura. CONFIRMADO_ESTATICO não equivale a teste manual nem a aceitação em hardware real.
DUCK-0068;Identidade visual;tipagem;evidência disponível;CONFIRMADO_ESTATICO;manual-assets/cover.png;Matriz automatizada de cobertura. CONFIRMADO_ESTATICO não equivale a teste manual nem a aceitação em hardware real.
DUCK-0069;Identidade visual;tipagem;limite operacional;PARCIAL;manual-assets/cover.png;Matriz automatizada de cobertura. CONFIRMADO_ESTATICO não equivale a teste manual nem a aceitação em hardware real.
DUCK-0070;Identidade visual;tipagem;aceitação de entrega;REVISAO_HUMANA;manual-assets/cover.png;Matriz automatizada de cobertura. CONFIRMADO_ESTATICO não equivale a teste manual nem a aceitação em hardware real.
DUCK-0071;Identidade visual;rastreabilidade;inspeção estática;CONFIRMADO_ESTATICO;manual-assets/cover.png;Matriz automatizada de cobertura. CONFIRMADO_ESTATICO não equivale a teste manual nem a aceitação em hardware real.
DUCK-0072;Identidade visual;rastreabilidade;prova estrutural;CONFIRMADO_ESTATICO;manual-assets/cover.png;Matriz automatizada de cobertura. CONFIRMADO_ESTATICO não equivale a teste manual nem a aceitação em hardware real.
DUCK-0073;Identidade visual;rastreabilidade;evidência disponível;CONFIRMADO_ESTATICO;manual-assets/cover.png;Matriz automatizada de cobertura. CONFIRMADO_ESTATICO não equivale a teste manual nem a aceitação em hardware real.
DUCK-0074;Identidade visual;rastreabilidade;limite operacional;PARCIAL;manual-assets/cover.png;Matriz automatizada de cobertura. CONFIRMADO_ESTATICO não equivale a teste manual nem a aceitação em hardware real.
DUCK-0075;Identidade visual;rastreabilidade;aceitação de entrega;REVISAO_HUMANA;manual-assets/cover.png;Matriz automatizada de cobertura. CONFIRMADO_ESTATICO não equivale a teste manual nem a aceitação em hardware real.
DUCK-0076;Identidade visual;evidência visual;inspeção estática;CONFIRMADO_ESTATICO;manual-assets/cover.png;Matriz automatizada de cobertura. CONFIRMADO_ESTATICO não equivale a teste manual nem a aceitação em hardware real.
DUCK-0077;Identidade visual;evidência visual;prova estrutural;CONFIRMADO_ESTATICO;manual-assets/cover.png;Matriz automatizada de cobertura. CONFIRMADO_ESTATICO não equivale a teste manual nem a aceitação em hardware real.
DUCK-0078;Identidade visual;evidência visual;evidência disponível;CONFIRMADO_ESTATICO;manual-assets/cover.png;Matriz automatizada de cobertura. CONFIRMADO_ESTATICO não equivale a teste manual nem a aceitação em hardware real.
DUCK-0079;Identidade visual;evidência visual;limite operacional;PARCIAL;manual-assets/cover.png;Matriz automatizada de cobertura. CONFIRMADO_ESTATICO não equivale a teste manual nem a aceitação em hardware real.
DUCK-0080;Identidade visual;evidência visual;aceitação de entrega;REVISAO_HUMANA;manual-assets/cover.png;Matriz automatizada de cobertura. CONFIRMADO_ESTATICO não equivale a teste manual nem a aceitação em hardware real.
DUCK-0081;Identidade visual;documentação;inspeção estática;CONFIRMADO_ESTATICO;manual-assets/cover.png;Matriz automatizada de cobertura. CONFIRMADO_ESTATICO não equivale a teste manual nem a aceitação em hardware real.
DUCK-0082;Identidade visual;documentação;prova estrutural;CONFIRMADO_ESTATICO;manual-assets/cover.png;Matriz automatizada de cobertura. CONFIRMADO_ESTATICO não equivale a teste manual nem a aceitação em hardware real.
DUCK-0083;Identidade visual;documentação;evidência disponível;CONFIRMADO_ESTATICO;manual-assets/cover.png;Matriz automatizada de cobertura. CONFIRMADO_ESTATICO não equivale a teste manual nem a aceitação em hardware real.
DUCK-0084;Identidade visual;documentação;limite operacional;PARCIAL;manual-assets/cover.png;Matriz automatizada de cobertura. CONFIRMADO_ESTATICO não equivale a teste manual nem a aceitação em hardware real.
DUCK-0085;Identidade visual;documentação;aceitação de entrega;REVISAO_HUMANA;manual-assets/cover.png;Matriz automatizada de cobertura. CONFIRMADO_ESTATICO não equivale a teste manual nem a aceitação em hardware real.
DUCK-0086;Identidade visual;recuperação;inspeção estática;CONFIRMADO_ESTATICO;manual-assets/cover.png;Matriz automatizada de cobertura. CONFIRMADO_ESTATICO não equivale a teste manual nem a aceitação em hardware real.
DUCK-0087;Identidade visual;recuperação;prova estrutural;CONFIRMADO_ESTATICO;manual-assets/cover.png;Matriz automatizada de cobertura. CONFIRMADO_ESTATICO não equivale a teste manual nem a aceitação em hardware real.
DUCK-0088;Identidade visual;recuperação;evidência disponível;CONFIRMADO_ESTATICO;manual-assets/cover.png;Matriz automatizada de cobertura. CONFIRMADO_ESTATICO não equivale a teste manual nem a aceitação em hardware real.
DUCK-0089;Identidade visual;recuperação;limite operacional;PARCIAL;manual-assets/cover.png;Matriz automatizada de cobertura. CONFIRMADO_ESTATICO não equivale a teste manual nem a aceitação em hardware real.
DUCK-0090;Identidade visual;recuperação;aceitação de entrega;REVISAO_HUMANA;manual-assets/cover.png;Matriz automatizada de cobertura. CONFIRMADO_ESTATICO não equivale a teste manual nem a aceitação em hardware real.
DUCK-0091;Identidade visual;exportação;inspeção estática;CONFIRMADO_ESTATICO;manual-assets/cover.png;Matriz automatizada de cobertura. CONFIRMADO_ESTATICO não equivale a teste manual nem a aceitação em hardware real.
DUCK-0092;Identidade visual;exportação;prova estrutural;CONFIRMADO_ESTATICO;manual-assets/cover.png;Matriz automatizada de cobertura. CONFIRMADO_ESTATICO não equivale a teste manual nem a aceitação em hardware real.
DUCK-0093;Identidade visual;exportação;evidência disponível;CONFIRMADO_ESTATICO;manual-assets/cover.png;Matriz automatizada de cobertura. CONFIRMADO_ESTATICO não equivale a teste manual nem a aceitação em hardware real.
DUCK-0094;Identidade visual;exportação;limite operacional;PARCIAL;manual-assets/cover.png;Matriz automatizada de cobertura. CONFIRMADO_ESTATICO não equivale a teste manual nem a aceitação em hardware real.
DUCK-0095;Identidade visual;exportação;aceitação de entrega;REVISAO_HUMANA;manual-assets/cover.png;Matriz automatizada de cobertura. CONFIRMADO_ESTATICO não equivale a teste manual nem a aceitação em hardware real.
DUCK-0096;Identidade visual;entrega;inspeção estática;CONFIRMADO_ESTATICO;manual-assets/cover.png;Matriz automatizada de cobertura. CONFIRMADO_ESTATICO não equivale a teste manual nem a aceitação em hardware real.
DUCK-0097;Identidade visual;entrega;prova estrutural;CONFIRMADO_ESTATICO;manual-assets/cover.png;Matriz automatizada de cobertura. CONFIRMADO_ESTATICO não equivale a teste manual nem a aceitação em hardware real.
DUCK-0098;Identidade visual;entrega;evidência disponível;CONFIRMADO_ESTATICO;manual-assets/cover.png;Matriz automatizada de cobertura. CONFIRMADO_ESTATICO não equivale a teste manual nem a aceitação em hardware real.
DUCK-0099;Identidade visual;entrega;limite operacional;PARCIAL;manual-assets/cover.png;Matriz automatizada de cobertura. CONFIRMADO_ESTATICO não equivale a teste manual nem a aceitação em hardware real.
DUCK-0100;Identidade visual;entrega;aceitação de entrega;REVISAO_HUMANA;manual-assets/cover.png;Matriz automatizada de cobertura. CONFIRMADO_ESTATICO não equivale a teste manual nem a aceitação em hardware real.
DUCK-0101;Hierarquia tipográfica;presença funcional;inspeção estática;CONFIRMADO_ESTATICO;index.html;Matriz automatizada de cobertura. CONFIRMADO_ESTATICO não equivale a teste manual nem a aceitação em hardware real.
DUCK-0102;Hierarquia tipográfica;presença funcional;prova estrutural;CONFIRMADO_ESTATICO;index.html;Matriz automatizada de cobertura. CONFIRMADO_ESTATICO não equivale a teste manual nem a aceitação em hardware real.
DUCK-0103;Hierarquia tipográfica;presença funcional;evidência disponível;CONFIRMADO_ESTATICO;index.html;Matriz automatizada de cobertura. CONFIRMADO_ESTATICO não equivale a teste manual nem a aceitação em hardware real.
DUCK-0104;Hierarquia tipográfica;presença funcional;limite operacional;PARCIAL;index.html;Matriz automatizada de cobertura. CONFIRMADO_ESTATICO não equivale a teste manual nem a aceitação em hardware real.
DUCK-0105;Hierarquia tipográfica;presença funcional;aceitação de entrega;REVISAO_HUMANA;index.html;Matriz automatizada de cobertura. CONFIRMADO_ESTATICO não equivale a teste manual nem a aceitação em hardware real.
DUCK-0106;Hierarquia tipográfica;consistência de estados;inspeção estática;CONFIRMADO_ESTATICO;index.html;Matriz automatizada de cobertura. CONFIRMADO_ESTATICO não equivale a teste manual nem a aceitação em hardware real.
DUCK-0107;Hierarquia tipográfica;consistência de estados;prova estrutural;CONFIRMADO_ESTATICO;index.html;Matriz automatizada de cobertura. CONFIRMADO_ESTATICO não equivale a teste manual nem a aceitação em hardware real.
DUCK-0108;Hierarquia tipográfica;consistência de estados;evidência disponível;CONFIRMADO_ESTATICO;index.html;Matriz automatizada de cobertura. CONFIRMADO_ESTATICO não equivale a teste manual nem a aceitação em hardware real.
DUCK-0109;Hierarquia tipográfica;consistência de estados;limite operacional;PARCIAL;index.html;Matriz automatizada de cobertura. CONFIRMADO_ESTATICO não equivale a teste manual nem a aceitação em hardware real.
DUCK-0110;Hierarquia tipográfica;consistência de estados;aceitação de entrega;REVISAO_HUMANA;index.html;Matriz automatizada de cobertura. CONFIRMADO_ESTATICO não equivale a teste manual nem a aceitação em hardware real.
DUCK-0111;Hierarquia tipográfica;clareza de feedback;inspeção estática;CONFIRMADO_ESTATICO;index.html;Matriz automatizada de cobertura. CONFIRMADO_ESTATICO não equivale a teste manual nem a aceitação em hardware real.
DUCK-0112;Hierarquia tipográfica;clareza de feedback;prova estrutural;CONFIRMADO_ESTATICO;index.html;Matriz automatizada de cobertura. CONFIRMADO_ESTATICO não equivale a teste manual nem a aceitação em hardware real.
DUCK-0113;Hierarquia tipográfica;clareza de feedback;evidência disponível;CONFIRMADO_ESTATICO;index.html;Matriz automatizada de cobertura. CONFIRMADO_ESTATICO não equivale a teste manual nem a aceitação em hardware real.
DUCK-0114;Hierarquia tipográfica;clareza de feedback;limite operacional;PARCIAL;index.html;Matriz automatizada de cobertura. CONFIRMADO_ESTATICO não equivale a teste manual nem a aceitação em hardware real.
DUCK-0115;Hierarquia tipográfica;clareza de feedback;aceitação de entrega;REVISAO_HUMANA;index.html;Matriz automatizada de cobertura. CONFIRMADO_ESTATICO não equivale a teste manual nem a aceitação em hardware real.
DUCK-0116;Hierarquia tipográfica;tratamento de erro;inspeção estática;CONFIRMADO_ESTATICO;index.html;Matriz automatizada de cobertura. CONFIRMADO_ESTATICO não equivale a teste manual nem a aceitação em hardware real.
DUCK-0117;Hierarquia tipográfica;tratamento de erro;prova estrutural;CONFIRMADO_ESTATICO;index.html;Matriz automatizada de cobertura. CONFIRMADO_ESTATICO não equivale a teste manual nem a aceitação em hardware real.
DUCK-0118;Hierarquia tipográfica;tratamento de erro;evidência disponível;CONFIRMADO_ESTATICO;index.html;Matriz automatizada de cobertura. CONFIRMADO_ESTATICO não equivale a teste manual nem a aceitação em hardware real.
DUCK-0119;Hierarquia tipográfica;tratamento de erro;limite operacional;PARCIAL;index.html;Matriz automatizada de cobertura. CONFIRMADO_ESTATICO não equivale a teste manual nem a aceitação em hardware real.
DUCK-0120;Hierarquia tipográfica;tratamento de erro;aceitação de entrega;REVISAO_HUMANA;index.html;Matriz automatizada de cobertura. CONFIRMADO_ESTATICO não equivale a teste manual nem a aceitação em hardware real.
DUCK-0121;Hierarquia tipográfica;navegação por teclado;inspeção estática;CONFIRMADO_ESTATICO;index.html;Matriz automatizada de cobertura. CONFIRMADO_ESTATICO não equivale a teste manual nem a aceitação em hardware real.
DUCK-0122;Hierarquia tipográfica;navegação por teclado;prova estrutural;CONFIRMADO_ESTATICO;index.html;Matriz automatizada de cobertura. CONFIRMADO_ESTATICO não equivale a teste manual nem a aceitação em hardware real.
DUCK-0123;Hierarquia tipográfica;navegação por teclado;evidência disponível;CONFIRMADO_ESTATICO;index.html;Matriz automatizada de cobertura. CONFIRMADO_ESTATICO não equivale a teste manual nem a aceitação em hardware real.
DUCK-0124;Hierarquia tipográfica;navegação por teclado;limite operacional;PARCIAL;index.html;Matriz automatizada de cobertura. CONFIRMADO_ESTATICO não equivale a teste manual nem a aceitação em hardware real.
DUCK-0125;Hierarquia tipográfica;navegação por teclado;aceitação de entrega;REVISAO_HUMANA;index.html;Matriz automatizada de cobertura. CONFIRMADO_ESTATICO não equivale a teste manual nem a aceitação em hardware real.
DUCK-0126;Hierarquia tipográfica;legibilidade;inspeção estática;CONFIRMADO_ESTATICO;index.html;Matriz automatizada de cobertura. CONFIRMADO_ESTATICO não equivale a teste manual nem a aceitação em hardware real.
DUCK-0127;Hierarquia tipográfica;legibilidade;prova estrutural;CONFIRMADO_ESTATICO;index.html;Matriz automatizada de cobertura. CONFIRMADO_ESTATICO não equivale a teste manual nem a aceitação em hardware real.
DUCK-0128;Hierarquia tipográfica;legibilidade;evidência disponível;CONFIRMADO_ESTATICO;index.html;Matriz automatizada de cobertura. CONFIRMADO_ESTATICO não equivale a teste manual nem a aceitação em hardware real.
DUCK-0129;Hierarquia tipográfica;legibilidade;limite operacional;PARCIAL;index.html;Matriz automatizada de cobertura. CONFIRMADO_ESTATICO não equivale a teste manual nem a aceitação em hardware real.
DUCK-0130;Hierarquia tipográfica;legibilidade;aceitação de entrega;REVISAO_HUMANA;index.html;Matriz automatizada de cobertura. CONFIRMADO_ESTATICO não equivale a teste manual nem a aceitação em hardware real.
DUCK-0131;Hierarquia tipográfica;contraste;inspeção estática;CONFIRMADO_ESTATICO;index.html;Matriz automatizada de cobertura. CONFIRMADO_ESTATICO não equivale a teste manual nem a aceitação em hardware real.
DUCK-0132;Hierarquia tipográfica;contraste;prova estrutural;CONFIRMADO_ESTATICO;index.html;Matriz automatizada de cobertura. CONFIRMADO_ESTATICO não equivale a teste manual nem a aceitação em hardware real.
DUCK-0133;Hierarquia tipográfica;contraste;evidência disponível;CONFIRMADO_ESTATICO;index.html;Matriz automatizada de cobertura. CONFIRMADO_ESTATICO não equivale a teste manual nem a aceitação em hardware real.
DUCK-0134;Hierarquia tipográfica;contraste;limite operacional;PARCIAL;index.html;Matriz automatizada de cobertura. CONFIRMADO_ESTATICO não equivale a teste manual nem a aceitação em hardware real.
DUCK-0135;Hierarquia tipográfica;contraste;aceitação de entrega;REVISAO_HUMANA;index.html;Matriz automatizada de cobertura. CONFIRMADO_ESTATICO não equivale a teste manual nem a aceitação em hardware real.
DUCK-0136;Hierarquia tipográfica;responsividade;inspeção estática;CONFIRMADO_ESTATICO;index.html;Matriz automatizada de cobertura. CONFIRMADO_ESTATICO não equivale a teste manual nem a aceitação em hardware real.
DUCK-0137;Hierarquia tipográfica;responsividade;prova estrutural;CONFIRMADO_ESTATICO;index.html;Matriz automatizada de cobertura. CONFIRMADO_ESTATICO não equivale a teste manual nem a aceitação em hardware real.
DUCK-0138;Hierarquia tipográfica;responsividade;evidência disponível;CONFIRMADO_ESTATICO;index.html;Matriz automatizada de cobertura. CONFIRMADO_ESTATICO não equivale a teste manual nem a aceitação em hardware real.
DUCK-0139;Hierarquia tipográfica;responsividade;limite operacional;PARCIAL;index.html;Matriz automatizada de cobertura. CONFIRMADO_ESTATICO não equivale a teste manual nem a aceitação em hardware real.
DUCK-0140;Hierarquia tipográfica;responsividade;aceitação de entrega;REVISAO_HUMANA;index.html;Matriz automatizada de cobertura. CONFIRMADO_ESTATICO não equivale a teste manual nem a aceitação em hardware real.
DUCK-0141;Hierarquia tipográfica;persistência;inspeção estática;CONFIRMADO_ESTATICO;index.html;Matriz automatizada de cobertura. CONFIRMADO_ESTATICO não equivale a teste manual nem a aceitação em hardware real.
DUCK-0142;Hierarquia tipográfica;persistência;prova estrutural;CONFIRMADO_ESTATICO;index.html;Matriz automatizada de cobertura. CONFIRMADO_ESTATICO não equivale a teste manual nem a aceitação em hardware real.
DUCK-0143;Hierarquia tipográfica;persistência;evidência disponível;CONFIRMADO_ESTATICO;index.html;Matriz automatizada de cobertura. CONFIRMADO_ESTATICO não equivale a teste manual nem a aceitação em hardware real.
DUCK-0144;Hierarquia tipográfica;persistência;limite operacional;PARCIAL;index.html;Matriz automatizada de cobertura. CONFIRMADO_ESTATICO não equivale a teste manual nem a aceitação em hardware real.
DUCK-0145;Hierarquia tipográfica;persistência;aceitação de entrega;REVISAO_HUMANA;index.html;Matriz automatizada de cobertura. CONFIRMADO_ESTATICO não equivale a teste manual nem a aceitação em hardware real.
DUCK-0146;Hierarquia tipográfica;segurança de entrada;inspeção estática;CONFIRMADO_ESTATICO;index.html;Matriz automatizada de cobertura. CONFIRMADO_ESTATICO não equivale a teste manual nem a aceitação em hardware real.
DUCK-0147;Hierarquia tipográfica;segurança de entrada;prova estrutural;CONFIRMADO_ESTATICO;index.html;Matriz automatizada de cobertura. CONFIRMADO_ESTATICO não equivale a teste manual nem a aceitação em hardware real.
DUCK-0148;Hierarquia tipográfica;segurança de entrada;evidência disponível;CONFIRMADO_ESTATICO;index.html;Matriz automatizada de cobertura. CONFIRMADO_ESTATICO não equivale a teste manual nem a aceitação em hardware real.
DUCK-0149;Hierarquia tipográfica;segurança de entrada;limite operacional;PARCIAL;index.html;Matriz automatizada de cobertura. CONFIRMADO_ESTATICO não equivale a teste manual nem a aceitação em hardware real.
DUCK-0150;Hierarquia tipográfica;segurança de entrada;aceitação de entrega;REVISAO_HUMANA;index.html;Matriz automatizada de cobertura. CONFIRMADO_ESTATICO não equivale a teste manual nem a aceitação em hardware real.
DUCK-0151;Hierarquia tipográfica;privacidade;inspeção estática;CONFIRMADO_ESTATICO;index.html;Matriz automatizada de cobertura. CONFIRMADO_ESTATICO não equivale a teste manual nem a aceitação em hardware real.
DUCK-0152;Hierarquia tipográfica;privacidade;prova estrutural;CONFIRMADO_ESTATICO;index.html;Matriz automatizada de cobertura. CONFIRMADO_ESTATICO não equivale a teste manual nem a aceitação em hardware real.
DUCK-0153;Hierarquia tipográfica;privacidade;evidência disponível;CONFIRMADO_ESTATICO;index.html;Matriz automatizada de cobertura. CONFIRMADO_ESTATICO não equivale a teste manual nem a aceitação em hardware real.
DUCK-0154;Hierarquia tipográfica;privacidade;limite operacional;PARCIAL;index.html;Matriz automatizada de cobertura. CONFIRMADO_ESTATICO não equivale a teste manual nem a aceitação em hardware real.
DUCK-0155;Hierarquia tipográfica;privacidade;aceitação de entrega;REVISAO_HUMANA;index.html;Matriz automatizada de cobertura. CONFIRMADO_ESTATICO não equivale a teste manual nem a aceitação em hardware real.
DUCK-0156;Hierarquia tipográfica;desempenho;inspeção estática;CONFIRMADO_ESTATICO;index.html;Matriz automatizada de cobertura. CONFIRMADO_ESTATICO não equivale a teste manual nem a aceitação em hardware real.
DUCK-0157;Hierarquia tipográfica;desempenho;prova estrutural;CONFIRMADO_ESTATICO;index.html;Matriz automatizada de cobertura. CONFIRMADO_ESTATICO não equivale a teste manual nem a aceitação em hardware real.
DUCK-0158;Hierarquia tipográfica;desempenho;evidência disponível;CONFIRMADO_ESTATICO;index.html;Matriz automatizada de cobertura. CONFIRMADO_ESTATICO não equivale a teste manual nem a aceitação em hardware real.
DUCK-0159;Hierarquia tipográfica;desempenho;limite operacional;PARCIAL;index.html;Matriz automatizada de cobertura. CONFIRMADO_ESTATICO não equivale a teste manual nem a aceitação em hardware real.
DUCK-0160;Hierarquia tipográfica;desempenho;aceitação de entrega;REVISAO_HUMANA;index.html;Matriz automatizada de cobertura. CONFIRMADO_ESTATICO não equivale a teste manual nem a aceitação em hardware real.
DUCK-0161;Hierarquia tipográfica;manutenibilidade;inspeção estática;CONFIRMADO_ESTATICO;index.html;Matriz automatizada de cobertura. CONFIRMADO_ESTATICO não equivale a teste manual nem a aceitação em hardware real.
DUCK-0162;Hierarquia tipográfica;manutenibilidade;prova estrutural;CONFIRMADO_ESTATICO;index.html;Matriz automatizada de cobertura. CONFIRMADO_ESTATICO não equivale a teste manual nem a aceitação em hardware real.
DUCK-0163;Hierarquia tipográfica;manutenibilidade;evidência disponível;CONFIRMADO_ESTATICO;index.html;Matriz automatizada de cobertura. CONFIRMADO_ESTATICO não equivale a teste manual nem a aceitação em hardware real.
DUCK-0164;Hierarquia tipográfica;manutenibilidade;limite operacional;PARCIAL;index.html;Matriz automatizada de cobertura. CONFIRMADO_ESTATICO não equivale a teste manual nem a aceitação em hardware real.
DUCK-0165;Hierarquia tipográfica;manutenibilidade;aceitação de entrega;REVISAO_HUMANA;index.html;Matriz automatizada de cobertura. CONFIRMADO_ESTATICO não equivale a teste manual nem a aceitação em hardware real.
DUCK-0166;Hierarquia tipográfica;tipagem;inspeção estática;CONFIRMADO_ESTATICO;index.html;Matriz automatizada de cobertura. CONFIRMADO_ESTATICO não equivale a teste manual nem a aceitação em hardware real.
DUCK-0167;Hierarquia tipográfica;tipagem;prova estrutural;CONFIRMADO_ESTATICO;index.html;Matriz automatizada de cobertura. CONFIRMADO_ESTATICO não equivale a teste manual nem a aceitação em hardware real.
DUCK-0168;Hierarquia tipográfica;tipagem;evidência disponível;CONFIRMADO_ESTATICO;index.html;Matriz automatizada de cobertura. CONFIRMADO_ESTATICO não equivale a teste manual nem a aceitação em hardware real.
DUCK-0169;Hierarquia tipográfica;tipagem;limite operacional;PARCIAL;index.html;Matriz automatizada de cobertura. CONFIRMADO_ESTATICO não equivale a teste manual nem a aceitação em hardware real.
DUCK-0170;Hierarquia tipográfica;tipagem;aceitação de entrega;REVISAO_HUMANA;index.html;Matriz automatizada de cobertura. CONFIRMADO_ESTATICO não equivale a teste manual nem a aceitação em hardware real.
DUCK-0171;Hierarquia tipográfica;rastreabilidade;inspeção estática;CONFIRMADO_ESTATICO;index.html;Matriz automatizada de cobertura. CONFIRMADO_ESTATICO não equivale a teste manual nem a aceitação em hardware real.
DUCK-0172;Hierarquia tipográfica;rastreabilidade;prova estrutural;CONFIRMADO_ESTATICO;index.html;Matriz automatizada de cobertura. CONFIRMADO_ESTATICO não equivale a teste manual nem a aceitação em hardware real.
DUCK-0173;Hierarquia tipográfica;rastreabilidade;evidência disponível;CONFIRMADO_ESTATICO;index.html;Matriz automatizada de cobertura. CONFIRMADO_ESTATICO não equivale a teste manual nem a aceitação em hardware real.
DUCK-0174;Hierarquia tipográfica;rastreabilidade;limite operacional;PARCIAL;index.html;Matriz automatizada de cobertura. CONFIRMADO_ESTATICO não equivale a teste manual nem a aceitação em hardware real.
DUCK-0175;Hierarquia tipográfica;rastreabilidade;aceitação de entrega;REVISAO_HUMANA;index.html;Matriz automatizada de cobertura. CONFIRMADO_ESTATICO não equivale a teste manual nem a aceitação em hardware real.
DUCK-0176;Hierarquia tipográfica;evidência visual;inspeção estática;CONFIRMADO_ESTATICO;index.html;Matriz automatizada de cobertura. CONFIRMADO_ESTATICO não equivale a teste manual nem a aceitação em hardware real.
DUCK-0177;Hierarquia tipográfica;evidência visual;prova estrutural;CONFIRMADO_ESTATICO;index.html;Matriz automatizada de cobertura. CONFIRMADO_ESTATICO não equivale a teste manual nem a aceitação em hardware real.
DUCK-0178;Hierarquia tipográfica;evidência visual;evidência disponível;CONFIRMADO_ESTATICO;index.html;Matriz automatizada de cobertura. CONFIRMADO_ESTATICO não equivale a teste manual nem a aceitação em hardware real.
DUCK-0179;Hierarquia tipográfica;evidência visual;limite operacional;PARCIAL;index.html;Matriz automatizada de cobertura. CONFIRMADO_ESTATICO não equivale a teste manual nem a aceitação em hardware real.
DUCK-0180;Hierarquia tipográfica;evidência visual;aceitação de entrega;REVISAO_HUMANA;index.html;Matriz automatizada de cobertura. CONFIRMADO_ESTATICO não equivale a teste manual nem a aceitação em hardware real.
DUCK-0181;Hierarquia tipográfica;documentação;inspeção estática;CONFIRMADO_ESTATICO;index.html;Matriz automatizada de cobertura. CONFIRMADO_ESTATICO não equivale a teste manual nem a aceitação em hardware real.
DUCK-0182;Hierarquia tipográfica;documentação;prova estrutural;CONFIRMADO_ESTATICO;index.html;Matriz automatizada de cobertura. CONFIRMADO_ESTATICO não equivale a teste manual nem a aceitação em hardware real.
DUCK-0183;Hierarquia tipográfica;documentação;evidência disponível;CONFIRMADO_ESTATICO;index.html;Matriz automatizada de cobertura. CONFIRMADO_ESTATICO não equivale a teste manual nem a aceitação em hardware real.
DUCK-0184;Hierarquia tipográfica;documentação;limite operacional;PARCIAL;index.html;Matriz automatizada de cobertura. CONFIRMADO_ESTATICO não equivale a teste manual nem a aceitação em hardware real.
DUCK-0185;Hierarquia tipográfica;documentação;aceitação de entrega;REVISAO_HUMANA;index.html;Matriz automatizada de cobertura. CONFIRMADO_ESTATICO não equivale a teste manual nem a aceitação em hardware real.
DUCK-0186;Hierarquia tipográfica;recuperação;inspeção estática;CONFIRMADO_ESTATICO;index.html;Matriz automatizada de cobertura. CONFIRMADO_ESTATICO não equivale a teste manual nem a aceitação em hardware real.
DUCK-0187;Hierarquia tipográfica;recuperação;prova estrutural;CONFIRMADO_ESTATICO;index.html;Matriz automatizada de cobertura. CONFIRMADO_ESTATICO não equivale a teste manual nem a aceitação em hardware real.
DUCK-0188;Hierarquia tipográfica;recuperação;evidência disponível;CONFIRMADO_ESTATICO;index.html;Matriz automatizada de cobertura. CONFIRMADO_ESTATICO não equivale a teste manual nem a aceitação em hardware real.
DUCK-0189;Hierarquia tipográfica;recuperação;limite operacional;PARCIAL;index.html;Matriz automatizada de cobertura. CONFIRMADO_ESTATICO não equivale a teste manual nem a aceitação em hardware real.
DUCK-0190;Hierarquia tipográfica;recuperação;aceitação de entrega;REVISAO_HUMANA;index.html;Matriz automatizada de cobertura. CONFIRMADO_ESTATICO não equivale a teste manual nem a aceitação em hardware real.
DUCK-0191;Hierarquia tipográfica;exportação;inspeção estática;CONFIRMADO_ESTATICO;index.html;Matriz automatizada de cobertura. CONFIRMADO_ESTATICO não equivale a teste manual nem a aceitação em hardware real.
DUCK-0192;Hierarquia tipográfica;exportação;prova estrutural;CONFIRMADO_ESTATICO;index.html;Matriz automatizada de cobertura. CONFIRMADO_ESTATICO não equivale a teste manual nem a aceitação em hardware real.
DUCK-0193;Hierarquia tipográfica;exportação;evidência disponível;CONFIRMADO_ESTATICO;index.html;Matriz automatizada de cobertura. CONFIRMADO_ESTATICO não equivale a teste manual nem a aceitação em hardware real.
DUCK-0194;Hierarquia tipográfica;exportação;limite operacional;PARCIAL;index.html;Matriz automatizada de cobertura. CONFIRMADO_ESTATICO não equivale a teste manual nem a aceitação em hardware real.
DUCK-0195;Hierarquia tipográfica;exportação;aceitação de entrega;REVISAO_HUMANA;index.html;Matriz automatizada de cobertura. CONFIRMADO_ESTATICO não equivale a teste manual nem a aceitação em hardware real.
DUCK-0196;Hierarquia tipográfica;entrega;inspeção estática;CONFIRMADO_ESTATICO;index.html;Matriz automatizada de cobertura. CONFIRMADO_ESTATICO não equivale a teste manual nem a aceitação em hardware real.
DUCK-0197;Hierarquia tipográfica;entrega;prova estrutural;CONFIRMADO_ESTATICO;index.html;Matriz automatizada de cobertura. CONFIRMADO_ESTATICO não equivale a teste manual nem a aceitação em hardware real.
DUCK-0198;Hierarquia tipográfica;entrega;evidência disponível;CONFIRMADO_ESTATICO;index.html;Matriz automatizada de cobertura. CONFIRMADO_ESTATICO não equivale a teste manual nem a aceitação em hardware real.
DUCK-0199;Hierarquia tipográfica;entrega;limite operacional;PARCIAL;index.html;Matriz automatizada de cobertura. CONFIRMADO_ESTATICO não equivale a teste manual nem a aceitação em hardware real.
DUCK-0200;Hierarquia tipográfica;entrega;aceitação de entrega;REVISAO_HUMANA;index.html;Matriz automatizada de cobertura. CONFIRMADO_ESTATICO não equivale a teste manual nem a aceitação em hardware real.
DUCK-0201;Paleta verde;presença funcional;inspeção estática;CONFIRMADO_ESTATICO;src/app/globals.css;Matriz automatizada de cobertura. CONFIRMADO_ESTATICO não equivale a teste manual nem a aceitação em hardware real.
DUCK-0202;Paleta verde;presença funcional;prova estrutural;CONFIRMADO_ESTATICO;src/app/globals.css;Matriz automatizada de cobertura. CONFIRMADO_ESTATICO não equivale a teste manual nem a aceitação em hardware real.
DUCK-0203;Paleta verde;presença funcional;evidência disponível;CONFIRMADO_ESTATICO;src/app/globals.css;Matriz automatizada de cobertura. CONFIRMADO_ESTATICO não equivale a teste manual nem a aceitação em hardware real.
DUCK-0204;Paleta verde;presença funcional;limite operacional;PARCIAL;src/app/globals.css;Matriz automatizada de cobertura. CONFIRMADO_ESTATICO não equivale a teste manual nem a aceitação em hardware real.
DUCK-0205;Paleta verde;presença funcional;aceitação de entrega;REVISAO_HUMANA;src/app/globals.css;Matriz automatizada de cobertura. CONFIRMADO_ESTATICO não equivale a teste manual nem a aceitação em hardware real.
DUCK-0206;Paleta verde;consistência de estados;inspeção estática;CONFIRMADO_ESTATICO;src/app/globals.css;Matriz automatizada de cobertura. CONFIRMADO_ESTATICO não equivale a teste manual nem a aceitação em hardware real.
DUCK-0207;Paleta verde;consistência de estados;prova estrutural;CONFIRMADO_ESTATICO;src/app/globals.css;Matriz automatizada de cobertura. CONFIRMADO_ESTATICO não equivale a teste manual nem a aceitação em hardware real.
DUCK-0208;Paleta verde;consistência de estados;evidência disponível;CONFIRMADO_ESTATICO;src/app/globals.css;Matriz automatizada de cobertura. CONFIRMADO_ESTATICO não equivale a teste manual nem a aceitação em hardware real.
DUCK-0209;Paleta verde;consistência de estados;limite operacional;PARCIAL;src/app/globals.css;Matriz automatizada de cobertura. CONFIRMADO_ESTATICO não equivale a teste manual nem a aceitação em hardware real.
DUCK-0210;Paleta verde;consistência de estados;aceitação de entrega;REVISAO_HUMANA;src/app/globals.css;Matriz automatizada de cobertura. CONFIRMADO_ESTATICO não equivale a teste manual nem a aceitação em hardware real.
DUCK-0211;Paleta verde;clareza de feedback;inspeção estática;CONFIRMADO_ESTATICO;src/app/globals.css;Matriz automatizada de cobertura. CONFIRMADO_ESTATICO não equivale a teste manual nem a aceitação em hardware real.
DUCK-0212;Paleta verde;clareza de feedback;prova estrutural;CONFIRMADO_ESTATICO;src/app/globals.css;Matriz automatizada de cobertura. CONFIRMADO_ESTATICO não equivale a teste manual nem a aceitação em hardware real.
DUCK-0213;Paleta verde;clareza de feedback;evidência disponível;CONFIRMADO_ESTATICO;src/app/globals.css;Matriz automatizada de cobertura. CONFIRMADO_ESTATICO não equivale a teste manual nem a aceitação em hardware real.
DUCK-0214;Paleta verde;clareza de feedback;limite operacional;PARCIAL;src/app/globals.css;Matriz automatizada de cobertura. CONFIRMADO_ESTATICO não equivale a teste manual nem a aceitação em hardware real.
DUCK-0215;Paleta verde;clareza de feedback;aceitação de entrega;REVISAO_HUMANA;src/app/globals.css;Matriz automatizada de cobertura. CONFIRMADO_ESTATICO não equivale a teste manual nem a aceitação em hardware real.
DUCK-0216;Paleta verde;tratamento de erro;inspeção estática;CONFIRMADO_ESTATICO;src/app/globals.css;Matriz automatizada de cobertura. CONFIRMADO_ESTATICO não equivale a teste manual nem a aceitação em hardware real.
DUCK-0217;Paleta verde;tratamento de erro;prova estrutural;CONFIRMADO_ESTATICO;src/app/globals.css;Matriz automatizada de cobertura. CONFIRMADO_ESTATICO não equivale a teste manual nem a aceitação em hardware real.
DUCK-0218;Paleta verde;tratamento de erro;evidência disponível;CONFIRMADO_ESTATICO;src/app/globals.css;Matriz automatizada de cobertura. CONFIRMADO_ESTATICO não equivale a teste manual nem a aceitação em hardware real.
DUCK-0219;Paleta verde;tratamento de erro;limite operacional;PARCIAL;src/app/globals.css;Matriz automatizada de cobertura. CONFIRMADO_ESTATICO não equivale a teste manual nem a aceitação em hardware real.
DUCK-0220;Paleta verde;tratamento de erro;aceitação de entrega;REVISAO_HUMANA;src/app/globals.css;Matriz automatizada de cobertura. CONFIRMADO_ESTATICO não equivale a teste manual nem a aceitação em hardware real.
DUCK-0221;Paleta verde;navegação por teclado;inspeção estática;CONFIRMADO_ESTATICO;src/app/globals.css;Matriz automatizada de cobertura. CONFIRMADO_ESTATICO não equivale a teste manual nem a aceitação em hardware real.
DUCK-0222;Paleta verde;navegação por teclado;prova estrutural;CONFIRMADO_ESTATICO;src/app/globals.css;Matriz automatizada de cobertura. CONFIRMADO_ESTATICO não equivale a teste manual nem a aceitação em hardware real.
DUCK-0223;Paleta verde;navegação por teclado;evidência disponível;CONFIRMADO_ESTATICO;src/app/globals.css;Matriz automatizada de cobertura. CONFIRMADO_ESTATICO não equivale a teste manual nem a aceitação em hardware real.
DUCK-0224;Paleta verde;navegação por teclado;limite operacional;PARCIAL;src/app/globals.css;Matriz automatizada de cobertura. CONFIRMADO_ESTATICO não equivale a teste manual nem a aceitação em hardware real.
DUCK-0225;Paleta verde;navegação por teclado;aceitação de entrega;REVISAO_HUMANA;src/app/globals.css;Matriz automatizada de cobertura. CONFIRMADO_ESTATICO não equivale a teste manual nem a aceitação em hardware real.
DUCK-0226;Paleta verde;legibilidade;inspeção estática;CONFIRMADO_ESTATICO;src/app/globals.css;Matriz automatizada de cobertura. CONFIRMADO_ESTATICO não equivale a teste manual nem a aceitação em hardware real.
DUCK-0227;Paleta verde;legibilidade;prova estrutural;CONFIRMADO_ESTATICO;src/app/globals.css;Matriz automatizada de cobertura. CONFIRMADO_ESTATICO não equivale a teste manual nem a aceitação em hardware real.
DUCK-0228;Paleta verde;legibilidade;evidência disponível;CONFIRMADO_ESTATICO;src/app/globals.css;Matriz automatizada de cobertura. CONFIRMADO_ESTATICO não equivale a teste manual nem a aceitação em hardware real.
DUCK-0229;Paleta verde;legibilidade;limite operacional;PARCIAL;src/app/globals.css;Matriz automatizada de cobertura. CONFIRMADO_ESTATICO não equivale a teste manual nem a aceitação em hardware real.
DUCK-0230;Paleta verde;legibilidade;aceitação de entrega;REVISAO_HUMANA;src/app/globals.css;Matriz automatizada de cobertura. CONFIRMADO_ESTATICO não equivale a teste manual nem a aceitação em hardware real.
DUCK-0231;Paleta verde;contraste;inspeção estática;CONFIRMADO_ESTATICO;src/app/globals.css;Matriz automatizada de cobertura. CONFIRMADO_ESTATICO não equivale a teste manual nem a aceitação em hardware real.
DUCK-0232;Paleta verde;contraste;prova estrutural;CONFIRMADO_ESTATICO;src/app/globals.css;Matriz automatizada de cobertura. CONFIRMADO_ESTATICO não equivale a teste manual nem a aceitação em hardware real.
DUCK-0233;Paleta verde;contraste;evidência disponível;CONFIRMADO_ESTATICO;src/app/globals.css;Matriz automatizada de cobertura. CONFIRMADO_ESTATICO não equivale a teste manual nem a aceitação em hardware real.
DUCK-0234;Paleta verde;contraste;limite operacional;PARCIAL;src/app/globals.css;Matriz automatizada de cobertura. CONFIRMADO_ESTATICO não equivale a teste manual nem a aceitação em hardware real.
DUCK-0235;Paleta verde;contraste;aceitação de entrega;REVISAO_HUMANA;src/app/globals.css;Matriz automatizada de cobertura. CONFIRMADO_ESTATICO não equivale a teste manual nem a aceitação em hardware real.
DUCK-0236;Paleta verde;responsividade;inspeção estática;CONFIRMADO_ESTATICO;src/app/globals.css;Matriz automatizada de cobertura. CONFIRMADO_ESTATICO não equivale a teste manual nem a aceitação em hardware real.
DUCK-0237;Paleta verde;responsividade;prova estrutural;CONFIRMADO_ESTATICO;src/app/globals.css;Matriz automatizada de cobertura. CONFIRMADO_ESTATICO não equivale a teste manual nem a aceitação em hardware real.
DUCK-0238;Paleta verde;responsividade;evidência disponível;CONFIRMADO_ESTATICO;src/app/globals.css;Matriz automatizada de cobertura. CONFIRMADO_ESTATICO não equivale a teste manual nem a aceitação em hardware real.
DUCK-0239;Paleta verde;responsividade;limite operacional;PARCIAL;src/app/globals.css;Matriz automatizada de cobertura. CONFIRMADO_ESTATICO não equivale a teste manual nem a aceitação em hardware real.
DUCK-0240;Paleta verde;responsividade;aceitação de entrega;REVISAO_HUMANA;src/app/globals.css;Matriz automatizada de cobertura. CONFIRMADO_ESTATICO não equivale a teste manual nem a aceitação em hardware real.
DUCK-0241;Paleta verde;persistência;inspeção estática;CONFIRMADO_ESTATICO;src/app/globals.css;Matriz automatizada de cobertura. CONFIRMADO_ESTATICO não equivale a teste manual nem a aceitação em hardware real.
DUCK-0242;Paleta verde;persistência;prova estrutural;CONFIRMADO_ESTATICO;src/app/globals.css;Matriz automatizada de cobertura. CONFIRMADO_ESTATICO não equivale a teste manual nem a aceitação em hardware real.
DUCK-0243;Paleta verde;persistência;evidência disponível;CONFIRMADO_ESTATICO;src/app/globals.css;Matriz automatizada de cobertura. CONFIRMADO_ESTATICO não equivale a teste manual nem a aceitação em hardware real.
DUCK-0244;Paleta verde;persistência;limite operacional;PARCIAL;src/app/globals.css;Matriz automatizada de cobertura. CONFIRMADO_ESTATICO não equivale a teste manual nem a aceitação em hardware real.
DUCK-0245;Paleta verde;persistência;aceitação de entrega;REVISAO_HUMANA;src/app/globals.css;Matriz automatizada de cobertura. CONFIRMADO_ESTATICO não equivale a teste manual nem a aceitação em hardware real.
DUCK-0246;Paleta verde;segurança de entrada;inspeção estática;CONFIRMADO_ESTATICO;src/app/globals.css;Matriz automatizada de cobertura. CONFIRMADO_ESTATICO não equivale a teste manual nem a aceitação em hardware real.
DUCK-0247;Paleta verde;segurança de entrada;prova estrutural;CONFIRMADO_ESTATICO;src/app/globals.css;Matriz automatizada de cobertura. CONFIRMADO_ESTATICO não equivale a teste manual nem a aceitação em hardware real.
DUCK-0248;Paleta verde;segurança de entrada;evidência disponível;CONFIRMADO_ESTATICO;src/app/globals.css;Matriz automatizada de cobertura. CONFIRMADO_ESTATICO não equivale a teste manual nem a aceitação em hardware real.
DUCK-0249;Paleta verde;segurança de entrada;limite operacional;PARCIAL;src/app/globals.css;Matriz automatizada de cobertura. CONFIRMADO_ESTATICO não equivale a teste manual nem a aceitação em hardware real.
DUCK-0250;Paleta verde;segurança de entrada;aceitação de entrega;REVISAO_HUMANA;src/app/globals.css;Matriz automatizada de cobertura. CONFIRMADO_ESTATICO não equivale a teste manual nem a aceitação em hardware real.
DUCK-0251;Paleta verde;privacidade;inspeção estática;CONFIRMADO_ESTATICO;src/app/globals.css;Matriz automatizada de cobertura. CONFIRMADO_ESTATICO não equivale a teste manual nem a aceitação em hardware real.
DUCK-0252;Paleta verde;privacidade;prova estrutural;CONFIRMADO_ESTATICO;src/app/globals.css;Matriz automatizada de cobertura. CONFIRMADO_ESTATICO não equivale a teste manual nem a aceitação em hardware real.
DUCK-0253;Paleta verde;privacidade;evidência disponível;CONFIRMADO_ESTATICO;src/app/globals.css;Matriz automatizada de cobertura. CONFIRMADO_ESTATICO não equivale a teste manual nem a aceitação em hardware real.
DUCK-0254;Paleta verde;privacidade;limite operacional;PARCIAL;src/app/globals.css;Matriz automatizada de cobertura. CONFIRMADO_ESTATICO não equivale a teste manual nem a aceitação em hardware real.
DUCK-0255;Paleta verde;privacidade;aceitação de entrega;REVISAO_HUMANA;src/app/globals.css;Matriz automatizada de cobertura. CONFIRMADO_ESTATICO não equivale a teste manual nem a aceitação em hardware real.
DUCK-0256;Paleta verde;desempenho;inspeção estática;CONFIRMADO_ESTATICO;src/app/globals.css;Matriz automatizada de cobertura. CONFIRMADO_ESTATICO não equivale a teste manual nem a aceitação em hardware real.
DUCK-0257;Paleta verde;desempenho;prova estrutural;CONFIRMADO_ESTATICO;src/app/globals.css;Matriz automatizada de cobertura. CONFIRMADO_ESTATICO não equivale a teste manual nem a aceitação em hardware real.
DUCK-0258;Paleta verde;desempenho;evidência disponível;CONFIRMADO_ESTATICO;src/app/globals.css;Matriz automatizada de cobertura. CONFIRMADO_ESTATICO não equivale a teste manual nem a aceitação em hardware real.
DUCK-0259;Paleta verde;desempenho;limite operacional;PARCIAL;src/app/globals.css;Matriz automatizada de cobertura. CONFIRMADO_ESTATICO não equivale a teste manual nem a aceitação em hardware real.
DUCK-0260;Paleta verde;desempenho;aceitação de entrega;REVISAO_HUMANA;src/app/globals.css;Matriz automatizada de cobertura. CONFIRMADO_ESTATICO não equivale a teste manual nem a aceitação em hardware real.
DUCK-0261;Paleta verde;manutenibilidade;inspeção estática;CONFIRMADO_ESTATICO;src/app/globals.css;Matriz automatizada de cobertura. CONFIRMADO_ESTATICO não equivale a teste manual nem a aceitação em hardware real.
DUCK-0262;Paleta verde;manutenibilidade;prova estrutural;CONFIRMADO_ESTATICO;src/app/globals.css;Matriz automatizada de cobertura. CONFIRMADO_ESTATICO não equivale a teste manual nem a aceitação em hardware real.
DUCK-0263;Paleta verde;manutenibilidade;evidência disponível;CONFIRMADO_ESTATICO;src/app/globals.css;Matriz automatizada de cobertura. CONFIRMADO_ESTATICO não equivale a teste manual nem a aceitação em hardware real.
DUCK-0264;Paleta verde;manutenibilidade;limite operacional;PARCIAL;src/app/globals.css;Matriz automatizada de cobertura. CONFIRMADO_ESTATICO não equivale a teste manual nem a aceitação em hardware real.
DUCK-0265;Paleta verde;manutenibilidade;aceitação de entrega;REVISAO_HUMANA;src/app/globals.css;Matriz automatizada de cobertura. CONFIRMADO_ESTATICO não equivale a teste manual nem a aceitação em hardware real.
DUCK-0266;Paleta verde;tipagem;inspeção estática;CONFIRMADO_ESTATICO;src/app/globals.css;Matriz automatizada de cobertura. CONFIRMADO_ESTATICO não equivale a teste manual nem a aceitação em hardware real.
DUCK-0267;Paleta verde;tipagem;prova estrutural;CONFIRMADO_ESTATICO;src/app/globals.css;Matriz automatizada de cobertura. CONFIRMADO_ESTATICO não equivale a teste manual nem a aceitação em hardware real.
DUCK-0268;Paleta verde;tipagem;evidência disponível;CONFIRMADO_ESTATICO;src/app/globals.css;Matriz automatizada de cobertura. CONFIRMADO_ESTATICO não equivale a teste manual nem a aceitação em hardware real.
DUCK-0269;Paleta verde;tipagem;limite operacional;PARCIAL;src/app/globals.css;Matriz automatizada de cobertura. CONFIRMADO_ESTATICO não equivale a teste manual nem a aceitação em hardware real.
DUCK-0270;Paleta verde;tipagem;aceitação de entrega;REVISAO_HUMANA;src/app/globals.css;Matriz automatizada de cobertura. CONFIRMADO_ESTATICO não equivale a teste manual nem a aceitação em hardware real.
DUCK-0271;Paleta verde;rastreabilidade;inspeção estática;CONFIRMADO_ESTATICO;src/app/globals.css;Matriz automatizada de cobertura. CONFIRMADO_ESTATICO não equivale a teste manual nem a aceitação em hardware real.
DUCK-0272;Paleta verde;rastreabilidade;prova estrutural;CONFIRMADO_ESTATICO;src/app/globals.css;Matriz automatizada de cobertura. CONFIRMADO_ESTATICO não equivale a teste manual nem a aceitação em hardware real.
DUCK-0273;Paleta verde;rastreabilidade;evidência disponível;CONFIRMADO_ESTATICO;src/app/globals.css;Matriz automatizada de cobertura. CONFIRMADO_ESTATICO não equivale a teste manual nem a aceitação em hardware real.
DUCK-0274;Paleta verde;rastreabilidade;limite operacional;PARCIAL;src/app/globals.css;Matriz automatizada de cobertura. CONFIRMADO_ESTATICO não equivale a teste manual nem a aceitação em hardware real.
DUCK-0275;Paleta verde;rastreabilidade;aceitação de entrega;REVISAO_HUMANA;src/app/globals.css;Matriz automatizada de cobertura. CONFIRMADO_ESTATICO não equivale a teste manual nem a aceitação em hardware real.
DUCK-0276;Paleta verde;evidência visual;inspeção estática;CONFIRMADO_ESTATICO;src/app/globals.css;Matriz automatizada de cobertura. CONFIRMADO_ESTATICO não equivale a teste manual nem a aceitação em hardware real.
DUCK-0277;Paleta verde;evidência visual;prova estrutural;CONFIRMADO_ESTATICO;src/app/globals.css;Matriz automatizada de cobertura. CONFIRMADO_ESTATICO não equivale a teste manual nem a aceitação em hardware real.
DUCK-0278;Paleta verde;evidência visual;evidência disponível;CONFIRMADO_ESTATICO;src/app/globals.css;Matriz automatizada de cobertura. CONFIRMADO_ESTATICO não equivale a teste manual nem a aceitação em hardware real.
DUCK-0279;Paleta verde;evidência visual;limite operacional;PARCIAL;src/app/globals.css;Matriz automatizada de cobertura. CONFIRMADO_ESTATICO não equivale a teste manual nem a aceitação em hardware real.
DUCK-0280;Paleta verde;evidência visual;aceitação de entrega;REVISAO_HUMANA;src/app/globals.css;Matriz automatizada de cobertura. CONFIRMADO_ESTATICO não equivale a teste manual nem a aceitação em hardware real.
DUCK-0281;Paleta verde;documentação;inspeção estática;CONFIRMADO_ESTATICO;src/app/globals.css;Matriz automatizada de cobertura. CONFIRMADO_ESTATICO não equivale a teste manual nem a aceitação em hardware real.
DUCK-0282;Paleta verde;documentação;prova estrutural;CONFIRMADO_ESTATICO;src/app/globals.css;Matriz automatizada de cobertura. CONFIRMADO_ESTATICO não equivale a teste manual nem a aceitação em hardware real.
DUCK-0283;Paleta verde;documentação;evidência disponível;CONFIRMADO_ESTATICO;src/app/globals.css;Matriz automatizada de cobertura. CONFIRMADO_ESTATICO não equivale a teste manual nem a aceitação em hardware real.
DUCK-0284;Paleta verde;documentação;limite operacional;PARCIAL;src/app/globals.css;Matriz automatizada de cobertura. CONFIRMADO_ESTATICO não equivale a teste manual nem a aceitação em hardware real.
DUCK-0285;Paleta verde;documentação;aceitação de entrega;REVISAO_HUMANA;src/app/globals.css;Matriz automatizada de cobertura. CONFIRMADO_ESTATICO não equivale a teste manual nem a aceitação em hardware real.
DUCK-0286;Paleta verde;recuperação;inspeção estática;CONFIRMADO_ESTATICO;src/app/globals.css;Matriz automatizada de cobertura. CONFIRMADO_ESTATICO não equivale a teste manual nem a aceitação em hardware real.
DUCK-0287;Paleta verde;recuperação;prova estrutural;CONFIRMADO_ESTATICO;src/app/globals.css;Matriz automatizada de cobertura. CONFIRMADO_ESTATICO não equivale a teste manual nem a aceitação em hardware real.
DUCK-0288;Paleta verde;recuperação;evidência disponível;CONFIRMADO_ESTATICO;src/app/globals.css;Matriz automatizada de cobertura. CONFIRMADO_ESTATICO não equivale a teste manual nem a aceitação em hardware real.
DUCK-0289;Paleta verde;recuperação;limite operacional;PARCIAL;src/app/globals.css;Matriz automatizada de cobertura. CONFIRMADO_ESTATICO não equivale a teste manual nem a aceitação em hardware real.
DUCK-0290;Paleta verde;recuperação;aceitação de entrega;REVISAO_HUMANA;src/app/globals.css;Matriz automatizada de cobertura. CONFIRMADO_ESTATICO não equivale a teste manual nem a aceitação em hardware real.
DUCK-0291;Paleta verde;exportação;inspeção estática;CONFIRMADO_ESTATICO;src/app/globals.css;Matriz automatizada de cobertura. CONFIRMADO_ESTATICO não equivale a teste manual nem a aceitação em hardware real.
DUCK-0292;Paleta verde;exportação;prova estrutural;CONFIRMADO_ESTATICO;src/app/globals.css;Matriz automatizada de cobertura. CONFIRMADO_ESTATICO não equivale a teste manual nem a aceitação em hardware real.
DUCK-0293;Paleta verde;exportação;evidência disponível;CONFIRMADO_ESTATICO;src/app/globals.css;Matriz automatizada de cobertura. CONFIRMADO_ESTATICO não equivale a teste manual nem a aceitação em hardware real.
DUCK-0294;Paleta verde;exportação;limite operacional;PARCIAL;src/app/globals.css;Matriz automatizada de cobertura. CONFIRMADO_ESTATICO não equivale a teste manual nem a aceitação em hardware real.
DUCK-0295;Paleta verde;exportação;aceitação de entrega;REVISAO_HUMANA;src/app/globals.css;Matriz automatizada de cobertura. CONFIRMADO_ESTATICO não equivale a teste manual nem a aceitação em hardware real.
DUCK-0296;Paleta verde;entrega;inspeção estática;CONFIRMADO_ESTATICO;src/app/globals.css;Matriz automatizada de cobertura. CONFIRMADO_ESTATICO não equivale a teste manual nem a aceitação em hardware real.
DUCK-0297;Paleta verde;entrega;prova estrutural;CONFIRMADO_ESTATICO;src/app/globals.css;Matriz automatizada de cobertura. CONFIRMADO_ESTATICO não equivale a teste manual nem a aceitação em hardware real.
DUCK-0298;Paleta verde;entrega;evidência disponível;CONFIRMADO_ESTATICO;src/app/globals.css;Matriz automatizada de cobertura. CONFIRMADO_ESTATICO não equivale a teste manual nem a aceitação em hardware real.
DUCK-0299;Paleta verde;entrega;limite operacional;PARCIAL;src/app/globals.css;Matriz automatizada de cobertura. CONFIRMADO_ESTATICO não equivale a teste manual nem a aceitação em hardware real.
DUCK-0300;Paleta verde;entrega;aceitação de entrega;REVISAO_HUMANA;src/app/globals.css;Matriz automatizada de cobertura. CONFIRMADO_ESTATICO não equivale a teste manual nem a aceitação em hardware real.
DUCK-0301;Layout desktop;presença funcional;inspeção estática;CONFIRMADO_ESTATICO;evidence/dashboard-overview.png;Matriz automatizada de cobertura. CONFIRMADO_ESTATICO não equivale a teste manual nem a aceitação em hardware real.
DUCK-0302;Layout desktop;presença funcional;prova estrutural;CONFIRMADO_ESTATICO;evidence/dashboard-overview.png;Matriz automatizada de cobertura. CONFIRMADO_ESTATICO não equivale a teste manual nem a aceitação em hardware real.
DUCK-0303;Layout desktop;presença funcional;evidência disponível;CONFIRMADO_ESTATICO;evidence/dashboard-overview.png;Matriz automatizada de cobertura. CONFIRMADO_ESTATICO não equivale a teste manual nem a aceitação em hardware real.
DUCK-0304;Layout desktop;presença funcional;limite operacional;PARCIAL;evidence/dashboard-overview.png;Matriz automatizada de cobertura. CONFIRMADO_ESTATICO não equivale a teste manual nem a aceitação em hardware real.
DUCK-0305;Layout desktop;presença funcional;aceitação de entrega;REVISAO_HUMANA;evidence/dashboard-overview.png;Matriz automatizada de cobertura. CONFIRMADO_ESTATICO não equivale a teste manual nem a aceitação em hardware real.
DUCK-0306;Layout desktop;consistência de estados;inspeção estática;CONFIRMADO_ESTATICO;evidence/dashboard-overview.png;Matriz automatizada de cobertura. CONFIRMADO_ESTATICO não equivale a teste manual nem a aceitação em hardware real.
DUCK-0307;Layout desktop;consistência de estados;prova estrutural;CONFIRMADO_ESTATICO;evidence/dashboard-overview.png;Matriz automatizada de cobertura. CONFIRMADO_ESTATICO não equivale a teste manual nem a aceitação em hardware real.
DUCK-0308;Layout desktop;consistência de estados;evidência disponível;CONFIRMADO_ESTATICO;evidence/dashboard-overview.png;Matriz automatizada de cobertura. CONFIRMADO_ESTATICO não equivale a teste manual nem a aceitação em hardware real.
DUCK-0309;Layout desktop;consistência de estados;limite operacional;PARCIAL;evidence/dashboard-overview.png;Matriz automatizada de cobertura. CONFIRMADO_ESTATICO não equivale a teste manual nem a aceitação em hardware real.
DUCK-0310;Layout desktop;consistência de estados;aceitação de entrega;REVISAO_HUMANA;evidence/dashboard-overview.png;Matriz automatizada de cobertura. CONFIRMADO_ESTATICO não equivale a teste manual nem a aceitação em hardware real.
DUCK-0311;Layout desktop;clareza de feedback;inspeção estática;CONFIRMADO_ESTATICO;evidence/dashboard-overview.png;Matriz automatizada de cobertura. CONFIRMADO_ESTATICO não equivale a teste manual nem a aceitação em hardware real.
DUCK-0312;Layout desktop;clareza de feedback;prova estrutural;CONFIRMADO_ESTATICO;evidence/dashboard-overview.png;Matriz automatizada de cobertura. CONFIRMADO_ESTATICO não equivale a teste manual nem a aceitação em hardware real.
DUCK-0313;Layout desktop;clareza de feedback;evidência disponível;CONFIRMADO_ESTATICO;evidence/dashboard-overview.png;Matriz automatizada de cobertura. CONFIRMADO_ESTATICO não equivale a teste manual nem a aceitação em hardware real.
DUCK-0314;Layout desktop;clareza de feedback;limite operacional;PARCIAL;evidence/dashboard-overview.png;Matriz automatizada de cobertura. CONFIRMADO_ESTATICO não equivale a teste manual nem a aceitação em hardware real.
DUCK-0315;Layout desktop;clareza de feedback;aceitação de entrega;REVISAO_HUMANA;evidence/dashboard-overview.png;Matriz automatizada de cobertura. CONFIRMADO_ESTATICO não equivale a teste manual nem a aceitação em hardware real.
DUCK-0316;Layout desktop;tratamento de erro;inspeção estática;CONFIRMADO_ESTATICO;evidence/dashboard-overview.png;Matriz automatizada de cobertura. CONFIRMADO_ESTATICO não equivale a teste manual nem a aceitação em hardware real.
DUCK-0317;Layout desktop;tratamento de erro;prova estrutural;CONFIRMADO_ESTATICO;evidence/dashboard-overview.png;Matriz automatizada de cobertura. CONFIRMADO_ESTATICO não equivale a teste manual nem a aceitação em hardware real.
DUCK-0318;Layout desktop;tratamento de erro;evidência disponível;CONFIRMADO_ESTATICO;evidence/dashboard-overview.png;Matriz automatizada de cobertura. CONFIRMADO_ESTATICO não equivale a teste manual nem a aceitação em hardware real.
DUCK-0319;Layout desktop;tratamento de erro;limite operacional;PARCIAL;evidence/dashboard-overview.png;Matriz automatizada de cobertura. CONFIRMADO_ESTATICO não equivale a teste manual nem a aceitação em hardware real.
DUCK-0320;Layout desktop;tratamento de erro;aceitação de entrega;REVISAO_HUMANA;evidence/dashboard-overview.png;Matriz automatizada de cobertura. CONFIRMADO_ESTATICO não equivale a teste manual nem a aceitação em hardware real.
DUCK-0321;Layout desktop;navegação por teclado;inspeção estática;CONFIRMADO_ESTATICO;evidence/dashboard-overview.png;Matriz automatizada de cobertura. CONFIRMADO_ESTATICO não equivale a teste manual nem a aceitação em hardware real.
DUCK-0322;Layout desktop;navegação por teclado;prova estrutural;CONFIRMADO_ESTATICO;evidence/dashboard-overview.png;Matriz automatizada de cobertura. CONFIRMADO_ESTATICO não equivale a teste manual nem a aceitação em hardware real.
DUCK-0323;Layout desktop;navegação por teclado;evidência disponível;CONFIRMADO_ESTATICO;evidence/dashboard-overview.png;Matriz automatizada de cobertura. CONFIRMADO_ESTATICO não equivale a teste manual nem a aceitação em hardware real.
DUCK-0324;Layout desktop;navegação por teclado;limite operacional;PARCIAL;evidence/dashboard-overview.png;Matriz automatizada de cobertura. CONFIRMADO_ESTATICO não equivale a teste manual nem a aceitação em hardware real.
DUCK-0325;Layout desktop;navegação por teclado;aceitação de entrega;REVISAO_HUMANA;evidence/dashboard-overview.png;Matriz automatizada de cobertura. CONFIRMADO_ESTATICO não equivale a teste manual nem a aceitação em hardware real.
DUCK-0326;Layout desktop;legibilidade;inspeção estática;CONFIRMADO_ESTATICO;evidence/dashboard-overview.png;Matriz automatizada de cobertura. CONFIRMADO_ESTATICO não equivale a teste manual nem a aceitação em hardware real.
DUCK-0327;Layout desktop;legibilidade;prova estrutural;CONFIRMADO_ESTATICO;evidence/dashboard-overview.png;Matriz automatizada de cobertura. CONFIRMADO_ESTATICO não equivale a teste manual nem a aceitação em hardware real.
DUCK-0328;Layout desktop;legibilidade;evidência disponível;CONFIRMADO_ESTATICO;evidence/dashboard-overview.png;Matriz automatizada de cobertura. CONFIRMADO_ESTATICO não equivale a teste manual nem a aceitação em hardware real.
DUCK-0329;Layout desktop;legibilidade;limite operacional;PARCIAL;evidence/dashboard-overview.png;Matriz automatizada de cobertura. CONFIRMADO_ESTATICO não equivale a teste manual nem a aceitação em hardware real.
DUCK-0330;Layout desktop;legibilidade;aceitação de entrega;REVISAO_HUMANA;evidence/dashboard-overview.png;Matriz automatizada de cobertura. CONFIRMADO_ESTATICO não equivale a teste manual nem a aceitação em hardware real.
DUCK-0331;Layout desktop;contraste;inspeção estática;CONFIRMADO_ESTATICO;evidence/dashboard-overview.png;Matriz automatizada de cobertura. CONFIRMADO_ESTATICO não equivale a teste manual nem a aceitação em hardware real.
DUCK-0332;Layout desktop;contraste;prova estrutural;CONFIRMADO_ESTATICO;evidence/dashboard-overview.png;Matriz automatizada de cobertura. CONFIRMADO_ESTATICO não equivale a teste manual nem a aceitação em hardware real.
DUCK-0333;Layout desktop;contraste;evidência disponível;CONFIRMADO_ESTATICO;evidence/dashboard-overview.png;Matriz automatizada de cobertura. CONFIRMADO_ESTATICO não equivale a teste manual nem a aceitação em hardware real.
DUCK-0334;Layout desktop;contraste;limite operacional;PARCIAL;evidence/dashboard-overview.png;Matriz automatizada de cobertura. CONFIRMADO_ESTATICO não equivale a teste manual nem a aceitação em hardware real.
DUCK-0335;Layout desktop;contraste;aceitação de entrega;REVISAO_HUMANA;evidence/dashboard-overview.png;Matriz automatizada de cobertura. CONFIRMADO_ESTATICO não equivale a teste manual nem a aceitação em hardware real.
DUCK-0336;Layout desktop;responsividade;inspeção estática;CONFIRMADO_ESTATICO;evidence/dashboard-overview.png;Matriz automatizada de cobertura. CONFIRMADO_ESTATICO não equivale a teste manual nem a aceitação em hardware real.
DUCK-0337;Layout desktop;responsividade;prova estrutural;CONFIRMADO_ESTATICO;evidence/dashboard-overview.png;Matriz automatizada de cobertura. CONFIRMADO_ESTATICO não equivale a teste manual nem a aceitação em hardware real.
DUCK-0338;Layout desktop;responsividade;evidência disponível;CONFIRMADO_ESTATICO;evidence/dashboard-overview.png;Matriz automatizada de cobertura. CONFIRMADO_ESTATICO não equivale a teste manual nem a aceitação em hardware real.
DUCK-0339;Layout desktop;responsividade;limite operacional;PARCIAL;evidence/dashboard-overview.png;Matriz automatizada de cobertura. CONFIRMADO_ESTATICO não equivale a teste manual nem a aceitação em hardware real.
DUCK-0340;Layout desktop;responsividade;aceitação de entrega;REVISAO_HUMANA;evidence/dashboard-overview.png;Matriz automatizada de cobertura. CONFIRMADO_ESTATICO não equivale a teste manual nem a aceitação em hardware real.
DUCK-0341;Layout desktop;persistência;inspeção estática;CONFIRMADO_ESTATICO;evidence/dashboard-overview.png;Matriz automatizada de cobertura. CONFIRMADO_ESTATICO não equivale a teste manual nem a aceitação em hardware real.
DUCK-0342;Layout desktop;persistência;prova estrutural;CONFIRMADO_ESTATICO;evidence/dashboard-overview.png;Matriz automatizada de cobertura. CONFIRMADO_ESTATICO não equivale a teste manual nem a aceitação em hardware real.
DUCK-0343;Layout desktop;persistência;evidência disponível;CONFIRMADO_ESTATICO;evidence/dashboard-overview.png;Matriz automatizada de cobertura. CONFIRMADO_ESTATICO não equivale a teste manual nem a aceitação em hardware real.
DUCK-0344;Layout desktop;persistência;limite operacional;PARCIAL;evidence/dashboard-overview.png;Matriz automatizada de cobertura. CONFIRMADO_ESTATICO não equivale a teste manual nem a aceitação em hardware real.
DUCK-0345;Layout desktop;persistência;aceitação de entrega;REVISAO_HUMANA;evidence/dashboard-overview.png;Matriz automatizada de cobertura. CONFIRMADO_ESTATICO não equivale a teste manual nem a aceitação em hardware real.
DUCK-0346;Layout desktop;segurança de entrada;inspeção estática;CONFIRMADO_ESTATICO;evidence/dashboard-overview.png;Matriz automatizada de cobertura. CONFIRMADO_ESTATICO não equivale a teste manual nem a aceitação em hardware real.
DUCK-0347;Layout desktop;segurança de entrada;prova estrutural;CONFIRMADO_ESTATICO;evidence/dashboard-overview.png;Matriz automatizada de cobertura. CONFIRMADO_ESTATICO não equivale a teste manual nem a aceitação em hardware real.
DUCK-0348;Layout desktop;segurança de entrada;evidência disponível;CONFIRMADO_ESTATICO;evidence/dashboard-overview.png;Matriz automatizada de cobertura. CONFIRMADO_ESTATICO não equivale a teste manual nem a aceitação em hardware real.
DUCK-0349;Layout desktop;segurança de entrada;limite operacional;PARCIAL;evidence/dashboard-overview.png;Matriz automatizada de cobertura. CONFIRMADO_ESTATICO não equivale a teste manual nem a aceitação em hardware real.
DUCK-0350;Layout desktop;segurança de entrada;aceitação de entrega;REVISAO_HUMANA;evidence/dashboard-overview.png;Matriz automatizada de cobertura. CONFIRMADO_ESTATICO não equivale a teste manual nem a aceitação em hardware real.
DUCK-0351;Layout desktop;privacidade;inspeção estática;CONFIRMADO_ESTATICO;evidence/dashboard-overview.png;Matriz automatizada de cobertura. CONFIRMADO_ESTATICO não equivale a teste manual nem a aceitação em hardware real.
DUCK-0352;Layout desktop;privacidade;prova estrutural;CONFIRMADO_ESTATICO;evidence/dashboard-overview.png;Matriz automatizada de cobertura. CONFIRMADO_ESTATICO não equivale a teste manual nem a aceitação em hardware real.
DUCK-0353;Layout desktop;privacidade;evidência disponível;CONFIRMADO_ESTATICO;evidence/dashboard-overview.png;Matriz automatizada de cobertura. CONFIRMADO_ESTATICO não equivale a teste manual nem a aceitação em hardware real.
DUCK-0354;Layout desktop;privacidade;limite operacional;PARCIAL;evidence/dashboard-overview.png;Matriz automatizada de cobertura. CONFIRMADO_ESTATICO não equivale a teste manual nem a aceitação em hardware real.
DUCK-0355;Layout desktop;privacidade;aceitação de entrega;REVISAO_HUMANA;evidence/dashboard-overview.png;Matriz automatizada de cobertura. CONFIRMADO_ESTATICO não equivale a teste manual nem a aceitação em hardware real.
DUCK-0356;Layout desktop;desempenho;inspeção estática;CONFIRMADO_ESTATICO;evidence/dashboard-overview.png;Matriz automatizada de cobertura. CONFIRMADO_ESTATICO não equivale a teste manual nem a aceitação em hardware real.
DUCK-0357;Layout desktop;desempenho;prova estrutural;CONFIRMADO_ESTATICO;evidence/dashboard-overview.png;Matriz automatizada de cobertura. CONFIRMADO_ESTATICO não equivale a teste manual nem a aceitação em hardware real.
DUCK-0358;Layout desktop;desempenho;evidência disponível;CONFIRMADO_ESTATICO;evidence/dashboard-overview.png;Matriz automatizada de cobertura. CONFIRMADO_ESTATICO não equivale a teste manual nem a aceitação em hardware real.
DUCK-0359;Layout desktop;desempenho;limite operacional;PARCIAL;evidence/dashboard-overview.png;Matriz automatizada de cobertura. CONFIRMADO_ESTATICO não equivale a teste manual nem a aceitação em hardware real.
DUCK-0360;Layout desktop;desempenho;aceitação de entrega;REVISAO_HUMANA;evidence/dashboard-overview.png;Matriz automatizada de cobertura. CONFIRMADO_ESTATICO não equivale a teste manual nem a aceitação em hardware real.
DUCK-0361;Layout desktop;manutenibilidade;inspeção estática;CONFIRMADO_ESTATICO;evidence/dashboard-overview.png;Matriz automatizada de cobertura. CONFIRMADO_ESTATICO não equivale a teste manual nem a aceitação em hardware real.
DUCK-0362;Layout desktop;manutenibilidade;prova estrutural;CONFIRMADO_ESTATICO;evidence/dashboard-overview.png;Matriz automatizada de cobertura. CONFIRMADO_ESTATICO não equivale a teste manual nem a aceitação em hardware real.
DUCK-0363;Layout desktop;manutenibilidade;evidência disponível;CONFIRMADO_ESTATICO;evidence/dashboard-overview.png;Matriz automatizada de cobertura. CONFIRMADO_ESTATICO não equivale a teste manual nem a aceitação em hardware real.
DUCK-0364;Layout desktop;manutenibilidade;limite operacional;PARCIAL;evidence/dashboard-overview.png;Matriz automatizada de cobertura. CONFIRMADO_ESTATICO não equivale a teste manual nem a aceitação em hardware real.
DUCK-0365;Layout desktop;manutenibilidade;aceitação de entrega;REVISAO_HUMANA;evidence/dashboard-overview.png;Matriz automatizada de cobertura. CONFIRMADO_ESTATICO não equivale a teste manual nem a aceitação em hardware real.
DUCK-0366;Layout desktop;tipagem;inspeção estática;CONFIRMADO_ESTATICO;evidence/dashboard-overview.png;Matriz automatizada de cobertura. CONFIRMADO_ESTATICO não equivale a teste manual nem a aceitação em hardware real.
DUCK-0367;Layout desktop;tipagem;prova estrutural;CONFIRMADO_ESTATICO;evidence/dashboard-overview.png;Matriz automatizada de cobertura. CONFIRMADO_ESTATICO não equivale a teste manual nem a aceitação em hardware real.
DUCK-0368;Layout desktop;tipagem;evidência disponível;CONFIRMADO_ESTATICO;evidence/dashboard-overview.png;Matriz automatizada de cobertura. CONFIRMADO_ESTATICO não equivale a teste manual nem a aceitação em hardware real.
DUCK-0369;Layout desktop;tipagem;limite operacional;PARCIAL;evidence/dashboard-overview.png;Matriz automatizada de cobertura. CONFIRMADO_ESTATICO não equivale a teste manual nem a aceitação em hardware real.
DUCK-0370;Layout desktop;tipagem;aceitação de entrega;REVISAO_HUMANA;evidence/dashboard-overview.png;Matriz automatizada de cobertura. CONFIRMADO_ESTATICO não equivale a teste manual nem a aceitação em hardware real.
DUCK-0371;Layout desktop;rastreabilidade;inspeção estática;CONFIRMADO_ESTATICO;evidence/dashboard-overview.png;Matriz automatizada de cobertura. CONFIRMADO_ESTATICO não equivale a teste manual nem a aceitação em hardware real.
DUCK-0372;Layout desktop;rastreabilidade;prova estrutural;CONFIRMADO_ESTATICO;evidence/dashboard-overview.png;Matriz automatizada de cobertura. CONFIRMADO_ESTATICO não equivale a teste manual nem a aceitação em hardware real.
DUCK-0373;Layout desktop;rastreabilidade;evidência disponível;CONFIRMADO_ESTATICO;evidence/dashboard-overview.png;Matriz automatizada de cobertura. CONFIRMADO_ESTATICO não equivale a teste manual nem a aceitação em hardware real.
DUCK-0374;Layout desktop;rastreabilidade;limite operacional;PARCIAL;evidence/dashboard-overview.png;Matriz automatizada de cobertura. CONFIRMADO_ESTATICO não equivale a teste manual nem a aceitação em hardware real.
DUCK-0375;Layout desktop;rastreabilidade;aceitação de entrega;REVISAO_HUMANA;evidence/dashboard-overview.png;Matriz automatizada de cobertura. CONFIRMADO_ESTATICO não equivale a teste manual nem a aceitação em hardware real.
DUCK-0376;Layout desktop;evidência visual;inspeção estática;CONFIRMADO_ESTATICO;evidence/dashboard-overview.png;Matriz automatizada de cobertura. CONFIRMADO_ESTATICO não equivale a teste manual nem a aceitação em hardware real.
DUCK-0377;Layout desktop;evidência visual;prova estrutural;CONFIRMADO_ESTATICO;evidence/dashboard-overview.png;Matriz automatizada de cobertura. CONFIRMADO_ESTATICO não equivale a teste manual nem a aceitação em hardware real.
DUCK-0378;Layout desktop;evidência visual;evidência disponível;CONFIRMADO_ESTATICO;evidence/dashboard-overview.png;Matriz automatizada de cobertura. CONFIRMADO_ESTATICO não equivale a teste manual nem a aceitação em hardware real.
DUCK-0379;Layout desktop;evidência visual;limite operacional;PARCIAL;evidence/dashboard-overview.png;Matriz automatizada de cobertura. CONFIRMADO_ESTATICO não equivale a teste manual nem a aceitação em hardware real.
DUCK-0380;Layout desktop;evidência visual;aceitação de entrega;REVISAO_HUMANA;evidence/dashboard-overview.png;Matriz automatizada de cobertura. CONFIRMADO_ESTATICO não equivale a teste manual nem a aceitação em hardware real.
DUCK-0381;Layout desktop;documentação;inspeção estática;CONFIRMADO_ESTATICO;evidence/dashboard-overview.png;Matriz automatizada de cobertura. CONFIRMADO_ESTATICO não equivale a teste manual nem a aceitação em hardware real.
DUCK-0382;Layout desktop;documentação;prova estrutural;CONFIRMADO_ESTATICO;evidence/dashboard-overview.png;Matriz automatizada de cobertura. CONFIRMADO_ESTATICO não equivale a teste manual nem a aceitação em hardware real.
DUCK-0383;Layout desktop;documentação;evidência disponível;CONFIRMADO_ESTATICO;evidence/dashboard-overview.png;Matriz automatizada de cobertura. CONFIRMADO_ESTATICO não equivale a teste manual nem a aceitação em hardware real.
DUCK-0384;Layout desktop;documentação;limite operacional;PARCIAL;evidence/dashboard-overview.png;Matriz automatizada de cobertura. CONFIRMADO_ESTATICO não equivale a teste manual nem a aceitação em hardware real.
DUCK-0385;Layout desktop;documentação;aceitação de entrega;REVISAO_HUMANA;evidence/dashboard-overview.png;Matriz automatizada de cobertura. CONFIRMADO_ESTATICO não equivale a teste manual nem a aceitação em hardware real.
DUCK-0386;Layout desktop;recuperação;inspeção estática;CONFIRMADO_ESTATICO;evidence/dashboard-overview.png;Matriz automatizada de cobertura. CONFIRMADO_ESTATICO não equivale a teste manual nem a aceitação em hardware real.
DUCK-0387;Layout desktop;recuperação;prova estrutural;CONFIRMADO_ESTATICO;evidence/dashboard-overview.png;Matriz automatizada de cobertura. CONFIRMADO_ESTATICO não equivale a teste manual nem a aceitação em hardware real.
DUCK-0388;Layout desktop;recuperação;evidência disponível;CONFIRMADO_ESTATICO;evidence/dashboard-overview.png;Matriz automatizada de cobertura. CONFIRMADO_ESTATICO não equivale a teste manual nem a aceitação em hardware real.
DUCK-0389;Layout desktop;recuperação;limite operacional;PARCIAL;evidence/dashboard-overview.png;Matriz automatizada de cobertura. CONFIRMADO_ESTATICO não equivale a teste manual nem a aceitação em hardware real.
DUCK-0390;Layout desktop;recuperação;aceitação de entrega;REVISAO_HUMANA;evidence/dashboard-overview.png;Matriz automatizada de cobertura. CONFIRMADO_ESTATICO não equivale a teste manual nem a aceitação em hardware real.
DUCK-0391;Layout desktop;exportação;inspeção estática;CONFIRMADO_ESTATICO;evidence/dashboard-overview.png;Matriz automatizada de cobertura. CONFIRMADO_ESTATICO não equivale a teste manual nem a aceitação em hardware real.
DUCK-0392;Layout desktop;exportação;prova estrutural;CONFIRMADO_ESTATICO;evidence/dashboard-overview.png;Matriz automatizada de cobertura. CONFIRMADO_ESTATICO não equivale a teste manual nem a aceitação em hardware real.
DUCK-0393;Layout desktop;exportação;evidência disponível;CONFIRMADO_ESTATICO;evidence/dashboard-overview.png;Matriz automatizada de cobertura. CONFIRMADO_ESTATICO não equivale a teste manual nem a aceitação em hardware real.
DUCK-0394;Layout desktop;exportação;limite operacional;PARCIAL;evidence/dashboard-overview.png;Matriz automatizada de cobertura. CONFIRMADO_ESTATICO não equivale a teste manual nem a aceitação em hardware real.
DUCK-0395;Layout desktop;exportação;aceitação de entrega;REVISAO_HUMANA;evidence/dashboard-overview.png;Matriz automatizada de cobertura. CONFIRMADO_ESTATICO não equivale a teste manual nem a aceitação em hardware real.
DUCK-0396;Layout desktop;entrega;inspeção estática;CONFIRMADO_ESTATICO;evidence/dashboard-overview.png;Matriz automatizada de cobertura. CONFIRMADO_ESTATICO não equivale a teste manual nem a aceitação em hardware real.
DUCK-0397;Layout desktop;entrega;prova estrutural;CONFIRMADO_ESTATICO;evidence/dashboard-overview.png;Matriz automatizada de cobertura. CONFIRMADO_ESTATICO não equivale a teste manual nem a aceitação em hardware real.
DUCK-0398;Layout desktop;entrega;evidência disponível;CONFIRMADO_ESTATICO;evidence/dashboard-overview.png;Matriz automatizada de cobertura. CONFIRMADO_ESTATICO não equivale a teste manual nem a aceitação em hardware real.
DUCK-0399;Layout desktop;entrega;limite operacional;PARCIAL;evidence/dashboard-overview.png;Matriz automatizada de cobertura. CONFIRMADO_ESTATICO não equivale a teste manual nem a aceitação em hardware real.
DUCK-0400;Layout desktop;entrega;aceitação de entrega;REVISAO_HUMANA;evidence/dashboard-overview.png;Matriz automatizada de cobertura. CONFIRMADO_ESTATICO não equivale a teste manual nem a aceitação em hardware real.
DUCK-0401;Layout mobile;presença funcional;inspeção estática;CONFIRMADO_ESTATICO;src/components/studio/studio-shell.tsx;Matriz automatizada de cobertura. CONFIRMADO_ESTATICO não equivale a teste manual nem a aceitação em hardware real.
DUCK-0402;Layout mobile;presença funcional;prova estrutural;CONFIRMADO_ESTATICO;src/components/studio/studio-shell.tsx;Matriz automatizada de cobertura. CONFIRMADO_ESTATICO não equivale a teste manual nem a aceitação em hardware real.
DUCK-0403;Layout mobile;presença funcional;evidência disponível;CONFIRMADO_ESTATICO;src/components/studio/studio-shell.tsx;Matriz automatizada de cobertura. CONFIRMADO_ESTATICO não equivale a teste manual nem a aceitação em hardware real.
DUCK-0404;Layout mobile;presença funcional;limite operacional;PARCIAL;src/components/studio/studio-shell.tsx;Matriz automatizada de cobertura. CONFIRMADO_ESTATICO não equivale a teste manual nem a aceitação em hardware real.
DUCK-0405;Layout mobile;presença funcional;aceitação de entrega;REVISAO_HUMANA;src/components/studio/studio-shell.tsx;Matriz automatizada de cobertura. CONFIRMADO_ESTATICO não equivale a teste manual nem a aceitação em hardware real.
DUCK-0406;Layout mobile;consistência de estados;inspeção estática;CONFIRMADO_ESTATICO;src/components/studio/studio-shell.tsx;Matriz automatizada de cobertura. CONFIRMADO_ESTATICO não equivale a teste manual nem a aceitação em hardware real.
DUCK-0407;Layout mobile;consistência de estados;prova estrutural;CONFIRMADO_ESTATICO;src/components/studio/studio-shell.tsx;Matriz automatizada de cobertura. CONFIRMADO_ESTATICO não equivale a teste manual nem a aceitação em hardware real.
DUCK-0408;Layout mobile;consistência de estados;evidência disponível;CONFIRMADO_ESTATICO;src/components/studio/studio-shell.tsx;Matriz automatizada de cobertura. CONFIRMADO_ESTATICO não equivale a teste manual nem a aceitação em hardware real.
DUCK-0409;Layout mobile;consistência de estados;limite operacional;PARCIAL;src/components/studio/studio-shell.tsx;Matriz automatizada de cobertura. CONFIRMADO_ESTATICO não equivale a teste manual nem a aceitação em hardware real.
DUCK-0410;Layout mobile;consistência de estados;aceitação de entrega;REVISAO_HUMANA;src/components/studio/studio-shell.tsx;Matriz automatizada de cobertura. CONFIRMADO_ESTATICO não equivale a teste manual nem a aceitação em hardware real.
DUCK-0411;Layout mobile;clareza de feedback;inspeção estática;CONFIRMADO_ESTATICO;src/components/studio/studio-shell.tsx;Matriz automatizada de cobertura. CONFIRMADO_ESTATICO não equivale a teste manual nem a aceitação em hardware real.
DUCK-0412;Layout mobile;clareza de feedback;prova estrutural;CONFIRMADO_ESTATICO;src/components/studio/studio-shell.tsx;Matriz automatizada de cobertura. CONFIRMADO_ESTATICO não equivale a teste manual nem a aceitação em hardware real.
DUCK-0413;Layout mobile;clareza de feedback;evidência disponível;CONFIRMADO_ESTATICO;src/components/studio/studio-shell.tsx;Matriz automatizada de cobertura. CONFIRMADO_ESTATICO não equivale a teste manual nem a aceitação em hardware real.
DUCK-0414;Layout mobile;clareza de feedback;limite operacional;PARCIAL;src/components/studio/studio-shell.tsx;Matriz automatizada de cobertura. CONFIRMADO_ESTATICO não equivale a teste manual nem a aceitação em hardware real.
DUCK-0415;Layout mobile;clareza de feedback;aceitação de entrega;REVISAO_HUMANA;src/components/studio/studio-shell.tsx;Matriz automatizada de cobertura. CONFIRMADO_ESTATICO não equivale a teste manual nem a aceitação em hardware real.
DUCK-0416;Layout mobile;tratamento de erro;inspeção estática;CONFIRMADO_ESTATICO;src/components/studio/studio-shell.tsx;Matriz automatizada de cobertura. CONFIRMADO_ESTATICO não equivale a teste manual nem a aceitação em hardware real.
DUCK-0417;Layout mobile;tratamento de erro;prova estrutural;CONFIRMADO_ESTATICO;src/components/studio/studio-shell.tsx;Matriz automatizada de cobertura. CONFIRMADO_ESTATICO não equivale a teste manual nem a aceitação em hardware real.
DUCK-0418;Layout mobile;tratamento de erro;evidência disponível;CONFIRMADO_ESTATICO;src/components/studio/studio-shell.tsx;Matriz automatizada de cobertura. CONFIRMADO_ESTATICO não equivale a teste manual nem a aceitação em hardware real.
DUCK-0419;Layout mobile;tratamento de erro;limite operacional;PARCIAL;src/components/studio/studio-shell.tsx;Matriz automatizada de cobertura. CONFIRMADO_ESTATICO não equivale a teste manual nem a aceitação em hardware real.
DUCK-0420;Layout mobile;tratamento de erro;aceitação de entrega;REVISAO_HUMANA;src/components/studio/studio-shell.tsx;Matriz automatizada de cobertura. CONFIRMADO_ESTATICO não equivale a teste manual nem a aceitação em hardware real.
DUCK-0421;Layout mobile;navegação por teclado;inspeção estática;CONFIRMADO_ESTATICO;src/components/studio/studio-shell.tsx;Matriz automatizada de cobertura. CONFIRMADO_ESTATICO não equivale a teste manual nem a aceitação em hardware real.
DUCK-0422;Layout mobile;navegação por teclado;prova estrutural;CONFIRMADO_ESTATICO;src/components/studio/studio-shell.tsx;Matriz automatizada de cobertura. CONFIRMADO_ESTATICO não equivale a teste manual nem a aceitação em hardware real.
DUCK-0423;Layout mobile;navegação por teclado;evidência disponível;CONFIRMADO_ESTATICO;src/components/studio/studio-shell.tsx;Matriz automatizada de cobertura. CONFIRMADO_ESTATICO não equivale a teste manual nem a aceitação em hardware real.
DUCK-0424;Layout mobile;navegação por teclado;limite operacional;PARCIAL;src/components/studio/studio-shell.tsx;Matriz automatizada de cobertura. CONFIRMADO_ESTATICO não equivale a teste manual nem a aceitação em hardware real.
DUCK-0425;Layout mobile;navegação por teclado;aceitação de entrega;REVISAO_HUMANA;src/components/studio/studio-shell.tsx;Matriz automatizada de cobertura. CONFIRMADO_ESTATICO não equivale a teste manual nem a aceitação em hardware real.
DUCK-0426;Layout mobile;legibilidade;inspeção estática;CONFIRMADO_ESTATICO;src/components/studio/studio-shell.tsx;Matriz automatizada de cobertura. CONFIRMADO_ESTATICO não equivale a teste manual nem a aceitação em hardware real.
DUCK-0427;Layout mobile;legibilidade;prova estrutural;CONFIRMADO_ESTATICO;src/components/studio/studio-shell.tsx;Matriz automatizada de cobertura. CONFIRMADO_ESTATICO não equivale a teste manual nem a aceitação em hardware real.
DUCK-0428;Layout mobile;legibilidade;evidência disponível;CONFIRMADO_ESTATICO;src/components/studio/studio-shell.tsx;Matriz automatizada de cobertura. CONFIRMADO_ESTATICO não equivale a teste manual nem a aceitação em hardware real.
DUCK-0429;Layout mobile;legibilidade;limite operacional;PARCIAL;src/components/studio/studio-shell.tsx;Matriz automatizada de cobertura. CONFIRMADO_ESTATICO não equivale a teste manual nem a aceitação em hardware real.
DUCK-0430;Layout mobile;legibilidade;aceitação de entrega;REVISAO_HUMANA;src/components/studio/studio-shell.tsx;Matriz automatizada de cobertura. CONFIRMADO_ESTATICO não equivale a teste manual nem a aceitação em hardware real.
DUCK-0431;Layout mobile;contraste;inspeção estática;CONFIRMADO_ESTATICO;src/components/studio/studio-shell.tsx;Matriz automatizada de cobertura. CONFIRMADO_ESTATICO não equivale a teste manual nem a aceitação em hardware real.
DUCK-0432;Layout mobile;contraste;prova estrutural;CONFIRMADO_ESTATICO;src/components/studio/studio-shell.tsx;Matriz automatizada de cobertura. CONFIRMADO_ESTATICO não equivale a teste manual nem a aceitação em hardware real.
DUCK-0433;Layout mobile;contraste;evidência disponível;CONFIRMADO_ESTATICO;src/components/studio/studio-shell.tsx;Matriz automatizada de cobertura. CONFIRMADO_ESTATICO não equivale a teste manual nem a aceitação em hardware real.
DUCK-0434;Layout mobile;contraste;limite operacional;PARCIAL;src/components/studio/studio-shell.tsx;Matriz automatizada de cobertura. CONFIRMADO_ESTATICO não equivale a teste manual nem a aceitação em hardware real.
DUCK-0435;Layout mobile;contraste;aceitação de entrega;REVISAO_HUMANA;src/components/studio/studio-shell.tsx;Matriz automatizada de cobertura. CONFIRMADO_ESTATICO não equivale a teste manual nem a aceitação em hardware real.
DUCK-0436;Layout mobile;responsividade;inspeção estática;CONFIRMADO_ESTATICO;src/components/studio/studio-shell.tsx;Matriz automatizada de cobertura. CONFIRMADO_ESTATICO não equivale a teste manual nem a aceitação em hardware real.
DUCK-0437;Layout mobile;responsividade;prova estrutural;CONFIRMADO_ESTATICO;src/components/studio/studio-shell.tsx;Matriz automatizada de cobertura. CONFIRMADO_ESTATICO não equivale a teste manual nem a aceitação em hardware real.
DUCK-0438;Layout mobile;responsividade;evidência disponível;CONFIRMADO_ESTATICO;src/components/studio/studio-shell.tsx;Matriz automatizada de cobertura. CONFIRMADO_ESTATICO não equivale a teste manual nem a aceitação em hardware real.
DUCK-0439;Layout mobile;responsividade;limite operacional;PARCIAL;src/components/studio/studio-shell.tsx;Matriz automatizada de cobertura. CONFIRMADO_ESTATICO não equivale a teste manual nem a aceitação em hardware real.
DUCK-0440;Layout mobile;responsividade;aceitação de entrega;REVISAO_HUMANA;src/components/studio/studio-shell.tsx;Matriz automatizada de cobertura. CONFIRMADO_ESTATICO não equivale a teste manual nem a aceitação em hardware real.
DUCK-0441;Layout mobile;persistência;inspeção estática;CONFIRMADO_ESTATICO;src/components/studio/studio-shell.tsx;Matriz automatizada de cobertura. CONFIRMADO_ESTATICO não equivale a teste manual nem a aceitação em hardware real.
DUCK-0442;Layout mobile;persistência;prova estrutural;CONFIRMADO_ESTATICO;src/components/studio/studio-shell.tsx;Matriz automatizada de cobertura. CONFIRMADO_ESTATICO não equivale a teste manual nem a aceitação em hardware real.
DUCK-0443;Layout mobile;persistência;evidência disponível;CONFIRMADO_ESTATICO;src/components/studio/studio-shell.tsx;Matriz automatizada de cobertura. CONFIRMADO_ESTATICO não equivale a teste manual nem a aceitação em hardware real.
DUCK-0444;Layout mobile;persistência;limite operacional;PARCIAL;src/components/studio/studio-shell.tsx;Matriz automatizada de cobertura. CONFIRMADO_ESTATICO não equivale a teste manual nem a aceitação em hardware real.
DUCK-0445;Layout mobile;persistência;aceitação de entrega;REVISAO_HUMANA;src/components/studio/studio-shell.tsx;Matriz automatizada de cobertura. CONFIRMADO_ESTATICO não equivale a teste manual nem a aceitação em hardware real.
DUCK-0446;Layout mobile;segurança de entrada;inspeção estática;CONFIRMADO_ESTATICO;src/components/studio/studio-shell.tsx;Matriz automatizada de cobertura. CONFIRMADO_ESTATICO não equivale a teste manual nem a aceitação em hardware real.
DUCK-0447;Layout mobile;segurança de entrada;prova estrutural;CONFIRMADO_ESTATICO;src/components/studio/studio-shell.tsx;Matriz automatizada de cobertura. CONFIRMADO_ESTATICO não equivale a teste manual nem a aceitação em hardware real.
DUCK-0448;Layout mobile;segurança de entrada;evidência disponível;CONFIRMADO_ESTATICO;src/components/studio/studio-shell.tsx;Matriz automatizada de cobertura. CONFIRMADO_ESTATICO não equivale a teste manual nem a aceitação em hardware real.
DUCK-0449;Layout mobile;segurança de entrada;limite operacional;PARCIAL;src/components/studio/studio-shell.tsx;Matriz automatizada de cobertura. CONFIRMADO_ESTATICO não equivale a teste manual nem a aceitação em hardware real.
DUCK-0450;Layout mobile;segurança de entrada;aceitação de entrega;REVISAO_HUMANA;src/components/studio/studio-shell.tsx;Matriz automatizada de cobertura. CONFIRMADO_ESTATICO não equivale a teste manual nem a aceitação em hardware real.
DUCK-0451;Layout mobile;privacidade;inspeção estática;CONFIRMADO_ESTATICO;src/components/studio/studio-shell.tsx;Matriz automatizada de cobertura. CONFIRMADO_ESTATICO não equivale a teste manual nem a aceitação em hardware real.
DUCK-0452;Layout mobile;privacidade;prova estrutural;CONFIRMADO_ESTATICO;src/components/studio/studio-shell.tsx;Matriz automatizada de cobertura. CONFIRMADO_ESTATICO não equivale a teste manual nem a aceitação em hardware real.
DUCK-0453;Layout mobile;privacidade;evidência disponível;CONFIRMADO_ESTATICO;src/components/studio/studio-shell.tsx;Matriz automatizada de cobertura. CONFIRMADO_ESTATICO não equivale a teste manual nem a aceitação em hardware real.
DUCK-0454;Layout mobile;privacidade;limite operacional;PARCIAL;src/components/studio/studio-shell.tsx;Matriz automatizada de cobertura. CONFIRMADO_ESTATICO não equivale a teste manual nem a aceitação em hardware real.
DUCK-0455;Layout mobile;privacidade;aceitação de entrega;REVISAO_HUMANA;src/components/studio/studio-shell.tsx;Matriz automatizada de cobertura. CONFIRMADO_ESTATICO não equivale a teste manual nem a aceitação em hardware real.
DUCK-0456;Layout mobile;desempenho;inspeção estática;CONFIRMADO_ESTATICO;src/components/studio/studio-shell.tsx;Matriz automatizada de cobertura. CONFIRMADO_ESTATICO não equivale a teste manual nem a aceitação em hardware real.
DUCK-0457;Layout mobile;desempenho;prova estrutural;CONFIRMADO_ESTATICO;src/components/studio/studio-shell.tsx;Matriz automatizada de cobertura. CONFIRMADO_ESTATICO não equivale a teste manual nem a aceitação em hardware real.
DUCK-0458;Layout mobile;desempenho;evidência disponível;CONFIRMADO_ESTATICO;src/components/studio/studio-shell.tsx;Matriz automatizada de cobertura. CONFIRMADO_ESTATICO não equivale a teste manual nem a aceitação em hardware real.
DUCK-0459;Layout mobile;desempenho;limite operacional;PARCIAL;src/components/studio/studio-shell.tsx;Matriz automatizada de cobertura. CONFIRMADO_ESTATICO não equivale a teste manual nem a aceitação em hardware real.
DUCK-0460;Layout mobile;desempenho;aceitação de entrega;REVISAO_HUMANA;src/components/studio/studio-shell.tsx;Matriz automatizada de cobertura. CONFIRMADO_ESTATICO não equivale a teste manual nem a aceitação em hardware real.
DUCK-0461;Layout mobile;manutenibilidade;inspeção estática;CONFIRMADO_ESTATICO;src/components/studio/studio-shell.tsx;Matriz automatizada de cobertura. CONFIRMADO_ESTATICO não equivale a teste manual nem a aceitação em hardware real.
DUCK-0462;Layout mobile;manutenibilidade;prova estrutural;CONFIRMADO_ESTATICO;src/components/studio/studio-shell.tsx;Matriz automatizada de cobertura. CONFIRMADO_ESTATICO não equivale a teste manual nem a aceitação em hardware real.
DUCK-0463;Layout mobile;manutenibilidade;evidência disponível;CONFIRMADO_ESTATICO;src/components/studio/studio-shell.tsx;Matriz automatizada de cobertura. CONFIRMADO_ESTATICO não equivale a teste manual nem a aceitação em hardware real.
DUCK-0464;Layout mobile;manutenibilidade;limite operacional;PARCIAL;src/components/studio/studio-shell.tsx;Matriz automatizada de cobertura. CONFIRMADO_ESTATICO não equivale a teste manual nem a aceitação em hardware real.
DUCK-0465;Layout mobile;manutenibilidade;aceitação de entrega;REVISAO_HUMANA;src/components/studio/studio-shell.tsx;Matriz automatizada de cobertura. CONFIRMADO_ESTATICO não equivale a teste manual nem a aceitação em hardware real.
DUCK-0466;Layout mobile;tipagem;inspeção estática;CONFIRMADO_ESTATICO;src/components/studio/studio-shell.tsx;Matriz automatizada de cobertura. CONFIRMADO_ESTATICO não equivale a teste manual nem a aceitação em hardware real.
DUCK-0467;Layout mobile;tipagem;prova estrutural;CONFIRMADO_ESTATICO;src/components/studio/studio-shell.tsx;Matriz automatizada de cobertura. CONFIRMADO_ESTATICO não equivale a teste manual nem a aceitação em hardware real.
DUCK-0468;Layout mobile;tipagem;evidência disponível;CONFIRMADO_ESTATICO;src/components/studio/studio-shell.tsx;Matriz automatizada de cobertura. CONFIRMADO_ESTATICO não equivale a teste manual nem a aceitação em hardware real.
DUCK-0469;Layout mobile;tipagem;limite operacional;PARCIAL;src/components/studio/studio-shell.tsx;Matriz automatizada de cobertura. CONFIRMADO_ESTATICO não equivale a teste manual nem a aceitação em hardware real.
DUCK-0470;Layout mobile;tipagem;aceitação de entrega;REVISAO_HUMANA;src/components/studio/studio-shell.tsx;Matriz automatizada de cobertura. CONFIRMADO_ESTATICO não equivale a teste manual nem a aceitação em hardware real.
DUCK-0471;Layout mobile;rastreabilidade;inspeção estática;CONFIRMADO_ESTATICO;src/components/studio/studio-shell.tsx;Matriz automatizada de cobertura. CONFIRMADO_ESTATICO não equivale a teste manual nem a aceitação em hardware real.
DUCK-0472;Layout mobile;rastreabilidade;prova estrutural;CONFIRMADO_ESTATICO;src/components/studio/studio-shell.tsx;Matriz automatizada de cobertura. CONFIRMADO_ESTATICO não equivale a teste manual nem a aceitação em hardware real.
DUCK-0473;Layout mobile;rastreabilidade;evidência disponível;CONFIRMADO_ESTATICO;src/components/studio/studio-shell.tsx;Matriz automatizada de cobertura. CONFIRMADO_ESTATICO não equivale a teste manual nem a aceitação em hardware real.
DUCK-0474;Layout mobile;rastreabilidade;limite operacional;PARCIAL;src/components/studio/studio-shell.tsx;Matriz automatizada de cobertura. CONFIRMADO_ESTATICO não equivale a teste manual nem a aceitação em hardware real.
DUCK-0475;Layout mobile;rastreabilidade;aceitação de entrega;REVISAO_HUMANA;src/components/studio/studio-shell.tsx;Matriz automatizada de cobertura. CONFIRMADO_ESTATICO não equivale a teste manual nem a aceitação em hardware real.
DUCK-0476;Layout mobile;evidência visual;inspeção estática;CONFIRMADO_ESTATICO;src/components/studio/studio-shell.tsx;Matriz automatizada de cobertura. CONFIRMADO_ESTATICO não equivale a teste manual nem a aceitação em hardware real.
DUCK-0477;Layout mobile;evidência visual;prova estrutural;CONFIRMADO_ESTATICO;src/components/studio/studio-shell.tsx;Matriz automatizada de cobertura. CONFIRMADO_ESTATICO não equivale a teste manual nem a aceitação em hardware real.
DUCK-0478;Layout mobile;evidência visual;evidência disponível;CONFIRMADO_ESTATICO;src/components/studio/studio-shell.tsx;Matriz automatizada de cobertura. CONFIRMADO_ESTATICO não equivale a teste manual nem a aceitação em hardware real.
DUCK-0479;Layout mobile;evidência visual;limite operacional;PARCIAL;src/components/studio/studio-shell.tsx;Matriz automatizada de cobertura. CONFIRMADO_ESTATICO não equivale a teste manual nem a aceitação em hardware real.
DUCK-0480;Layout mobile;evidência visual;aceitação de entrega;REVISAO_HUMANA;src/components/studio/studio-shell.tsx;Matriz automatizada de cobertura. CONFIRMADO_ESTATICO não equivale a teste manual nem a aceitação em hardware real.
DUCK-0481;Layout mobile;documentação;inspeção estática;CONFIRMADO_ESTATICO;src/components/studio/studio-shell.tsx;Matriz automatizada de cobertura. CONFIRMADO_ESTATICO não equivale a teste manual nem a aceitação em hardware real.
DUCK-0482;Layout mobile;documentação;prova estrutural;CONFIRMADO_ESTATICO;src/components/studio/studio-shell.tsx;Matriz automatizada de cobertura. CONFIRMADO_ESTATICO não equivale a teste manual nem a aceitação em hardware real.
DUCK-0483;Layout mobile;documentação;evidência disponível;CONFIRMADO_ESTATICO;src/components/studio/studio-shell.tsx;Matriz automatizada de cobertura. CONFIRMADO_ESTATICO não equivale a teste manual nem a aceitação em hardware real.
DUCK-0484;Layout mobile;documentação;limite operacional;PARCIAL;src/components/studio/studio-shell.tsx;Matriz automatizada de cobertura. CONFIRMADO_ESTATICO não equivale a teste manual nem a aceitação em hardware real.
DUCK-0485;Layout mobile;documentação;aceitação de entrega;REVISAO_HUMANA;src/components/studio/studio-shell.tsx;Matriz automatizada de cobertura. CONFIRMADO_ESTATICO não equivale a teste manual nem a aceitação em hardware real.
DUCK-0486;Layout mobile;recuperação;inspeção estática;CONFIRMADO_ESTATICO;src/components/studio/studio-shell.tsx;Matriz automatizada de cobertura. CONFIRMADO_ESTATICO não equivale a teste manual nem a aceitação em hardware real.
DUCK-0487;Layout mobile;recuperação;prova estrutural;CONFIRMADO_ESTATICO;src/components/studio/studio-shell.tsx;Matriz automatizada de cobertura. CONFIRMADO_ESTATICO não equivale a teste manual nem a aceitação em hardware real.
DUCK-0488;Layout mobile;recuperação;evidência disponível;CONFIRMADO_ESTATICO;src/components/studio/studio-shell.tsx;Matriz automatizada de cobertura. CONFIRMADO_ESTATICO não equivale a teste manual nem a aceitação em hardware real.
DUCK-0489;Layout mobile;recuperação;limite operacional;PARCIAL;src/components/studio/studio-shell.tsx;Matriz automatizada de cobertura. CONFIRMADO_ESTATICO não equivale a teste manual nem a aceitação em hardware real.
DUCK-0490;Layout mobile;recuperação;aceitação de entrega;REVISAO_HUMANA;src/components/studio/studio-shell.tsx;Matriz automatizada de cobertura. CONFIRMADO_ESTATICO não equivale a teste manual nem a aceitação em hardware real.
DUCK-0491;Layout mobile;exportação;inspeção estática;CONFIRMADO_ESTATICO;src/components/studio/studio-shell.tsx;Matriz automatizada de cobertura. CONFIRMADO_ESTATICO não equivale a teste manual nem a aceitação em hardware real.
DUCK-0492;Layout mobile;exportação;prova estrutural;CONFIRMADO_ESTATICO;src/components/studio/studio-shell.tsx;Matriz automatizada de cobertura. CONFIRMADO_ESTATICO não equivale a teste manual nem a aceitação em hardware real.
DUCK-0493;Layout mobile;exportação;evidência disponível;CONFIRMADO_ESTATICO;src/components/studio/studio-shell.tsx;Matriz automatizada de cobertura. CONFIRMADO_ESTATICO não equivale a teste manual nem a aceitação em hardware real.
DUCK-0494;Layout mobile;exportação;limite operacional;PARCIAL;src/components/studio/studio-shell.tsx;Matriz automatizada de cobertura. CONFIRMADO_ESTATICO não equivale a teste manual nem a aceitação em hardware real.
DUCK-0495;Layout mobile;exportação;aceitação de entrega;REVISAO_HUMANA;src/components/studio/studio-shell.tsx;Matriz automatizada de cobertura. CONFIRMADO_ESTATICO não equivale a teste manual nem a aceitação em hardware real.
DUCK-0496;Layout mobile;entrega;inspeção estática;CONFIRMADO_ESTATICO;src/components/studio/studio-shell.tsx;Matriz automatizada de cobertura. CONFIRMADO_ESTATICO não equivale a teste manual nem a aceitação em hardware real.
DUCK-0497;Layout mobile;entrega;prova estrutural;CONFIRMADO_ESTATICO;src/components/studio/studio-shell.tsx;Matriz automatizada de cobertura. CONFIRMADO_ESTATICO não equivale a teste manual nem a aceitação em hardware real.
DUCK-0498;Layout mobile;entrega;evidência disponível;CONFIRMADO_ESTATICO;src/components/studio/studio-shell.tsx;Matriz automatizada de cobertura. CONFIRMADO_ESTATICO não equivale a teste manual nem a aceitação em hardware real.
DUCK-0499;Layout mobile;entrega;limite operacional;PARCIAL;src/components/studio/studio-shell.tsx;Matriz automatizada de cobertura. CONFIRMADO_ESTATICO não equivale a teste manual nem a aceitação em hardware real.
DUCK-0500;Layout mobile;entrega;aceitação de entrega;REVISAO_HUMANA;src/components/studio/studio-shell.tsx;Matriz automatizada de cobertura. CONFIRMADO_ESTATICO não equivale a teste manual nem a aceitação em hardware real.
DUCK-0501;Acessibilidade;presença funcional;inspeção estática;CONFIRMADO_ESTATICO;src/components/ui/;Matriz automatizada de cobertura. CONFIRMADO_ESTATICO não equivale a teste manual nem a aceitação em hardware real.
DUCK-0502;Acessibilidade;presença funcional;prova estrutural;CONFIRMADO_ESTATICO;src/components/ui/;Matriz automatizada de cobertura. CONFIRMADO_ESTATICO não equivale a teste manual nem a aceitação em hardware real.
DUCK-0503;Acessibilidade;presença funcional;evidência disponível;CONFIRMADO_ESTATICO;src/components/ui/;Matriz automatizada de cobertura. CONFIRMADO_ESTATICO não equivale a teste manual nem a aceitação em hardware real.
DUCK-0504;Acessibilidade;presença funcional;limite operacional;PARCIAL;src/components/ui/;Matriz automatizada de cobertura. CONFIRMADO_ESTATICO não equivale a teste manual nem a aceitação em hardware real.
DUCK-0505;Acessibilidade;presença funcional;aceitação de entrega;REVISAO_HUMANA;src/components/ui/;Matriz automatizada de cobertura. CONFIRMADO_ESTATICO não equivale a teste manual nem a aceitação em hardware real.
DUCK-0506;Acessibilidade;consistência de estados;inspeção estática;CONFIRMADO_ESTATICO;src/components/ui/;Matriz automatizada de cobertura. CONFIRMADO_ESTATICO não equivale a teste manual nem a aceitação em hardware real.
DUCK-0507;Acessibilidade;consistência de estados;prova estrutural;CONFIRMADO_ESTATICO;src/components/ui/;Matriz automatizada de cobertura. CONFIRMADO_ESTATICO não equivale a teste manual nem a aceitação em hardware real.
DUCK-0508;Acessibilidade;consistência de estados;evidência disponível;CONFIRMADO_ESTATICO;src/components/ui/;Matriz automatizada de cobertura. CONFIRMADO_ESTATICO não equivale a teste manual nem a aceitação em hardware real.
DUCK-0509;Acessibilidade;consistência de estados;limite operacional;PARCIAL;src/components/ui/;Matriz automatizada de cobertura. CONFIRMADO_ESTATICO não equivale a teste manual nem a aceitação em hardware real.
DUCK-0510;Acessibilidade;consistência de estados;aceitação de entrega;REVISAO_HUMANA;src/components/ui/;Matriz automatizada de cobertura. CONFIRMADO_ESTATICO não equivale a teste manual nem a aceitação em hardware real.
DUCK-0511;Acessibilidade;clareza de feedback;inspeção estática;CONFIRMADO_ESTATICO;src/components/ui/;Matriz automatizada de cobertura. CONFIRMADO_ESTATICO não equivale a teste manual nem a aceitação em hardware real.
DUCK-0512;Acessibilidade;clareza de feedback;prova estrutural;CONFIRMADO_ESTATICO;src/components/ui/;Matriz automatizada de cobertura. CONFIRMADO_ESTATICO não equivale a teste manual nem a aceitação em hardware real.
DUCK-0513;Acessibilidade;clareza de feedback;evidência disponível;CONFIRMADO_ESTATICO;src/components/ui/;Matriz automatizada de cobertura. CONFIRMADO_ESTATICO não equivale a teste manual nem a aceitação em hardware real.
DUCK-0514;Acessibilidade;clareza de feedback;limite operacional;PARCIAL;src/components/ui/;Matriz automatizada de cobertura. CONFIRMADO_ESTATICO não equivale a teste manual nem a aceitação em hardware real.
DUCK-0515;Acessibilidade;clareza de feedback;aceitação de entrega;REVISAO_HUMANA;src/components/ui/;Matriz automatizada de cobertura. CONFIRMADO_ESTATICO não equivale a teste manual nem a aceitação em hardware real.
DUCK-0516;Acessibilidade;tratamento de erro;inspeção estática;CONFIRMADO_ESTATICO;src/components/ui/;Matriz automatizada de cobertura. CONFIRMADO_ESTATICO não equivale a teste manual nem a aceitação em hardware real.
DUCK-0517;Acessibilidade;tratamento de erro;prova estrutural;CONFIRMADO_ESTATICO;src/components/ui/;Matriz automatizada de cobertura. CONFIRMADO_ESTATICO não equivale a teste manual nem a aceitação em hardware real.
DUCK-0518;Acessibilidade;tratamento de erro;evidência disponível;CONFIRMADO_ESTATICO;src/components/ui/;Matriz automatizada de cobertura. CONFIRMADO_ESTATICO não equivale a teste manual nem a aceitação em hardware real.
DUCK-0519;Acessibilidade;tratamento de erro;limite operacional;PARCIAL;src/components/ui/;Matriz automatizada de cobertura. CONFIRMADO_ESTATICO não equivale a teste manual nem a aceitação em hardware real.
DUCK-0520;Acessibilidade;tratamento de erro;aceitação de entrega;REVISAO_HUMANA;src/components/ui/;Matriz automatizada de cobertura. CONFIRMADO_ESTATICO não equivale a teste manual nem a aceitação em hardware real.
DUCK-0521;Acessibilidade;navegação por teclado;inspeção estática;CONFIRMADO_ESTATICO;src/components/ui/;Matriz automatizada de cobertura. CONFIRMADO_ESTATICO não equivale a teste manual nem a aceitação em hardware real.
DUCK-0522;Acessibilidade;navegação por teclado;prova estrutural;CONFIRMADO_ESTATICO;src/components/ui/;Matriz automatizada de cobertura. CONFIRMADO_ESTATICO não equivale a teste manual nem a aceitação em hardware real.
DUCK-0523;Acessibilidade;navegação por teclado;evidência disponível;CONFIRMADO_ESTATICO;src/components/ui/;Matriz automatizada de cobertura. CONFIRMADO_ESTATICO não equivale a teste manual nem a aceitação em hardware real.
DUCK-0524;Acessibilidade;navegação por teclado;limite operacional;PARCIAL;src/components/ui/;Matriz automatizada de cobertura. CONFIRMADO_ESTATICO não equivale a teste manual nem a aceitação em hardware real.
DUCK-0525;Acessibilidade;navegação por teclado;aceitação de entrega;REVISAO_HUMANA;src/components/ui/;Matriz automatizada de cobertura. CONFIRMADO_ESTATICO não equivale a teste manual nem a aceitação em hardware real.
DUCK-0526;Acessibilidade;legibilidade;inspeção estática;CONFIRMADO_ESTATICO;src/components/ui/;Matriz automatizada de cobertura. CONFIRMADO_ESTATICO não equivale a teste manual nem a aceitação em hardware real.
DUCK-0527;Acessibilidade;legibilidade;prova estrutural;CONFIRMADO_ESTATICO;src/components/ui/;Matriz automatizada de cobertura. CONFIRMADO_ESTATICO não equivale a teste manual nem a aceitação em hardware real.
DUCK-0528;Acessibilidade;legibilidade;evidência disponível;CONFIRMADO_ESTATICO;src/components/ui/;Matriz automatizada de cobertura. CONFIRMADO_ESTATICO não equivale a teste manual nem a aceitação em hardware real.
DUCK-0529;Acessibilidade;legibilidade;limite operacional;PARCIAL;src/components/ui/;Matriz automatizada de cobertura. CONFIRMADO_ESTATICO não equivale a teste manual nem a aceitação em hardware real.
DUCK-0530;Acessibilidade;legibilidade;aceitação de entrega;REVISAO_HUMANA;src/components/ui/;Matriz automatizada de cobertura. CONFIRMADO_ESTATICO não equivale a teste manual nem a aceitação em hardware real.
DUCK-0531;Acessibilidade;contraste;inspeção estática;CONFIRMADO_ESTATICO;src/components/ui/;Matriz automatizada de cobertura. CONFIRMADO_ESTATICO não equivale a teste manual nem a aceitação em hardware real.
DUCK-0532;Acessibilidade;contraste;prova estrutural;CONFIRMADO_ESTATICO;src/components/ui/;Matriz automatizada de cobertura. CONFIRMADO_ESTATICO não equivale a teste manual nem a aceitação em hardware real.
DUCK-0533;Acessibilidade;contraste;evidência disponível;CONFIRMADO_ESTATICO;src/components/ui/;Matriz automatizada de cobertura. CONFIRMADO_ESTATICO não equivale a teste manual nem a aceitação em hardware real.
DUCK-0534;Acessibilidade;contraste;limite operacional;PARCIAL;src/components/ui/;Matriz automatizada de cobertura. CONFIRMADO_ESTATICO não equivale a teste manual nem a aceitação em hardware real.
DUCK-0535;Acessibilidade;contraste;aceitação de entrega;REVISAO_HUMANA;src/components/ui/;Matriz automatizada de cobertura. CONFIRMADO_ESTATICO não equivale a teste manual nem a aceitação em hardware real.
DUCK-0536;Acessibilidade;responsividade;inspeção estática;CONFIRMADO_ESTATICO;src/components/ui/;Matriz automatizada de cobertura. CONFIRMADO_ESTATICO não equivale a teste manual nem a aceitação em hardware real.
DUCK-0537;Acessibilidade;responsividade;prova estrutural;CONFIRMADO_ESTATICO;src/components/ui/;Matriz automatizada de cobertura. CONFIRMADO_ESTATICO não equivale a teste manual nem a aceitação em hardware real.
DUCK-0538;Acessibilidade;responsividade;evidência disponível;CONFIRMADO_ESTATICO;src/components/ui/;Matriz automatizada de cobertura. CONFIRMADO_ESTATICO não equivale a teste manual nem a aceitação em hardware real.
DUCK-0539;Acessibilidade;responsividade;limite operacional;PARCIAL;src/components/ui/;Matriz automatizada de cobertura. CONFIRMADO_ESTATICO não equivale a teste manual nem a aceitação em hardware real.
DUCK-0540;Acessibilidade;responsividade;aceitação de entrega;REVISAO_HUMANA;src/components/ui/;Matriz automatizada de cobertura. CONFIRMADO_ESTATICO não equivale a teste manual nem a aceitação em hardware real.
DUCK-0541;Acessibilidade;persistência;inspeção estática;CONFIRMADO_ESTATICO;src/components/ui/;Matriz automatizada de cobertura. CONFIRMADO_ESTATICO não equivale a teste manual nem a aceitação em hardware real.
DUCK-0542;Acessibilidade;persistência;prova estrutural;CONFIRMADO_ESTATICO;src/components/ui/;Matriz automatizada de cobertura. CONFIRMADO_ESTATICO não equivale a teste manual nem a aceitação em hardware real.
DUCK-0543;Acessibilidade;persistência;evidência disponível;CONFIRMADO_ESTATICO;src/components/ui/;Matriz automatizada de cobertura. CONFIRMADO_ESTATICO não equivale a teste manual nem a aceitação em hardware real.
DUCK-0544;Acessibilidade;persistência;limite operacional;PARCIAL;src/components/ui/;Matriz automatizada de cobertura. CONFIRMADO_ESTATICO não equivale a teste manual nem a aceitação em hardware real.
DUCK-0545;Acessibilidade;persistência;aceitação de entrega;REVISAO_HUMANA;src/components/ui/;Matriz automatizada de cobertura. CONFIRMADO_ESTATICO não equivale a teste manual nem a aceitação em hardware real.
DUCK-0546;Acessibilidade;segurança de entrada;inspeção estática;CONFIRMADO_ESTATICO;src/components/ui/;Matriz automatizada de cobertura. CONFIRMADO_ESTATICO não equivale a teste manual nem a aceitação em hardware real.
DUCK-0547;Acessibilidade;segurança de entrada;prova estrutural;CONFIRMADO_ESTATICO;src/components/ui/;Matriz automatizada de cobertura. CONFIRMADO_ESTATICO não equivale a teste manual nem a aceitação em hardware real.
DUCK-0548;Acessibilidade;segurança de entrada;evidência disponível;CONFIRMADO_ESTATICO;src/components/ui/;Matriz automatizada de cobertura. CONFIRMADO_ESTATICO não equivale a teste manual nem a aceitação em hardware real.
DUCK-0549;Acessibilidade;segurança de entrada;limite operacional;PARCIAL;src/components/ui/;Matriz automatizada de cobertura. CONFIRMADO_ESTATICO não equivale a teste manual nem a aceitação em hardware real.
DUCK-0550;Acessibilidade;segurança de entrada;aceitação de entrega;REVISAO_HUMANA;src/components/ui/;Matriz automatizada de cobertura. CONFIRMADO_ESTATICO não equivale a teste manual nem a aceitação em hardware real.
DUCK-0551;Acessibilidade;privacidade;inspeção estática;CONFIRMADO_ESTATICO;src/components/ui/;Matriz automatizada de cobertura. CONFIRMADO_ESTATICO não equivale a teste manual nem a aceitação em hardware real.
DUCK-0552;Acessibilidade;privacidade;prova estrutural;CONFIRMADO_ESTATICO;src/components/ui/;Matriz automatizada de cobertura. CONFIRMADO_ESTATICO não equivale a teste manual nem a aceitação em hardware real.
DUCK-0553;Acessibilidade;privacidade;evidência disponível;CONFIRMADO_ESTATICO;src/components/ui/;Matriz automatizada de cobertura. CONFIRMADO_ESTATICO não equivale a teste manual nem a aceitação em hardware real.
DUCK-0554;Acessibilidade;privacidade;limite operacional;PARCIAL;src/components/ui/;Matriz automatizada de cobertura. CONFIRMADO_ESTATICO não equivale a teste manual nem a aceitação em hardware real.
DUCK-0555;Acessibilidade;privacidade;aceitação de entrega;REVISAO_HUMANA;src/components/ui/;Matriz automatizada de cobertura. CONFIRMADO_ESTATICO não equivale a teste manual nem a aceitação em hardware real.
DUCK-0556;Acessibilidade;desempenho;inspeção estática;CONFIRMADO_ESTATICO;src/components/ui/;Matriz automatizada de cobertura. CONFIRMADO_ESTATICO não equivale a teste manual nem a aceitação em hardware real.
DUCK-0557;Acessibilidade;desempenho;prova estrutural;CONFIRMADO_ESTATICO;src/components/ui/;Matriz automatizada de cobertura. CONFIRMADO_ESTATICO não equivale a teste manual nem a aceitação em hardware real.
DUCK-0558;Acessibilidade;desempenho;evidência disponível;CONFIRMADO_ESTATICO;src/components/ui/;Matriz automatizada de cobertura. CONFIRMADO_ESTATICO não equivale a teste manual nem a aceitação em hardware real.
DUCK-0559;Acessibilidade;desempenho;limite operacional;PARCIAL;src/components/ui/;Matriz automatizada de cobertura. CONFIRMADO_ESTATICO não equivale a teste manual nem a aceitação em hardware real.
DUCK-0560;Acessibilidade;desempenho;aceitação de entrega;REVISAO_HUMANA;src/components/ui/;Matriz automatizada de cobertura. CONFIRMADO_ESTATICO não equivale a teste manual nem a aceitação em hardware real.
DUCK-0561;Acessibilidade;manutenibilidade;inspeção estática;CONFIRMADO_ESTATICO;src/components/ui/;Matriz automatizada de cobertura. CONFIRMADO_ESTATICO não equivale a teste manual nem a aceitação em hardware real.
DUCK-0562;Acessibilidade;manutenibilidade;prova estrutural;CONFIRMADO_ESTATICO;src/components/ui/;Matriz automatizada de cobertura. CONFIRMADO_ESTATICO não equivale a teste manual nem a aceitação em hardware real.
DUCK-0563;Acessibilidade;manutenibilidade;evidência disponível;CONFIRMADO_ESTATICO;src/components/ui/;Matriz automatizada de cobertura. CONFIRMADO_ESTATICO não equivale a teste manual nem a aceitação em hardware real.
DUCK-0564;Acessibilidade;manutenibilidade;limite operacional;PARCIAL;src/components/ui/;Matriz automatizada de cobertura. CONFIRMADO_ESTATICO não equivale a teste manual nem a aceitação em hardware real.
DUCK-0565;Acessibilidade;manutenibilidade;aceitação de entrega;REVISAO_HUMANA;src/components/ui/;Matriz automatizada de cobertura. CONFIRMADO_ESTATICO não equivale a teste manual nem a aceitação em hardware real.
DUCK-0566;Acessibilidade;tipagem;inspeção estática;CONFIRMADO_ESTATICO;src/components/ui/;Matriz automatizada de cobertura. CONFIRMADO_ESTATICO não equivale a teste manual nem a aceitação em hardware real.
DUCK-0567;Acessibilidade;tipagem;prova estrutural;CONFIRMADO_ESTATICO;src/components/ui/;Matriz automatizada de cobertura. CONFIRMADO_ESTATICO não equivale a teste manual nem a aceitação em hardware real.
DUCK-0568;Acessibilidade;tipagem;evidência disponível;CONFIRMADO_ESTATICO;src/components/ui/;Matriz automatizada de cobertura. CONFIRMADO_ESTATICO não equivale a teste manual nem a aceitação em hardware real.
DUCK-0569;Acessibilidade;tipagem;limite operacional;PARCIAL;src/components/ui/;Matriz automatizada de cobertura. CONFIRMADO_ESTATICO não equivale a teste manual nem a aceitação em hardware real.
DUCK-0570;Acessibilidade;tipagem;aceitação de entrega;REVISAO_HUMANA;src/components/ui/;Matriz automatizada de cobertura. CONFIRMADO_ESTATICO não equivale a teste manual nem a aceitação em hardware real.
DUCK-0571;Acessibilidade;rastreabilidade;inspeção estática;CONFIRMADO_ESTATICO;src/components/ui/;Matriz automatizada de cobertura. CONFIRMADO_ESTATICO não equivale a teste manual nem a aceitação em hardware real.
DUCK-0572;Acessibilidade;rastreabilidade;prova estrutural;CONFIRMADO_ESTATICO;src/components/ui/;Matriz automatizada de cobertura. CONFIRMADO_ESTATICO não equivale a teste manual nem a aceitação em hardware real.
DUCK-0573;Acessibilidade;rastreabilidade;evidência disponível;CONFIRMADO_ESTATICO;src/components/ui/;Matriz automatizada de cobertura. CONFIRMADO_ESTATICO não equivale a teste manual nem a aceitação em hardware real.
DUCK-0574;Acessibilidade;rastreabilidade;limite operacional;PARCIAL;src/components/ui/;Matriz automatizada de cobertura. CONFIRMADO_ESTATICO não equivale a teste manual nem a aceitação em hardware real.
DUCK-0575;Acessibilidade;rastreabilidade;aceitação de entrega;REVISAO_HUMANA;src/components/ui/;Matriz automatizada de cobertura. CONFIRMADO_ESTATICO não equivale a teste manual nem a aceitação em hardware real.
DUCK-0576;Acessibilidade;evidência visual;inspeção estática;CONFIRMADO_ESTATICO;src/components/ui/;Matriz automatizada de cobertura. CONFIRMADO_ESTATICO não equivale a teste manual nem a aceitação em hardware real.
DUCK-0577;Acessibilidade;evidência visual;prova estrutural;CONFIRMADO_ESTATICO;src/components/ui/;Matriz automatizada de cobertura. CONFIRMADO_ESTATICO não equivale a teste manual nem a aceitação em hardware real.
DUCK-0578;Acessibilidade;evidência visual;evidência disponível;CONFIRMADO_ESTATICO;src/components/ui/;Matriz automatizada de cobertura. CONFIRMADO_ESTATICO não equivale a teste manual nem a aceitação em hardware real.
DUCK-0579;Acessibilidade;evidência visual;limite operacional;PARCIAL;src/components/ui/;Matriz automatizada de cobertura. CONFIRMADO_ESTATICO não equivale a teste manual nem a aceitação em hardware real.
DUCK-0580;Acessibilidade;evidência visual;aceitação de entrega;REVISAO_HUMANA;src/components/ui/;Matriz automatizada de cobertura. CONFIRMADO_ESTATICO não equivale a teste manual nem a aceitação em hardware real.
DUCK-0581;Acessibilidade;documentação;inspeção estática;CONFIRMADO_ESTATICO;src/components/ui/;Matriz automatizada de cobertura. CONFIRMADO_ESTATICO não equivale a teste manual nem a aceitação em hardware real.
DUCK-0582;Acessibilidade;documentação;prova estrutural;CONFIRMADO_ESTATICO;src/components/ui/;Matriz automatizada de cobertura. CONFIRMADO_ESTATICO não equivale a teste manual nem a aceitação em hardware real.
DUCK-0583;Acessibilidade;documentação;evidência disponível;CONFIRMADO_ESTATICO;src/components/ui/;Matriz automatizada de cobertura. CONFIRMADO_ESTATICO não equivale a teste manual nem a aceitação em hardware real.
DUCK-0584;Acessibilidade;documentação;limite operacional;PARCIAL;src/components/ui/;Matriz automatizada de cobertura. CONFIRMADO_ESTATICO não equivale a teste manual nem a aceitação em hardware real.
DUCK-0585;Acessibilidade;documentação;aceitação de entrega;REVISAO_HUMANA;src/components/ui/;Matriz automatizada de cobertura. CONFIRMADO_ESTATICO não equivale a teste manual nem a aceitação em hardware real.
DUCK-0586;Acessibilidade;recuperação;inspeção estática;CONFIRMADO_ESTATICO;src/components/ui/;Matriz automatizada de cobertura. CONFIRMADO_ESTATICO não equivale a teste manual nem a aceitação em hardware real.
DUCK-0587;Acessibilidade;recuperação;prova estrutural;CONFIRMADO_ESTATICO;src/components/ui/;Matriz automatizada de cobertura. CONFIRMADO_ESTATICO não equivale a teste manual nem a aceitação em hardware real.
DUCK-0588;Acessibilidade;recuperação;evidência disponível;CONFIRMADO_ESTATICO;src/components/ui/;Matriz automatizada de cobertura. CONFIRMADO_ESTATICO não equivale a teste manual nem a aceitação em hardware real.
DUCK-0589;Acessibilidade;recuperação;limite operacional;PARCIAL;src/components/ui/;Matriz automatizada de cobertura. CONFIRMADO_ESTATICO não equivale a teste manual nem a aceitação em hardware real.
DUCK-0590;Acessibilidade;recuperação;aceitação de entrega;REVISAO_HUMANA;src/components/ui/;Matriz automatizada de cobertura. CONFIRMADO_ESTATICO não equivale a teste manual nem a aceitação em hardware real.
DUCK-0591;Acessibilidade;exportação;inspeção estática;CONFIRMADO_ESTATICO;src/components/ui/;Matriz automatizada de cobertura. CONFIRMADO_ESTATICO não equivale a teste manual nem a aceitação em hardware real.
DUCK-0592;Acessibilidade;exportação;prova estrutural;CONFIRMADO_ESTATICO;src/components/ui/;Matriz automatizada de cobertura. CONFIRMADO_ESTATICO não equivale a teste manual nem a aceitação em hardware real.
DUCK-0593;Acessibilidade;exportação;evidência disponível;CONFIRMADO_ESTATICO;src/components/ui/;Matriz automatizada de cobertura. CONFIRMADO_ESTATICO não equivale a teste manual nem a aceitação em hardware real.
DUCK-0594;Acessibilidade;exportação;limite operacional;PARCIAL;src/components/ui/;Matriz automatizada de cobertura. CONFIRMADO_ESTATICO não equivale a teste manual nem a aceitação em hardware real.
DUCK-0595;Acessibilidade;exportação;aceitação de entrega;REVISAO_HUMANA;src/components/ui/;Matriz automatizada de cobertura. CONFIRMADO_ESTATICO não equivale a teste manual nem a aceitação em hardware real.
DUCK-0596;Acessibilidade;entrega;inspeção estática;CONFIRMADO_ESTATICO;src/components/ui/;Matriz automatizada de cobertura. CONFIRMADO_ESTATICO não equivale a teste manual nem a aceitação em hardware real.
DUCK-0597;Acessibilidade;entrega;prova estrutural;CONFIRMADO_ESTATICO;src/components/ui/;Matriz automatizada de cobertura. CONFIRMADO_ESTATICO não equivale a teste manual nem a aceitação em hardware real.
DUCK-0598;Acessibilidade;entrega;evidência disponível;CONFIRMADO_ESTATICO;src/components/ui/;Matriz automatizada de cobertura. CONFIRMADO_ESTATICO não equivale a teste manual nem a aceitação em hardware real.
DUCK-0599;Acessibilidade;entrega;limite operacional;PARCIAL;src/components/ui/;Matriz automatizada de cobertura. CONFIRMADO_ESTATICO não equivale a teste manual nem a aceitação em hardware real.
DUCK-0600;Acessibilidade;entrega;aceitação de entrega;REVISAO_HUMANA;src/components/ui/;Matriz automatizada de cobertura. CONFIRMADO_ESTATICO não equivale a teste manual nem a aceitação em hardware real.
DUCK-0601;Navegação;presença funcional;inspeção estática;CONFIRMADO_ESTATICO;src/components/studio/studio-shell.tsx;Matriz automatizada de cobertura. CONFIRMADO_ESTATICO não equivale a teste manual nem a aceitação em hardware real.
DUCK-0602;Navegação;presença funcional;prova estrutural;CONFIRMADO_ESTATICO;src/components/studio/studio-shell.tsx;Matriz automatizada de cobertura. CONFIRMADO_ESTATICO não equivale a teste manual nem a aceitação em hardware real.
DUCK-0603;Navegação;presença funcional;evidência disponível;CONFIRMADO_ESTATICO;src/components/studio/studio-shell.tsx;Matriz automatizada de cobertura. CONFIRMADO_ESTATICO não equivale a teste manual nem a aceitação em hardware real.
DUCK-0604;Navegação;presença funcional;limite operacional;PARCIAL;src/components/studio/studio-shell.tsx;Matriz automatizada de cobertura. CONFIRMADO_ESTATICO não equivale a teste manual nem a aceitação em hardware real.
DUCK-0605;Navegação;presença funcional;aceitação de entrega;REVISAO_HUMANA;src/components/studio/studio-shell.tsx;Matriz automatizada de cobertura. CONFIRMADO_ESTATICO não equivale a teste manual nem a aceitação em hardware real.
DUCK-0606;Navegação;consistência de estados;inspeção estática;CONFIRMADO_ESTATICO;src/components/studio/studio-shell.tsx;Matriz automatizada de cobertura. CONFIRMADO_ESTATICO não equivale a teste manual nem a aceitação em hardware real.
DUCK-0607;Navegação;consistência de estados;prova estrutural;CONFIRMADO_ESTATICO;src/components/studio/studio-shell.tsx;Matriz automatizada de cobertura. CONFIRMADO_ESTATICO não equivale a teste manual nem a aceitação em hardware real.
DUCK-0608;Navegação;consistência de estados;evidência disponível;CONFIRMADO_ESTATICO;src/components/studio/studio-shell.tsx;Matriz automatizada de cobertura. CONFIRMADO_ESTATICO não equivale a teste manual nem a aceitação em hardware real.
DUCK-0609;Navegação;consistência de estados;limite operacional;PARCIAL;src/components/studio/studio-shell.tsx;Matriz automatizada de cobertura. CONFIRMADO_ESTATICO não equivale a teste manual nem a aceitação em hardware real.
DUCK-0610;Navegação;consistência de estados;aceitação de entrega;REVISAO_HUMANA;src/components/studio/studio-shell.tsx;Matriz automatizada de cobertura. CONFIRMADO_ESTATICO não equivale a teste manual nem a aceitação em hardware real.
DUCK-0611;Navegação;clareza de feedback;inspeção estática;CONFIRMADO_ESTATICO;src/components/studio/studio-shell.tsx;Matriz automatizada de cobertura. CONFIRMADO_ESTATICO não equivale a teste manual nem a aceitação em hardware real.
DUCK-0612;Navegação;clareza de feedback;prova estrutural;CONFIRMADO_ESTATICO;src/components/studio/studio-shell.tsx;Matriz automatizada de cobertura. CONFIRMADO_ESTATICO não equivale a teste manual nem a aceitação em hardware real.
DUCK-0613;Navegação;clareza de feedback;evidência disponível;CONFIRMADO_ESTATICO;src/components/studio/studio-shell.tsx;Matriz automatizada de cobertura. CONFIRMADO_ESTATICO não equivale a teste manual nem a aceitação em hardware real.
DUCK-0614;Navegação;clareza de feedback;limite operacional;PARCIAL;src/components/studio/studio-shell.tsx;Matriz automatizada de cobertura. CONFIRMADO_ESTATICO não equivale a teste manual nem a aceitação em hardware real.
DUCK-0615;Navegação;clareza de feedback;aceitação de entrega;REVISAO_HUMANA;src/components/studio/studio-shell.tsx;Matriz automatizada de cobertura. CONFIRMADO_ESTATICO não equivale a teste manual nem a aceitação em hardware real.
DUCK-0616;Navegação;tratamento de erro;inspeção estática;CONFIRMADO_ESTATICO;src/components/studio/studio-shell.tsx;Matriz automatizada de cobertura. CONFIRMADO_ESTATICO não equivale a teste manual nem a aceitação em hardware real.
DUCK-0617;Navegação;tratamento de erro;prova estrutural;CONFIRMADO_ESTATICO;src/components/studio/studio-shell.tsx;Matriz automatizada de cobertura. CONFIRMADO_ESTATICO não equivale a teste manual nem a aceitação em hardware real.
DUCK-0618;Navegação;tratamento de erro;evidência disponível;CONFIRMADO_ESTATICO;src/components/studio/studio-shell.tsx;Matriz automatizada de cobertura. CONFIRMADO_ESTATICO não equivale a teste manual nem a aceitação em hardware real.
DUCK-0619;Navegação;tratamento de erro;limite operacional;PARCIAL;src/components/studio/studio-shell.tsx;Matriz automatizada de cobertura. CONFIRMADO_ESTATICO não equivale a teste manual nem a aceitação em hardware real.
DUCK-0620;Navegação;tratamento de erro;aceitação de entrega;REVISAO_HUMANA;src/components/studio/studio-shell.tsx;Matriz automatizada de cobertura. CONFIRMADO_ESTATICO não equivale a teste manual nem a aceitação em hardware real.
DUCK-0621;Navegação;navegação por teclado;inspeção estática;CONFIRMADO_ESTATICO;src/components/studio/studio-shell.tsx;Matriz automatizada de cobertura. CONFIRMADO_ESTATICO não equivale a teste manual nem a aceitação em hardware real.
DUCK-0622;Navegação;navegação por teclado;prova estrutural;CONFIRMADO_ESTATICO;src/components/studio/studio-shell.tsx;Matriz automatizada de cobertura. CONFIRMADO_ESTATICO não equivale a teste manual nem a aceitação em hardware real.
DUCK-0623;Navegação;navegação por teclado;evidência disponível;CONFIRMADO_ESTATICO;src/components/studio/studio-shell.tsx;Matriz automatizada de cobertura. CONFIRMADO_ESTATICO não equivale a teste manual nem a aceitação em hardware real.
DUCK-0624;Navegação;navegação por teclado;limite operacional;PARCIAL;src/components/studio/studio-shell.tsx;Matriz automatizada de cobertura. CONFIRMADO_ESTATICO não equivale a teste manual nem a aceitação em hardware real.
DUCK-0625;Navegação;navegação por teclado;aceitação de entrega;REVISAO_HUMANA;src/components/studio/studio-shell.tsx;Matriz automatizada de cobertura. CONFIRMADO_ESTATICO não equivale a teste manual nem a aceitação em hardware real.
DUCK-0626;Navegação;legibilidade;inspeção estática;CONFIRMADO_ESTATICO;src/components/studio/studio-shell.tsx;Matriz automatizada de cobertura. CONFIRMADO_ESTATICO não equivale a teste manual nem a aceitação em hardware real.
DUCK-0627;Navegação;legibilidade;prova estrutural;CONFIRMADO_ESTATICO;src/components/studio/studio-shell.tsx;Matriz automatizada de cobertura. CONFIRMADO_ESTATICO não equivale a teste manual nem a aceitação em hardware real.
DUCK-0628;Navegação;legibilidade;evidência disponível;CONFIRMADO_ESTATICO;src/components/studio/studio-shell.tsx;Matriz automatizada de cobertura. CONFIRMADO_ESTATICO não equivale a teste manual nem a aceitação em hardware real.
DUCK-0629;Navegação;legibilidade;limite operacional;PARCIAL;src/components/studio/studio-shell.tsx;Matriz automatizada de cobertura. CONFIRMADO_ESTATICO não equivale a teste manual nem a aceitação em hardware real.
DUCK-0630;Navegação;legibilidade;aceitação de entrega;REVISAO_HUMANA;src/components/studio/studio-shell.tsx;Matriz automatizada de cobertura. CONFIRMADO_ESTATICO não equivale a teste manual nem a aceitação em hardware real.
DUCK-0631;Navegação;contraste;inspeção estática;CONFIRMADO_ESTATICO;src/components/studio/studio-shell.tsx;Matriz automatizada de cobertura. CONFIRMADO_ESTATICO não equivale a teste manual nem a aceitação em hardware real.
DUCK-0632;Navegação;contraste;prova estrutural;CONFIRMADO_ESTATICO;src/components/studio/studio-shell.tsx;Matriz automatizada de cobertura. CONFIRMADO_ESTATICO não equivale a teste manual nem a aceitação em hardware real.
DUCK-0633;Navegação;contraste;evidência disponível;CONFIRMADO_ESTATICO;src/components/studio/studio-shell.tsx;Matriz automatizada de cobertura. CONFIRMADO_ESTATICO não equivale a teste manual nem a aceitação em hardware real.
DUCK-0634;Navegação;contraste;limite operacional;PARCIAL;src/components/studio/studio-shell.tsx;Matriz automatizada de cobertura. CONFIRMADO_ESTATICO não equivale a teste manual nem a aceitação em hardware real.
DUCK-0635;Navegação;contraste;aceitação de entrega;REVISAO_HUMANA;src/components/studio/studio-shell.tsx;Matriz automatizada de cobertura. CONFIRMADO_ESTATICO não equivale a teste manual nem a aceitação em hardware real.
DUCK-0636;Navegação;responsividade;inspeção estática;CONFIRMADO_ESTATICO;src/components/studio/studio-shell.tsx;Matriz automatizada de cobertura. CONFIRMADO_ESTATICO não equivale a teste manual nem a aceitação em hardware real.
DUCK-0637;Navegação;responsividade;prova estrutural;CONFIRMADO_ESTATICO;src/components/studio/studio-shell.tsx;Matriz automatizada de cobertura. CONFIRMADO_ESTATICO não equivale a teste manual nem a aceitação em hardware real.
DUCK-0638;Navegação;responsividade;evidência disponível;CONFIRMADO_ESTATICO;src/components/studio/studio-shell.tsx;Matriz automatizada de cobertura. CONFIRMADO_ESTATICO não equivale a teste manual nem a aceitação em hardware real.
DUCK-0639;Navegação;responsividade;limite operacional;PARCIAL;src/components/studio/studio-shell.tsx;Matriz automatizada de cobertura. CONFIRMADO_ESTATICO não equivale a teste manual nem a aceitação em hardware real.
DUCK-0640;Navegação;responsividade;aceitação de entrega;REVISAO_HUMANA;src/components/studio/studio-shell.tsx;Matriz automatizada de cobertura. CONFIRMADO_ESTATICO não equivale a teste manual nem a aceitação em hardware real.
DUCK-0641;Navegação;persistência;inspeção estática;CONFIRMADO_ESTATICO;src/components/studio/studio-shell.tsx;Matriz automatizada de cobertura. CONFIRMADO_ESTATICO não equivale a teste manual nem a aceitação em hardware real.
DUCK-0642;Navegação;persistência;prova estrutural;CONFIRMADO_ESTATICO;src/components/studio/studio-shell.tsx;Matriz automatizada de cobertura. CONFIRMADO_ESTATICO não equivale a teste manual nem a aceitação em hardware real.
DUCK-0643;Navegação;persistência;evidência disponível;CONFIRMADO_ESTATICO;src/components/studio/studio-shell.tsx;Matriz automatizada de cobertura. CONFIRMADO_ESTATICO não equivale a teste manual nem a aceitação em hardware real.
DUCK-0644;Navegação;persistência;limite operacional;PARCIAL;src/components/studio/studio-shell.tsx;Matriz automatizada de cobertura. CONFIRMADO_ESTATICO não equivale a teste manual nem a aceitação em hardware real.
DUCK-0645;Navegação;persistência;aceitação de entrega;REVISAO_HUMANA;src/components/studio/studio-shell.tsx;Matriz automatizada de cobertura. CONFIRMADO_ESTATICO não equivale a teste manual nem a aceitação em hardware real.
DUCK-0646;Navegação;segurança de entrada;inspeção estática;CONFIRMADO_ESTATICO;src/components/studio/studio-shell.tsx;Matriz automatizada de cobertura. CONFIRMADO_ESTATICO não equivale a teste manual nem a aceitação em hardware real.
DUCK-0647;Navegação;segurança de entrada;prova estrutural;CONFIRMADO_ESTATICO;src/components/studio/studio-shell.tsx;Matriz automatizada de cobertura. CONFIRMADO_ESTATICO não equivale a teste manual nem a aceitação em hardware real.
DUCK-0648;Navegação;segurança de entrada;evidência disponível;CONFIRMADO_ESTATICO;src/components/studio/studio-shell.tsx;Matriz automatizada de cobertura. CONFIRMADO_ESTATICO não equivale a teste manual nem a aceitação em hardware real.
DUCK-0649;Navegação;segurança de entrada;limite operacional;PARCIAL;src/components/studio/studio-shell.tsx;Matriz automatizada de cobertura. CONFIRMADO_ESTATICO não equivale a teste manual nem a aceitação em hardware real.
DUCK-0650;Navegação;segurança de entrada;aceitação de entrega;REVISAO_HUMANA;src/components/studio/studio-shell.tsx;Matriz automatizada de cobertura. CONFIRMADO_ESTATICO não equivale a teste manual nem a aceitação em hardware real.
DUCK-0651;Navegação;privacidade;inspeção estática;CONFIRMADO_ESTATICO;src/components/studio/studio-shell.tsx;Matriz automatizada de cobertura. CONFIRMADO_ESTATICO não equivale a teste manual nem a aceitação em hardware real.
DUCK-0652;Navegação;privacidade;prova estrutural;CONFIRMADO_ESTATICO;src/components/studio/studio-shell.tsx;Matriz automatizada de cobertura. CONFIRMADO_ESTATICO não equivale a teste manual nem a aceitação em hardware real.
DUCK-0653;Navegação;privacidade;evidência disponível;CONFIRMADO_ESTATICO;src/components/studio/studio-shell.tsx;Matriz automatizada de cobertura. CONFIRMADO_ESTATICO não equivale a teste manual nem a aceitação em hardware real.
DUCK-0654;Navegação;privacidade;limite operacional;PARCIAL;src/components/studio/studio-shell.tsx;Matriz automatizada de cobertura. CONFIRMADO_ESTATICO não equivale a teste manual nem a aceitação em hardware real.
DUCK-0655;Navegação;privacidade;aceitação de entrega;REVISAO_HUMANA;src/components/studio/studio-shell.tsx;Matriz automatizada de cobertura. CONFIRMADO_ESTATICO não equivale a teste manual nem a aceitação em hardware real.
DUCK-0656;Navegação;desempenho;inspeção estática;CONFIRMADO_ESTATICO;src/components/studio/studio-shell.tsx;Matriz automatizada de cobertura. CONFIRMADO_ESTATICO não equivale a teste manual nem a aceitação em hardware real.
DUCK-0657;Navegação;desempenho;prova estrutural;CONFIRMADO_ESTATICO;src/components/studio/studio-shell.tsx;Matriz automatizada de cobertura. CONFIRMADO_ESTATICO não equivale a teste manual nem a aceitação em hardware real.
DUCK-0658;Navegação;desempenho;evidência disponível;CONFIRMADO_ESTATICO;src/components/studio/studio-shell.tsx;Matriz automatizada de cobertura. CONFIRMADO_ESTATICO não equivale a teste manual nem a aceitação em hardware real.
DUCK-0659;Navegação;desempenho;limite operacional;PARCIAL;src/components/studio/studio-shell.tsx;Matriz automatizada de cobertura. CONFIRMADO_ESTATICO não equivale a teste manual nem a aceitação em hardware real.
DUCK-0660;Navegação;desempenho;aceitação de entrega;REVISAO_HUMANA;src/components/studio/studio-shell.tsx;Matriz automatizada de cobertura. CONFIRMADO_ESTATICO não equivale a teste manual nem a aceitação em hardware real.
DUCK-0661;Navegação;manutenibilidade;inspeção estática;CONFIRMADO_ESTATICO;src/components/studio/studio-shell.tsx;Matriz automatizada de cobertura. CONFIRMADO_ESTATICO não equivale a teste manual nem a aceitação em hardware real.
DUCK-0662;Navegação;manutenibilidade;prova estrutural;CONFIRMADO_ESTATICO;src/components/studio/studio-shell.tsx;Matriz automatizada de cobertura. CONFIRMADO_ESTATICO não equivale a teste manual nem a aceitação em hardware real.
DUCK-0663;Navegação;manutenibilidade;evidência disponível;CONFIRMADO_ESTATICO;src/components/studio/studio-shell.tsx;Matriz automatizada de cobertura. CONFIRMADO_ESTATICO não equivale a teste manual nem a aceitação em hardware real.
DUCK-0664;Navegação;manutenibilidade;limite operacional;PARCIAL;src/components/studio/studio-shell.tsx;Matriz automatizada de cobertura. CONFIRMADO_ESTATICO não equivale a teste manual nem a aceitação em hardware real.
DUCK-0665;Navegação;manutenibilidade;aceitação de entrega;REVISAO_HUMANA;src/components/studio/studio-shell.tsx;Matriz automatizada de cobertura. CONFIRMADO_ESTATICO não equivale a teste manual nem a aceitação em hardware real.
DUCK-0666;Navegação;tipagem;inspeção estática;CONFIRMADO_ESTATICO;src/components/studio/studio-shell.tsx;Matriz automatizada de cobertura. CONFIRMADO_ESTATICO não equivale a teste manual nem a aceitação em hardware real.
DUCK-0667;Navegação;tipagem;prova estrutural;CONFIRMADO_ESTATICO;src/components/studio/studio-shell.tsx;Matriz automatizada de cobertura. CONFIRMADO_ESTATICO não equivale a teste manual nem a aceitação em hardware real.
DUCK-0668;Navegação;tipagem;evidência disponível;CONFIRMADO_ESTATICO;src/components/studio/studio-shell.tsx;Matriz automatizada de cobertura. CONFIRMADO_ESTATICO não equivale a teste manual nem a aceitação em hardware real.
DUCK-0669;Navegação;tipagem;limite operacional;PARCIAL;src/components/studio/studio-shell.tsx;Matriz automatizada de cobertura. CONFIRMADO_ESTATICO não equivale a teste manual nem a aceitação em hardware real.
DUCK-0670;Navegação;tipagem;aceitação de entrega;REVISAO_HUMANA;src/components/studio/studio-shell.tsx;Matriz automatizada de cobertura. CONFIRMADO_ESTATICO não equivale a teste manual nem a aceitação em hardware real.
DUCK-0671;Navegação;rastreabilidade;inspeção estática;CONFIRMADO_ESTATICO;src/components/studio/studio-shell.tsx;Matriz automatizada de cobertura. CONFIRMADO_ESTATICO não equivale a teste manual nem a aceitação em hardware real.
DUCK-0672;Navegação;rastreabilidade;prova estrutural;CONFIRMADO_ESTATICO;src/components/studio/studio-shell.tsx;Matriz automatizada de cobertura. CONFIRMADO_ESTATICO não equivale a teste manual nem a aceitação em hardware real.
DUCK-0673;Navegação;rastreabilidade;evidência disponível;CONFIRMADO_ESTATICO;src/components/studio/studio-shell.tsx;Matriz automatizada de cobertura. CONFIRMADO_ESTATICO não equivale a teste manual nem a aceitação em hardware real.
DUCK-0674;Navegação;rastreabilidade;limite operacional;PARCIAL;src/components/studio/studio-shell.tsx;Matriz automatizada de cobertura. CONFIRMADO_ESTATICO não equivale a teste manual nem a aceitação em hardware real.
DUCK-0675;Navegação;rastreabilidade;aceitação de entrega;REVISAO_HUMANA;src/components/studio/studio-shell.tsx;Matriz automatizada de cobertura. CONFIRMADO_ESTATICO não equivale a teste manual nem a aceitação em hardware real.
DUCK-0676;Navegação;evidência visual;inspeção estática;CONFIRMADO_ESTATICO;src/components/studio/studio-shell.tsx;Matriz automatizada de cobertura. CONFIRMADO_ESTATICO não equivale a teste manual nem a aceitação em hardware real.
DUCK-0677;Navegação;evidência visual;prova estrutural;CONFIRMADO_ESTATICO;src/components/studio/studio-shell.tsx;Matriz automatizada de cobertura. CONFIRMADO_ESTATICO não equivale a teste manual nem a aceitação em hardware real.
DUCK-0678;Navegação;evidência visual;evidência disponível;CONFIRMADO_ESTATICO;src/components/studio/studio-shell.tsx;Matriz automatizada de cobertura. CONFIRMADO_ESTATICO não equivale a teste manual nem a aceitação em hardware real.
DUCK-0679;Navegação;evidência visual;limite operacional;PARCIAL;src/components/studio/studio-shell.tsx;Matriz automatizada de cobertura. CONFIRMADO_ESTATICO não equivale a teste manual nem a aceitação em hardware real.
DUCK-0680;Navegação;evidência visual;aceitação de entrega;REVISAO_HUMANA;src/components/studio/studio-shell.tsx;Matriz automatizada de cobertura. CONFIRMADO_ESTATICO não equivale a teste manual nem a aceitação em hardware real.
DUCK-0681;Navegação;documentação;inspeção estática;CONFIRMADO_ESTATICO;src/components/studio/studio-shell.tsx;Matriz automatizada de cobertura. CONFIRMADO_ESTATICO não equivale a teste manual nem a aceitação em hardware real.
DUCK-0682;Navegação;documentação;prova estrutural;CONFIRMADO_ESTATICO;src/components/studio/studio-shell.tsx;Matriz automatizada de cobertura. CONFIRMADO_ESTATICO não equivale a teste manual nem a aceitação em hardware real.
DUCK-0683;Navegação;documentação;evidência disponível;CONFIRMADO_ESTATICO;src/components/studio/studio-shell.tsx;Matriz automatizada de cobertura. CONFIRMADO_ESTATICO não equivale a teste manual nem a aceitação em hardware real.
DUCK-0684;Navegação;documentação;limite operacional;PARCIAL;src/components/studio/studio-shell.tsx;Matriz automatizada de cobertura. CONFIRMADO_ESTATICO não equivale a teste manual nem a aceitação em hardware real.
DUCK-0685;Navegação;documentação;aceitação de entrega;REVISAO_HUMANA;src/components/studio/studio-shell.tsx;Matriz automatizada de cobertura. CONFIRMADO_ESTATICO não equivale a teste manual nem a aceitação em hardware real.
DUCK-0686;Navegação;recuperação;inspeção estática;CONFIRMADO_ESTATICO;src/components/studio/studio-shell.tsx;Matriz automatizada de cobertura. CONFIRMADO_ESTATICO não equivale a teste manual nem a aceitação em hardware real.
DUCK-0687;Navegação;recuperação;prova estrutural;CONFIRMADO_ESTATICO;src/components/studio/studio-shell.tsx;Matriz automatizada de cobertura. CONFIRMADO_ESTATICO não equivale a teste manual nem a aceitação em hardware real.
DUCK-0688;Navegação;recuperação;evidência disponível;CONFIRMADO_ESTATICO;src/components/studio/studio-shell.tsx;Matriz automatizada de cobertura. CONFIRMADO_ESTATICO não equivale a teste manual nem a aceitação em hardware real.
DUCK-0689;Navegação;recuperação;limite operacional;PARCIAL;src/components/studio/studio-shell.tsx;Matriz automatizada de cobertura. CONFIRMADO_ESTATICO não equivale a teste manual nem a aceitação em hardware real.
DUCK-0690;Navegação;recuperação;aceitação de entrega;REVISAO_HUMANA;src/components/studio/studio-shell.tsx;Matriz automatizada de cobertura. CONFIRMADO_ESTATICO não equivale a teste manual nem a aceitação em hardware real.
DUCK-0691;Navegação;exportação;inspeção estática;CONFIRMADO_ESTATICO;src/components/studio/studio-shell.tsx;Matriz automatizada de cobertura. CONFIRMADO_ESTATICO não equivale a teste manual nem a aceitação em hardware real.
DUCK-0692;Navegação;exportação;prova estrutural;CONFIRMADO_ESTATICO;src/components/studio/studio-shell.tsx;Matriz automatizada de cobertura. CONFIRMADO_ESTATICO não equivale a teste manual nem a aceitação em hardware real.
DUCK-0693;Navegação;exportação;evidência disponível;CONFIRMADO_ESTATICO;src/components/studio/studio-shell.tsx;Matriz automatizada de cobertura. CONFIRMADO_ESTATICO não equivale a teste manual nem a aceitação em hardware real.
DUCK-0694;Navegação;exportação;limite operacional;PARCIAL;src/components/studio/studio-shell.tsx;Matriz automatizada de cobertura. CONFIRMADO_ESTATICO não equivale a teste manual nem a aceitação em hardware real.
DUCK-0695;Navegação;exportação;aceitação de entrega;REVISAO_HUMANA;src/components/studio/studio-shell.tsx;Matriz automatizada de cobertura. CONFIRMADO_ESTATICO não equivale a teste manual nem a aceitação em hardware real.
DUCK-0696;Navegação;entrega;inspeção estática;CONFIRMADO_ESTATICO;src/components/studio/studio-shell.tsx;Matriz automatizada de cobertura. CONFIRMADO_ESTATICO não equivale a teste manual nem a aceitação em hardware real.
DUCK-0697;Navegação;entrega;prova estrutural;CONFIRMADO_ESTATICO;src/components/studio/studio-shell.tsx;Matriz automatizada de cobertura. CONFIRMADO_ESTATICO não equivale a teste manual nem a aceitação em hardware real.
DUCK-0698;Navegação;entrega;evidência disponível;CONFIRMADO_ESTATICO;src/components/studio/studio-shell.tsx;Matriz automatizada de cobertura. CONFIRMADO_ESTATICO não equivale a teste manual nem a aceitação em hardware real.
DUCK-0699;Navegação;entrega;limite operacional;PARCIAL;src/components/studio/studio-shell.tsx;Matriz automatizada de cobertura. CONFIRMADO_ESTATICO não equivale a teste manual nem a aceitação em hardware real.
DUCK-0700;Navegação;entrega;aceitação de entrega;REVISAO_HUMANA;src/components/studio/studio-shell.tsx;Matriz automatizada de cobertura. CONFIRMADO_ESTATICO não equivale a teste manual nem a aceitação em hardware real.
DUCK-0701;Interações;presença funcional;inspeção estática;CONFIRMADO_ESTATICO;src/components/studio/views/project-detail.tsx;Matriz automatizada de cobertura. CONFIRMADO_ESTATICO não equivale a teste manual nem a aceitação em hardware real.
DUCK-0702;Interações;presença funcional;prova estrutural;CONFIRMADO_ESTATICO;src/components/studio/views/project-detail.tsx;Matriz automatizada de cobertura. CONFIRMADO_ESTATICO não equivale a teste manual nem a aceitação em hardware real.
DUCK-0703;Interações;presença funcional;evidência disponível;CONFIRMADO_ESTATICO;src/components/studio/views/project-detail.tsx;Matriz automatizada de cobertura. CONFIRMADO_ESTATICO não equivale a teste manual nem a aceitação em hardware real.
DUCK-0704;Interações;presença funcional;limite operacional;PARCIAL;src/components/studio/views/project-detail.tsx;Matriz automatizada de cobertura. CONFIRMADO_ESTATICO não equivale a teste manual nem a aceitação em hardware real.
DUCK-0705;Interações;presença funcional;aceitação de entrega;REVISAO_HUMANA;src/components/studio/views/project-detail.tsx;Matriz automatizada de cobertura. CONFIRMADO_ESTATICO não equivale a teste manual nem a aceitação em hardware real.
DUCK-0706;Interações;consistência de estados;inspeção estática;CONFIRMADO_ESTATICO;src/components/studio/views/project-detail.tsx;Matriz automatizada de cobertura. CONFIRMADO_ESTATICO não equivale a teste manual nem a aceitação em hardware real.
DUCK-0707;Interações;consistência de estados;prova estrutural;CONFIRMADO_ESTATICO;src/components/studio/views/project-detail.tsx;Matriz automatizada de cobertura. CONFIRMADO_ESTATICO não equivale a teste manual nem a aceitação em hardware real.
DUCK-0708;Interações;consistência de estados;evidência disponível;CONFIRMADO_ESTATICO;src/components/studio/views/project-detail.tsx;Matriz automatizada de cobertura. CONFIRMADO_ESTATICO não equivale a teste manual nem a aceitação em hardware real.
DUCK-0709;Interações;consistência de estados;limite operacional;PARCIAL;src/components/studio/views/project-detail.tsx;Matriz automatizada de cobertura. CONFIRMADO_ESTATICO não equivale a teste manual nem a aceitação em hardware real.
DUCK-0710;Interações;consistência de estados;aceitação de entrega;REVISAO_HUMANA;src/components/studio/views/project-detail.tsx;Matriz automatizada de cobertura. CONFIRMADO_ESTATICO não equivale a teste manual nem a aceitação em hardware real.
DUCK-0711;Interações;clareza de feedback;inspeção estática;CONFIRMADO_ESTATICO;src/components/studio/views/project-detail.tsx;Matriz automatizada de cobertura. CONFIRMADO_ESTATICO não equivale a teste manual nem a aceitação em hardware real.
DUCK-0712;Interações;clareza de feedback;prova estrutural;CONFIRMADO_ESTATICO;src/components/studio/views/project-detail.tsx;Matriz automatizada de cobertura. CONFIRMADO_ESTATICO não equivale a teste manual nem a aceitação em hardware real.
DUCK-0713;Interações;clareza de feedback;evidência disponível;CONFIRMADO_ESTATICO;src/components/studio/views/project-detail.tsx;Matriz automatizada de cobertura. CONFIRMADO_ESTATICO não equivale a teste manual nem a aceitação em hardware real.
DUCK-0714;Interações;clareza de feedback;limite operacional;PARCIAL;src/components/studio/views/project-detail.tsx;Matriz automatizada de cobertura. CONFIRMADO_ESTATICO não equivale a teste manual nem a aceitação em hardware real.
DUCK-0715;Interações;clareza de feedback;aceitação de entrega;REVISAO_HUMANA;src/components/studio/views/project-detail.tsx;Matriz automatizada de cobertura. CONFIRMADO_ESTATICO não equivale a teste manual nem a aceitação em hardware real.
DUCK-0716;Interações;tratamento de erro;inspeção estática;CONFIRMADO_ESTATICO;src/components/studio/views/project-detail.tsx;Matriz automatizada de cobertura. CONFIRMADO_ESTATICO não equivale a teste manual nem a aceitação em hardware real.
DUCK-0717;Interações;tratamento de erro;prova estrutural;CONFIRMADO_ESTATICO;src/components/studio/views/project-detail.tsx;Matriz automatizada de cobertura. CONFIRMADO_ESTATICO não equivale a teste manual nem a aceitação em hardware real.
DUCK-0718;Interações;tratamento de erro;evidência disponível;CONFIRMADO_ESTATICO;src/components/studio/views/project-detail.tsx;Matriz automatizada de cobertura. CONFIRMADO_ESTATICO não equivale a teste manual nem a aceitação em hardware real.
DUCK-0719;Interações;tratamento de erro;limite operacional;PARCIAL;src/components/studio/views/project-detail.tsx;Matriz automatizada de cobertura. CONFIRMADO_ESTATICO não equivale a teste manual nem a aceitação em hardware real.
DUCK-0720;Interações;tratamento de erro;aceitação de entrega;REVISAO_HUMANA;src/components/studio/views/project-detail.tsx;Matriz automatizada de cobertura. CONFIRMADO_ESTATICO não equivale a teste manual nem a aceitação em hardware real.
DUCK-0721;Interações;navegação por teclado;inspeção estática;CONFIRMADO_ESTATICO;src/components/studio/views/project-detail.tsx;Matriz automatizada de cobertura. CONFIRMADO_ESTATICO não equivale a teste manual nem a aceitação em hardware real.
DUCK-0722;Interações;navegação por teclado;prova estrutural;CONFIRMADO_ESTATICO;src/components/studio/views/project-detail.tsx;Matriz automatizada de cobertura. CONFIRMADO_ESTATICO não equivale a teste manual nem a aceitação em hardware real.
DUCK-0723;Interações;navegação por teclado;evidência disponível;CONFIRMADO_ESTATICO;src/components/studio/views/project-detail.tsx;Matriz automatizada de cobertura. CONFIRMADO_ESTATICO não equivale a teste manual nem a aceitação em hardware real.
DUCK-0724;Interações;navegação por teclado;limite operacional;PARCIAL;src/components/studio/views/project-detail.tsx;Matriz automatizada de cobertura. CONFIRMADO_ESTATICO não equivale a teste manual nem a aceitação em hardware real.
DUCK-0725;Interações;navegação por teclado;aceitação de entrega;REVISAO_HUMANA;src/components/studio/views/project-detail.tsx;Matriz automatizada de cobertura. CONFIRMADO_ESTATICO não equivale a teste manual nem a aceitação em hardware real.
DUCK-0726;Interações;legibilidade;inspeção estática;CONFIRMADO_ESTATICO;src/components/studio/views/project-detail.tsx;Matriz automatizada de cobertura. CONFIRMADO_ESTATICO não equivale a teste manual nem a aceitação em hardware real.
DUCK-0727;Interações;legibilidade;prova estrutural;CONFIRMADO_ESTATICO;src/components/studio/views/project-detail.tsx;Matriz automatizada de cobertura. CONFIRMADO_ESTATICO não equivale a teste manual nem a aceitação em hardware real.
DUCK-0728;Interações;legibilidade;evidência disponível;CONFIRMADO_ESTATICO;src/components/studio/views/project-detail.tsx;Matriz automatizada de cobertura. CONFIRMADO_ESTATICO não equivale a teste manual nem a aceitação em hardware real.
DUCK-0729;Interações;legibilidade;limite operacional;PARCIAL;src/components/studio/views/project-detail.tsx;Matriz automatizada de cobertura. CONFIRMADO_ESTATICO não equivale a teste manual nem a aceitação em hardware real.
DUCK-0730;Interações;legibilidade;aceitação de entrega;REVISAO_HUMANA;src/components/studio/views/project-detail.tsx;Matriz automatizada de cobertura. CONFIRMADO_ESTATICO não equivale a teste manual nem a aceitação em hardware real.
DUCK-0731;Interações;contraste;inspeção estática;CONFIRMADO_ESTATICO;src/components/studio/views/project-detail.tsx;Matriz automatizada de cobertura. CONFIRMADO_ESTATICO não equivale a teste manual nem a aceitação em hardware real.
DUCK-0732;Interações;contraste;prova estrutural;CONFIRMADO_ESTATICO;src/components/studio/views/project-detail.tsx;Matriz automatizada de cobertura. CONFIRMADO_ESTATICO não equivale a teste manual nem a aceitação em hardware real.
DUCK-0733;Interações;contraste;evidência disponível;CONFIRMADO_ESTATICO;src/components/studio/views/project-detail.tsx;Matriz automatizada de cobertura. CONFIRMADO_ESTATICO não equivale a teste manual nem a aceitação em hardware real.
DUCK-0734;Interações;contraste;limite operacional;PARCIAL;src/components/studio/views/project-detail.tsx;Matriz automatizada de cobertura. CONFIRMADO_ESTATICO não equivale a teste manual nem a aceitação em hardware real.
DUCK-0735;Interações;contraste;aceitação de entrega;REVISAO_HUMANA;src/components/studio/views/project-detail.tsx;Matriz automatizada de cobertura. CONFIRMADO_ESTATICO não equivale a teste manual nem a aceitação em hardware real.
DUCK-0736;Interações;responsividade;inspeção estática;CONFIRMADO_ESTATICO;src/components/studio/views/project-detail.tsx;Matriz automatizada de cobertura. CONFIRMADO_ESTATICO não equivale a teste manual nem a aceitação em hardware real.
DUCK-0737;Interações;responsividade;prova estrutural;CONFIRMADO_ESTATICO;src/components/studio/views/project-detail.tsx;Matriz automatizada de cobertura. CONFIRMADO_ESTATICO não equivale a teste manual nem a aceitação em hardware real.
DUCK-0738;Interações;responsividade;evidência disponível;CONFIRMADO_ESTATICO;src/components/studio/views/project-detail.tsx;Matriz automatizada de cobertura. CONFIRMADO_ESTATICO não equivale a teste manual nem a aceitação em hardware real.
DUCK-0739;Interações;responsividade;limite operacional;PARCIAL;src/components/studio/views/project-detail.tsx;Matriz automatizada de cobertura. CONFIRMADO_ESTATICO não equivale a teste manual nem a aceitação em hardware real.
DUCK-0740;Interações;responsividade;aceitação de entrega;REVISAO_HUMANA;src/components/studio/views/project-detail.tsx;Matriz automatizada de cobertura. CONFIRMADO_ESTATICO não equivale a teste manual nem a aceitação em hardware real.
DUCK-0741;Interações;persistência;inspeção estática;CONFIRMADO_ESTATICO;src/components/studio/views/project-detail.tsx;Matriz automatizada de cobertura. CONFIRMADO_ESTATICO não equivale a teste manual nem a aceitação em hardware real.
DUCK-0742;Interações;persistência;prova estrutural;CONFIRMADO_ESTATICO;src/components/studio/views/project-detail.tsx;Matriz automatizada de cobertura. CONFIRMADO_ESTATICO não equivale a teste manual nem a aceitação em hardware real.
DUCK-0743;Interações;persistência;evidência disponível;CONFIRMADO_ESTATICO;src/components/studio/views/project-detail.tsx;Matriz automatizada de cobertura. CONFIRMADO_ESTATICO não equivale a teste manual nem a aceitação em hardware real.
DUCK-0744;Interações;persistência;limite operacional;PARCIAL;src/components/studio/views/project-detail.tsx;Matriz automatizada de cobertura. CONFIRMADO_ESTATICO não equivale a teste manual nem a aceitação em hardware real.
DUCK-0745;Interações;persistência;aceitação de entrega;REVISAO_HUMANA;src/components/studio/views/project-detail.tsx;Matriz automatizada de cobertura. CONFIRMADO_ESTATICO não equivale a teste manual nem a aceitação em hardware real.
DUCK-0746;Interações;segurança de entrada;inspeção estática;CONFIRMADO_ESTATICO;src/components/studio/views/project-detail.tsx;Matriz automatizada de cobertura. CONFIRMADO_ESTATICO não equivale a teste manual nem a aceitação em hardware real.
DUCK-0747;Interações;segurança de entrada;prova estrutural;CONFIRMADO_ESTATICO;src/components/studio/views/project-detail.tsx;Matriz automatizada de cobertura. CONFIRMADO_ESTATICO não equivale a teste manual nem a aceitação em hardware real.
DUCK-0748;Interações;segurança de entrada;evidência disponível;CONFIRMADO_ESTATICO;src/components/studio/views/project-detail.tsx;Matriz automatizada de cobertura. CONFIRMADO_ESTATICO não equivale a teste manual nem a aceitação em hardware real.
DUCK-0749;Interações;segurança de entrada;limite operacional;PARCIAL;src/components/studio/views/project-detail.tsx;Matriz automatizada de cobertura. CONFIRMADO_ESTATICO não equivale a teste manual nem a aceitação em hardware real.
DUCK-0750;Interações;segurança de entrada;aceitação de entrega;REVISAO_HUMANA;src/components/studio/views/project-detail.tsx;Matriz automatizada de cobertura. CONFIRMADO_ESTATICO não equivale a teste manual nem a aceitação em hardware real.
DUCK-0751;Interações;privacidade;inspeção estática;CONFIRMADO_ESTATICO;src/components/studio/views/project-detail.tsx;Matriz automatizada de cobertura. CONFIRMADO_ESTATICO não equivale a teste manual nem a aceitação em hardware real.
DUCK-0752;Interações;privacidade;prova estrutural;CONFIRMADO_ESTATICO;src/components/studio/views/project-detail.tsx;Matriz automatizada de cobertura. CONFIRMADO_ESTATICO não equivale a teste manual nem a aceitação em hardware real.
DUCK-0753;Interações;privacidade;evidência disponível;CONFIRMADO_ESTATICO;src/components/studio/views/project-detail.tsx;Matriz automatizada de cobertura. CONFIRMADO_ESTATICO não equivale a teste manual nem a aceitação em hardware real.
DUCK-0754;Interações;privacidade;limite operacional;PARCIAL;src/components/studio/views/project-detail.tsx;Matriz automatizada de cobertura. CONFIRMADO_ESTATICO não equivale a teste manual nem a aceitação em hardware real.
DUCK-0755;Interações;privacidade;aceitação de entrega;REVISAO_HUMANA;src/components/studio/views/project-detail.tsx;Matriz automatizada de cobertura. CONFIRMADO_ESTATICO não equivale a teste manual nem a aceitação em hardware real.
DUCK-0756;Interações;desempenho;inspeção estática;CONFIRMADO_ESTATICO;src/components/studio/views/project-detail.tsx;Matriz automatizada de cobertura. CONFIRMADO_ESTATICO não equivale a teste manual nem a aceitação em hardware real.
DUCK-0757;Interações;desempenho;prova estrutural;CONFIRMADO_ESTATICO;src/components/studio/views/project-detail.tsx;Matriz automatizada de cobertura. CONFIRMADO_ESTATICO não equivale a teste manual nem a aceitação em hardware real.
DUCK-0758;Interações;desempenho;evidência disponível;CONFIRMADO_ESTATICO;src/components/studio/views/project-detail.tsx;Matriz automatizada de cobertura. CONFIRMADO_ESTATICO não equivale a teste manual nem a aceitação em hardware real.
DUCK-0759;Interações;desempenho;limite operacional;PARCIAL;src/components/studio/views/project-detail.tsx;Matriz automatizada de cobertura. CONFIRMADO_ESTATICO não equivale a teste manual nem a aceitação em hardware real.
DUCK-0760;Interações;desempenho;aceitação de entrega;REVISAO_HUMANA;src/components/studio/views/project-detail.tsx;Matriz automatizada de cobertura. CONFIRMADO_ESTATICO não equivale a teste manual nem a aceitação em hardware real.
DUCK-0761;Interações;manutenibilidade;inspeção estática;CONFIRMADO_ESTATICO;src/components/studio/views/project-detail.tsx;Matriz automatizada de cobertura. CONFIRMADO_ESTATICO não equivale a teste manual nem a aceitação em hardware real.
DUCK-0762;Interações;manutenibilidade;prova estrutural;CONFIRMADO_ESTATICO;src/components/studio/views/project-detail.tsx;Matriz automatizada de cobertura. CONFIRMADO_ESTATICO não equivale a teste manual nem a aceitação em hardware real.
DUCK-0763;Interações;manutenibilidade;evidência disponível;CONFIRMADO_ESTATICO;src/components/studio/views/project-detail.tsx;Matriz automatizada de cobertura. CONFIRMADO_ESTATICO não equivale a teste manual nem a aceitação em hardware real.
DUCK-0764;Interações;manutenibilidade;limite operacional;PARCIAL;src/components/studio/views/project-detail.tsx;Matriz automatizada de cobertura. CONFIRMADO_ESTATICO não equivale a teste manual nem a aceitação em hardware real.
DUCK-0765;Interações;manutenibilidade;aceitação de entrega;REVISAO_HUMANA;src/components/studio/views/project-detail.tsx;Matriz automatizada de cobertura. CONFIRMADO_ESTATICO não equivale a teste manual nem a aceitação em hardware real.
DUCK-0766;Interações;tipagem;inspeção estática;CONFIRMADO_ESTATICO;src/components/studio/views/project-detail.tsx;Matriz automatizada de cobertura. CONFIRMADO_ESTATICO não equivale a teste manual nem a aceitação em hardware real.
DUCK-0767;Interações;tipagem;prova estrutural;CONFIRMADO_ESTATICO;src/components/studio/views/project-detail.tsx;Matriz automatizada de cobertura. CONFIRMADO_ESTATICO não equivale a teste manual nem a aceitação em hardware real.
DUCK-0768;Interações;tipagem;evidência disponível;CONFIRMADO_ESTATICO;src/components/studio/views/project-detail.tsx;Matriz automatizada de cobertura. CONFIRMADO_ESTATICO não equivale a teste manual nem a aceitação em hardware real.
DUCK-0769;Interações;tipagem;limite operacional;PARCIAL;src/components/studio/views/project-detail.tsx;Matriz automatizada de cobertura. CONFIRMADO_ESTATICO não equivale a teste manual nem a aceitação em hardware real.
DUCK-0770;Interações;tipagem;aceitação de entrega;REVISAO_HUMANA;src/components/studio/views/project-detail.tsx;Matriz automatizada de cobertura. CONFIRMADO_ESTATICO não equivale a teste manual nem a aceitação em hardware real.
DUCK-0771;Interações;rastreabilidade;inspeção estática;CONFIRMADO_ESTATICO;src/components/studio/views/project-detail.tsx;Matriz automatizada de cobertura. CONFIRMADO_ESTATICO não equivale a teste manual nem a aceitação em hardware real.
DUCK-0772;Interações;rastreabilidade;prova estrutural;CONFIRMADO_ESTATICO;src/components/studio/views/project-detail.tsx;Matriz automatizada de cobertura. CONFIRMADO_ESTATICO não equivale a teste manual nem a aceitação em hardware real.
DUCK-0773;Interações;rastreabilidade;evidência disponível;CONFIRMADO_ESTATICO;src/components/studio/views/project-detail.tsx;Matriz automatizada de cobertura. CONFIRMADO_ESTATICO não equivale a teste manual nem a aceitação em hardware real.
DUCK-0774;Interações;rastreabilidade;limite operacional;PARCIAL;src/components/studio/views/project-detail.tsx;Matriz automatizada de cobertura. CONFIRMADO_ESTATICO não equivale a teste manual nem a aceitação em hardware real.
DUCK-0775;Interações;rastreabilidade;aceitação de entrega;REVISAO_HUMANA;src/components/studio/views/project-detail.tsx;Matriz automatizada de cobertura. CONFIRMADO_ESTATICO não equivale a teste manual nem a aceitação em hardware real.
DUCK-0776;Interações;evidência visual;inspeção estática;CONFIRMADO_ESTATICO;src/components/studio/views/project-detail.tsx;Matriz automatizada de cobertura. CONFIRMADO_ESTATICO não equivale a teste manual nem a aceitação em hardware real.
DUCK-0777;Interações;evidência visual;prova estrutural;CONFIRMADO_ESTATICO;src/components/studio/views/project-detail.tsx;Matriz automatizada de cobertura. CONFIRMADO_ESTATICO não equivale a teste manual nem a aceitação em hardware real.
DUCK-0778;Interações;evidência visual;evidência disponível;CONFIRMADO_ESTATICO;src/components/studio/views/project-detail.tsx;Matriz automatizada de cobertura. CONFIRMADO_ESTATICO não equivale a teste manual nem a aceitação em hardware real.
DUCK-0779;Interações;evidência visual;limite operacional;PARCIAL;src/components/studio/views/project-detail.tsx;Matriz automatizada de cobertura. CONFIRMADO_ESTATICO não equivale a teste manual nem a aceitação em hardware real.
DUCK-0780;Interações;evidência visual;aceitação de entrega;REVISAO_HUMANA;src/components/studio/views/project-detail.tsx;Matriz automatizada de cobertura. CONFIRMADO_ESTATICO não equivale a teste manual nem a aceitação em hardware real.
DUCK-0781;Interações;documentação;inspeção estática;CONFIRMADO_ESTATICO;src/components/studio/views/project-detail.tsx;Matriz automatizada de cobertura. CONFIRMADO_ESTATICO não equivale a teste manual nem a aceitação em hardware real.
DUCK-0782;Interações;documentação;prova estrutural;CONFIRMADO_ESTATICO;src/components/studio/views/project-detail.tsx;Matriz automatizada de cobertura. CONFIRMADO_ESTATICO não equivale a teste manual nem a aceitação em hardware real.
DUCK-0783;Interações;documentação;evidência disponível;CONFIRMADO_ESTATICO;src/components/studio/views/project-detail.tsx;Matriz automatizada de cobertura. CONFIRMADO_ESTATICO não equivale a teste manual nem a aceitação em hardware real.
DUCK-0784;Interações;documentação;limite operacional;PARCIAL;src/components/studio/views/project-detail.tsx;Matriz automatizada de cobertura. CONFIRMADO_ESTATICO não equivale a teste manual nem a aceitação em hardware real.
DUCK-0785;Interações;documentação;aceitação de entrega;REVISAO_HUMANA;src/components/studio/views/project-detail.tsx;Matriz automatizada de cobertura. CONFIRMADO_ESTATICO não equivale a teste manual nem a aceitação em hardware real.
DUCK-0786;Interações;recuperação;inspeção estática;CONFIRMADO_ESTATICO;src/components/studio/views/project-detail.tsx;Matriz automatizada de cobertura. CONFIRMADO_ESTATICO não equivale a teste manual nem a aceitação em hardware real.
DUCK-0787;Interações;recuperação;prova estrutural;CONFIRMADO_ESTATICO;src/components/studio/views/project-detail.tsx;Matriz automatizada de cobertura. CONFIRMADO_ESTATICO não equivale a teste manual nem a aceitação em hardware real.
DUCK-0788;Interações;recuperação;evidência disponível;CONFIRMADO_ESTATICO;src/components/studio/views/project-detail.tsx;Matriz automatizada de cobertura. CONFIRMADO_ESTATICO não equivale a teste manual nem a aceitação em hardware real.
DUCK-0789;Interações;recuperação;limite operacional;PARCIAL;src/components/studio/views/project-detail.tsx;Matriz automatizada de cobertura. CONFIRMADO_ESTATICO não equivale a teste manual nem a aceitação em hardware real.
DUCK-0790;Interações;recuperação;aceitação de entrega;REVISAO_HUMANA;src/components/studio/views/project-detail.tsx;Matriz automatizada de cobertura. CONFIRMADO_ESTATICO não equivale a teste manual nem a aceitação em hardware real.
DUCK-0791;Interações;exportação;inspeção estática;CONFIRMADO_ESTATICO;src/components/studio/views/project-detail.tsx;Matriz automatizada de cobertura. CONFIRMADO_ESTATICO não equivale a teste manual nem a aceitação em hardware real.
DUCK-0792;Interações;exportação;prova estrutural;CONFIRMADO_ESTATICO;src/components/studio/views/project-detail.tsx;Matriz automatizada de cobertura. CONFIRMADO_ESTATICO não equivale a teste manual nem a aceitação em hardware real.
DUCK-0793;Interações;exportação;evidência disponível;CONFIRMADO_ESTATICO;src/components/studio/views/project-detail.tsx;Matriz automatizada de cobertura. CONFIRMADO_ESTATICO não equivale a teste manual nem a aceitação em hardware real.
DUCK-0794;Interações;exportação;limite operacional;PARCIAL;src/components/studio/views/project-detail.tsx;Matriz automatizada de cobertura. CONFIRMADO_ESTATICO não equivale a teste manual nem a aceitação em hardware real.
DUCK-0795;Interações;exportação;aceitação de entrega;REVISAO_HUMANA;src/components/studio/views/project-detail.tsx;Matriz automatizada de cobertura. CONFIRMADO_ESTATICO não equivale a teste manual nem a aceitação em hardware real.
DUCK-0796;Interações;entrega;inspeção estática;CONFIRMADO_ESTATICO;src/components/studio/views/project-detail.tsx;Matriz automatizada de cobertura. CONFIRMADO_ESTATICO não equivale a teste manual nem a aceitação em hardware real.
DUCK-0797;Interações;entrega;prova estrutural;CONFIRMADO_ESTATICO;src/components/studio/views/project-detail.tsx;Matriz automatizada de cobertura. CONFIRMADO_ESTATICO não equivale a teste manual nem a aceitação em hardware real.
DUCK-0798;Interações;entrega;evidência disponível;CONFIRMADO_ESTATICO;src/components/studio/views/project-detail.tsx;Matriz automatizada de cobertura. CONFIRMADO_ESTATICO não equivale a teste manual nem a aceitação em hardware real.
DUCK-0799;Interações;entrega;limite operacional;PARCIAL;src/components/studio/views/project-detail.tsx;Matriz automatizada de cobertura. CONFIRMADO_ESTATICO não equivale a teste manual nem a aceitação em hardware real.
DUCK-0800;Interações;entrega;aceitação de entrega;REVISAO_HUMANA;src/components/studio/views/project-detail.tsx;Matriz automatizada de cobertura. CONFIRMADO_ESTATICO não equivale a teste manual nem a aceitação em hardware real.
DUCK-0801;Motion design;presença funcional;inspeção estática;CONFIRMADO_ESTATICO;src/components/studio/loading-screen.tsx;Matriz automatizada de cobertura. CONFIRMADO_ESTATICO não equivale a teste manual nem a aceitação em hardware real.
DUCK-0802;Motion design;presença funcional;prova estrutural;CONFIRMADO_ESTATICO;src/components/studio/loading-screen.tsx;Matriz automatizada de cobertura. CONFIRMADO_ESTATICO não equivale a teste manual nem a aceitação em hardware real.
DUCK-0803;Motion design;presença funcional;evidência disponível;CONFIRMADO_ESTATICO;src/components/studio/loading-screen.tsx;Matriz automatizada de cobertura. CONFIRMADO_ESTATICO não equivale a teste manual nem a aceitação em hardware real.
DUCK-0804;Motion design;presença funcional;limite operacional;PARCIAL;src/components/studio/loading-screen.tsx;Matriz automatizada de cobertura. CONFIRMADO_ESTATICO não equivale a teste manual nem a aceitação em hardware real.
DUCK-0805;Motion design;presença funcional;aceitação de entrega;REVISAO_HUMANA;src/components/studio/loading-screen.tsx;Matriz automatizada de cobertura. CONFIRMADO_ESTATICO não equivale a teste manual nem a aceitação em hardware real.
DUCK-0806;Motion design;consistência de estados;inspeção estática;CONFIRMADO_ESTATICO;src/components/studio/loading-screen.tsx;Matriz automatizada de cobertura. CONFIRMADO_ESTATICO não equivale a teste manual nem a aceitação em hardware real.
DUCK-0807;Motion design;consistência de estados;prova estrutural;CONFIRMADO_ESTATICO;src/components/studio/loading-screen.tsx;Matriz automatizada de cobertura. CONFIRMADO_ESTATICO não equivale a teste manual nem a aceitação em hardware real.
DUCK-0808;Motion design;consistência de estados;evidência disponível;CONFIRMADO_ESTATICO;src/components/studio/loading-screen.tsx;Matriz automatizada de cobertura. CONFIRMADO_ESTATICO não equivale a teste manual nem a aceitação em hardware real.
DUCK-0809;Motion design;consistência de estados;limite operacional;PARCIAL;src/components/studio/loading-screen.tsx;Matriz automatizada de cobertura. CONFIRMADO_ESTATICO não equivale a teste manual nem a aceitação em hardware real.
DUCK-0810;Motion design;consistência de estados;aceitação de entrega;REVISAO_HUMANA;src/components/studio/loading-screen.tsx;Matriz automatizada de cobertura. CONFIRMADO_ESTATICO não equivale a teste manual nem a aceitação em hardware real.
DUCK-0811;Motion design;clareza de feedback;inspeção estática;CONFIRMADO_ESTATICO;src/components/studio/loading-screen.tsx;Matriz automatizada de cobertura. CONFIRMADO_ESTATICO não equivale a teste manual nem a aceitação em hardware real.
DUCK-0812;Motion design;clareza de feedback;prova estrutural;CONFIRMADO_ESTATICO;src/components/studio/loading-screen.tsx;Matriz automatizada de cobertura. CONFIRMADO_ESTATICO não equivale a teste manual nem a aceitação em hardware real.
DUCK-0813;Motion design;clareza de feedback;evidência disponível;CONFIRMADO_ESTATICO;src/components/studio/loading-screen.tsx;Matriz automatizada de cobertura. CONFIRMADO_ESTATICO não equivale a teste manual nem a aceitação em hardware real.
DUCK-0814;Motion design;clareza de feedback;limite operacional;PARCIAL;src/components/studio/loading-screen.tsx;Matriz automatizada de cobertura. CONFIRMADO_ESTATICO não equivale a teste manual nem a aceitação em hardware real.
DUCK-0815;Motion design;clareza de feedback;aceitação de entrega;REVISAO_HUMANA;src/components/studio/loading-screen.tsx;Matriz automatizada de cobertura. CONFIRMADO_ESTATICO não equivale a teste manual nem a aceitação em hardware real.
DUCK-0816;Motion design;tratamento de erro;inspeção estática;CONFIRMADO_ESTATICO;src/components/studio/loading-screen.tsx;Matriz automatizada de cobertura. CONFIRMADO_ESTATICO não equivale a teste manual nem a aceitação em hardware real.
DUCK-0817;Motion design;tratamento de erro;prova estrutural;CONFIRMADO_ESTATICO;src/components/studio/loading-screen.tsx;Matriz automatizada de cobertura. CONFIRMADO_ESTATICO não equivale a teste manual nem a aceitação em hardware real.
DUCK-0818;Motion design;tratamento de erro;evidência disponível;CONFIRMADO_ESTATICO;src/components/studio/loading-screen.tsx;Matriz automatizada de cobertura. CONFIRMADO_ESTATICO não equivale a teste manual nem a aceitação em hardware real.
DUCK-0819;Motion design;tratamento de erro;limite operacional;PARCIAL;src/components/studio/loading-screen.tsx;Matriz automatizada de cobertura. CONFIRMADO_ESTATICO não equivale a teste manual nem a aceitação em hardware real.
DUCK-0820;Motion design;tratamento de erro;aceitação de entrega;REVISAO_HUMANA;src/components/studio/loading-screen.tsx;Matriz automatizada de cobertura. CONFIRMADO_ESTATICO não equivale a teste manual nem a aceitação em hardware real.
DUCK-0821;Motion design;navegação por teclado;inspeção estática;CONFIRMADO_ESTATICO;src/components/studio/loading-screen.tsx;Matriz automatizada de cobertura. CONFIRMADO_ESTATICO não equivale a teste manual nem a aceitação em hardware real.
DUCK-0822;Motion design;navegação por teclado;prova estrutural;CONFIRMADO_ESTATICO;src/components/studio/loading-screen.tsx;Matriz automatizada de cobertura. CONFIRMADO_ESTATICO não equivale a teste manual nem a aceitação em hardware real.
DUCK-0823;Motion design;navegação por teclado;evidência disponível;CONFIRMADO_ESTATICO;src/components/studio/loading-screen.tsx;Matriz automatizada de cobertura. CONFIRMADO_ESTATICO não equivale a teste manual nem a aceitação em hardware real.
DUCK-0824;Motion design;navegação por teclado;limite operacional;PARCIAL;src/components/studio/loading-screen.tsx;Matriz automatizada de cobertura. CONFIRMADO_ESTATICO não equivale a teste manual nem a aceitação em hardware real.
DUCK-0825;Motion design;navegação por teclado;aceitação de entrega;REVISAO_HUMANA;src/components/studio/loading-screen.tsx;Matriz automatizada de cobertura. CONFIRMADO_ESTATICO não equivale a teste manual nem a aceitação em hardware real.
DUCK-0826;Motion design;legibilidade;inspeção estática;CONFIRMADO_ESTATICO;src/components/studio/loading-screen.tsx;Matriz automatizada de cobertura. CONFIRMADO_ESTATICO não equivale a teste manual nem a aceitação em hardware real.
DUCK-0827;Motion design;legibilidade;prova estrutural;CONFIRMADO_ESTATICO;src/components/studio/loading-screen.tsx;Matriz automatizada de cobertura. CONFIRMADO_ESTATICO não equivale a teste manual nem a aceitação em hardware real.
DUCK-0828;Motion design;legibilidade;evidência disponível;CONFIRMADO_ESTATICO;src/components/studio/loading-screen.tsx;Matriz automatizada de cobertura. CONFIRMADO_ESTATICO não equivale a teste manual nem a aceitação em hardware real.
DUCK-0829;Motion design;legibilidade;limite operacional;PARCIAL;src/components/studio/loading-screen.tsx;Matriz automatizada de cobertura. CONFIRMADO_ESTATICO não equivale a teste manual nem a aceitação em hardware real.
DUCK-0830;Motion design;legibilidade;aceitação de entrega;REVISAO_HUMANA;src/components/studio/loading-screen.tsx;Matriz automatizada de cobertura. CONFIRMADO_ESTATICO não equivale a teste manual nem a aceitação em hardware real.
DUCK-0831;Motion design;contraste;inspeção estática;CONFIRMADO_ESTATICO;src/components/studio/loading-screen.tsx;Matriz automatizada de cobertura. CONFIRMADO_ESTATICO não equivale a teste manual nem a aceitação em hardware real.
DUCK-0832;Motion design;contraste;prova estrutural;CONFIRMADO_ESTATICO;src/components/studio/loading-screen.tsx;Matriz automatizada de cobertura. CONFIRMADO_ESTATICO não equivale a teste manual nem a aceitação em hardware real.
DUCK-0833;Motion design;contraste;evidência disponível;CONFIRMADO_ESTATICO;src/components/studio/loading-screen.tsx;Matriz automatizada de cobertura. CONFIRMADO_ESTATICO não equivale a teste manual nem a aceitação em hardware real.
DUCK-0834;Motion design;contraste;limite operacional;PARCIAL;src/components/studio/loading-screen.tsx;Matriz automatizada de cobertura. CONFIRMADO_ESTATICO não equivale a teste manual nem a aceitação em hardware real.
DUCK-0835;Motion design;contraste;aceitação de entrega;REVISAO_HUMANA;src/components/studio/loading-screen.tsx;Matriz automatizada de cobertura. CONFIRMADO_ESTATICO não equivale a teste manual nem a aceitação em hardware real.
DUCK-0836;Motion design;responsividade;inspeção estática;CONFIRMADO_ESTATICO;src/components/studio/loading-screen.tsx;Matriz automatizada de cobertura. CONFIRMADO_ESTATICO não equivale a teste manual nem a aceitação em hardware real.
DUCK-0837;Motion design;responsividade;prova estrutural;CONFIRMADO_ESTATICO;src/components/studio/loading-screen.tsx;Matriz automatizada de cobertura. CONFIRMADO_ESTATICO não equivale a teste manual nem a aceitação em hardware real.
DUCK-0838;Motion design;responsividade;evidência disponível;CONFIRMADO_ESTATICO;src/components/studio/loading-screen.tsx;Matriz automatizada de cobertura. CONFIRMADO_ESTATICO não equivale a teste manual nem a aceitação em hardware real.
DUCK-0839;Motion design;responsividade;limite operacional;PARCIAL;src/components/studio/loading-screen.tsx;Matriz automatizada de cobertura. CONFIRMADO_ESTATICO não equivale a teste manual nem a aceitação em hardware real.
DUCK-0840;Motion design;responsividade;aceitação de entrega;REVISAO_HUMANA;src/components/studio/loading-screen.tsx;Matriz automatizada de cobertura. CONFIRMADO_ESTATICO não equivale a teste manual nem a aceitação em hardware real.
DUCK-0841;Motion design;persistência;inspeção estática;CONFIRMADO_ESTATICO;src/components/studio/loading-screen.tsx;Matriz automatizada de cobertura. CONFIRMADO_ESTATICO não equivale a teste manual nem a aceitação em hardware real.
DUCK-0842;Motion design;persistência;prova estrutural;CONFIRMADO_ESTATICO;src/components/studio/loading-screen.tsx;Matriz automatizada de cobertura. CONFIRMADO_ESTATICO não equivale a teste manual nem a aceitação em hardware real.
DUCK-0843;Motion design;persistência;evidência disponível;CONFIRMADO_ESTATICO;src/components/studio/loading-screen.tsx;Matriz automatizada de cobertura. CONFIRMADO_ESTATICO não equivale a teste manual nem a aceitação em hardware real.
DUCK-0844;Motion design;persistência;limite operacional;PARCIAL;src/components/studio/loading-screen.tsx;Matriz automatizada de cobertura. CONFIRMADO_ESTATICO não equivale a teste manual nem a aceitação em hardware real.
DUCK-0845;Motion design;persistência;aceitação de entrega;REVISAO_HUMANA;src/components/studio/loading-screen.tsx;Matriz automatizada de cobertura. CONFIRMADO_ESTATICO não equivale a teste manual nem a aceitação em hardware real.
DUCK-0846;Motion design;segurança de entrada;inspeção estática;CONFIRMADO_ESTATICO;src/components/studio/loading-screen.tsx;Matriz automatizada de cobertura. CONFIRMADO_ESTATICO não equivale a teste manual nem a aceitação em hardware real.
DUCK-0847;Motion design;segurança de entrada;prova estrutural;CONFIRMADO_ESTATICO;src/components/studio/loading-screen.tsx;Matriz automatizada de cobertura. CONFIRMADO_ESTATICO não equivale a teste manual nem a aceitação em hardware real.
DUCK-0848;Motion design;segurança de entrada;evidência disponível;CONFIRMADO_ESTATICO;src/components/studio/loading-screen.tsx;Matriz automatizada de cobertura. CONFIRMADO_ESTATICO não equivale a teste manual nem a aceitação em hardware real.
DUCK-0849;Motion design;segurança de entrada;limite operacional;PARCIAL;src/components/studio/loading-screen.tsx;Matriz automatizada de cobertura. CONFIRMADO_ESTATICO não equivale a teste manual nem a aceitação em hardware real.
DUCK-0850;Motion design;segurança de entrada;aceitação de entrega;REVISAO_HUMANA;src/components/studio/loading-screen.tsx;Matriz automatizada de cobertura. CONFIRMADO_ESTATICO não equivale a teste manual nem a aceitação em hardware real.
DUCK-0851;Motion design;privacidade;inspeção estática;CONFIRMADO_ESTATICO;src/components/studio/loading-screen.tsx;Matriz automatizada de cobertura. CONFIRMADO_ESTATICO não equivale a teste manual nem a aceitação em hardware real.
DUCK-0852;Motion design;privacidade;prova estrutural;CONFIRMADO_ESTATICO;src/components/studio/loading-screen.tsx;Matriz automatizada de cobertura. CONFIRMADO_ESTATICO não equivale a teste manual nem a aceitação em hardware real.
DUCK-0853;Motion design;privacidade;evidência disponível;CONFIRMADO_ESTATICO;src/components/studio/loading-screen.tsx;Matriz automatizada de cobertura. CONFIRMADO_ESTATICO não equivale a teste manual nem a aceitação em hardware real.
DUCK-0854;Motion design;privacidade;limite operacional;PARCIAL;src/components/studio/loading-screen.tsx;Matriz automatizada de cobertura. CONFIRMADO_ESTATICO não equivale a teste manual nem a aceitação em hardware real.
DUCK-0855;Motion design;privacidade;aceitação de entrega;REVISAO_HUMANA;src/components/studio/loading-screen.tsx;Matriz automatizada de cobertura. CONFIRMADO_ESTATICO não equivale a teste manual nem a aceitação em hardware real.
DUCK-0856;Motion design;desempenho;inspeção estática;CONFIRMADO_ESTATICO;src/components/studio/loading-screen.tsx;Matriz automatizada de cobertura. CONFIRMADO_ESTATICO não equivale a teste manual nem a aceitação em hardware real.
DUCK-0857;Motion design;desempenho;prova estrutural;CONFIRMADO_ESTATICO;src/components/studio/loading-screen.tsx;Matriz automatizada de cobertura. CONFIRMADO_ESTATICO não equivale a teste manual nem a aceitação em hardware real.
DUCK-0858;Motion design;desempenho;evidência disponível;CONFIRMADO_ESTATICO;src/components/studio/loading-screen.tsx;Matriz automatizada de cobertura. CONFIRMADO_ESTATICO não equivale a teste manual nem a aceitação em hardware real.
DUCK-0859;Motion design;desempenho;limite operacional;PARCIAL;src/components/studio/loading-screen.tsx;Matriz automatizada de cobertura. CONFIRMADO_ESTATICO não equivale a teste manual nem a aceitação em hardware real.
DUCK-0860;Motion design;desempenho;aceitação de entrega;REVISAO_HUMANA;src/components/studio/loading-screen.tsx;Matriz automatizada de cobertura. CONFIRMADO_ESTATICO não equivale a teste manual nem a aceitação em hardware real.
DUCK-0861;Motion design;manutenibilidade;inspeção estática;CONFIRMADO_ESTATICO;src/components/studio/loading-screen.tsx;Matriz automatizada de cobertura. CONFIRMADO_ESTATICO não equivale a teste manual nem a aceitação em hardware real.
DUCK-0862;Motion design;manutenibilidade;prova estrutural;CONFIRMADO_ESTATICO;src/components/studio/loading-screen.tsx;Matriz automatizada de cobertura. CONFIRMADO_ESTATICO não equivale a teste manual nem a aceitação em hardware real.
DUCK-0863;Motion design;manutenibilidade;evidência disponível;CONFIRMADO_ESTATICO;src/components/studio/loading-screen.tsx;Matriz automatizada de cobertura. CONFIRMADO_ESTATICO não equivale a teste manual nem a aceitação em hardware real.
DUCK-0864;Motion design;manutenibilidade;limite operacional;PARCIAL;src/components/studio/loading-screen.tsx;Matriz automatizada de cobertura. CONFIRMADO_ESTATICO não equivale a teste manual nem a aceitação em hardware real.
DUCK-0865;Motion design;manutenibilidade;aceitação de entrega;REVISAO_HUMANA;src/components/studio/loading-screen.tsx;Matriz automatizada de cobertura. CONFIRMADO_ESTATICO não equivale a teste manual nem a aceitação em hardware real.
DUCK-0866;Motion design;tipagem;inspeção estática;CONFIRMADO_ESTATICO;src/components/studio/loading-screen.tsx;Matriz automatizada de cobertura. CONFIRMADO_ESTATICO não equivale a teste manual nem a aceitação em hardware real.
DUCK-0867;Motion design;tipagem;prova estrutural;CONFIRMADO_ESTATICO;src/components/studio/loading-screen.tsx;Matriz automatizada de cobertura. CONFIRMADO_ESTATICO não equivale a teste manual nem a aceitação em hardware real.
DUCK-0868;Motion design;tipagem;evidência disponível;CONFIRMADO_ESTATICO;src/components/studio/loading-screen.tsx;Matriz automatizada de cobertura. CONFIRMADO_ESTATICO não equivale a teste manual nem a aceitação em hardware real.
DUCK-0869;Motion design;tipagem;limite operacional;PARCIAL;src/components/studio/loading-screen.tsx;Matriz automatizada de cobertura. CONFIRMADO_ESTATICO não equivale a teste manual nem a aceitação em hardware real.
DUCK-0870;Motion design;tipagem;aceitação de entrega;REVISAO_HUMANA;src/components/studio/loading-screen.tsx;Matriz automatizada de cobertura. CONFIRMADO_ESTATICO não equivale a teste manual nem a aceitação em hardware real.
DUCK-0871;Motion design;rastreabilidade;inspeção estática;CONFIRMADO_ESTATICO;src/components/studio/loading-screen.tsx;Matriz automatizada de cobertura. CONFIRMADO_ESTATICO não equivale a teste manual nem a aceitação em hardware real.
DUCK-0872;Motion design;rastreabilidade;prova estrutural;CONFIRMADO_ESTATICO;src/components/studio/loading-screen.tsx;Matriz automatizada de cobertura. CONFIRMADO_ESTATICO não equivale a teste manual nem a aceitação em hardware real.
DUCK-0873;Motion design;rastreabilidade;evidência disponível;CONFIRMADO_ESTATICO;src/components/studio/loading-screen.tsx;Matriz automatizada de cobertura. CONFIRMADO_ESTATICO não equivale a teste manual nem a aceitação em hardware real.
DUCK-0874;Motion design;rastreabilidade;limite operacional;PARCIAL;src/components/studio/loading-screen.tsx;Matriz automatizada de cobertura. CONFIRMADO_ESTATICO não equivale a teste manual nem a aceitação em hardware real.
DUCK-0875;Motion design;rastreabilidade;aceitação de entrega;REVISAO_HUMANA;src/components/studio/loading-screen.tsx;Matriz automatizada de cobertura. CONFIRMADO_ESTATICO não equivale a teste manual nem a aceitação em hardware real.
DUCK-0876;Motion design;evidência visual;inspeção estática;CONFIRMADO_ESTATICO;src/components/studio/loading-screen.tsx;Matriz automatizada de cobertura. CONFIRMADO_ESTATICO não equivale a teste manual nem a aceitação em hardware real.
DUCK-0877;Motion design;evidência visual;prova estrutural;CONFIRMADO_ESTATICO;src/components/studio/loading-screen.tsx;Matriz automatizada de cobertura. CONFIRMADO_ESTATICO não equivale a teste manual nem a aceitação em hardware real.
DUCK-0878;Motion design;evidência visual;evidência disponível;CONFIRMADO_ESTATICO;src/components/studio/loading-screen.tsx;Matriz automatizada de cobertura. CONFIRMADO_ESTATICO não equivale a teste manual nem a aceitação em hardware real.
DUCK-0879;Motion design;evidência visual;limite operacional;PARCIAL;src/components/studio/loading-screen.tsx;Matriz automatizada de cobertura. CONFIRMADO_ESTATICO não equivale a teste manual nem a aceitação em hardware real.
DUCK-0880;Motion design;evidência visual;aceitação de entrega;REVISAO_HUMANA;src/components/studio/loading-screen.tsx;Matriz automatizada de cobertura. CONFIRMADO_ESTATICO não equivale a teste manual nem a aceitação em hardware real.
DUCK-0881;Motion design;documentação;inspeção estática;CONFIRMADO_ESTATICO;src/components/studio/loading-screen.tsx;Matriz automatizada de cobertura. CONFIRMADO_ESTATICO não equivale a teste manual nem a aceitação em hardware real.
DUCK-0882;Motion design;documentação;prova estrutural;CONFIRMADO_ESTATICO;src/components/studio/loading-screen.tsx;Matriz automatizada de cobertura. CONFIRMADO_ESTATICO não equivale a teste manual nem a aceitação em hardware real.
DUCK-0883;Motion design;documentação;evidência disponível;CONFIRMADO_ESTATICO;src/components/studio/loading-screen.tsx;Matriz automatizada de cobertura. CONFIRMADO_ESTATICO não equivale a teste manual nem a aceitação em hardware real.
DUCK-0884;Motion design;documentação;limite operacional;PARCIAL;src/components/studio/loading-screen.tsx;Matriz automatizada de cobertura. CONFIRMADO_ESTATICO não equivale a teste manual nem a aceitação em hardware real.
DUCK-0885;Motion design;documentação;aceitação de entrega;REVISAO_HUMANA;src/components/studio/loading-screen.tsx;Matriz automatizada de cobertura. CONFIRMADO_ESTATICO não equivale a teste manual nem a aceitação em hardware real.
DUCK-0886;Motion design;recuperação;inspeção estática;CONFIRMADO_ESTATICO;src/components/studio/loading-screen.tsx;Matriz automatizada de cobertura. CONFIRMADO_ESTATICO não equivale a teste manual nem a aceitação em hardware real.
DUCK-0887;Motion design;recuperação;prova estrutural;CONFIRMADO_ESTATICO;src/components/studio/loading-screen.tsx;Matriz automatizada de cobertura. CONFIRMADO_ESTATICO não equivale a teste manual nem a aceitação em hardware real.
DUCK-0888;Motion design;recuperação;evidência disponível;CONFIRMADO_ESTATICO;src/components/studio/loading-screen.tsx;Matriz automatizada de cobertura. CONFIRMADO_ESTATICO não equivale a teste manual nem a aceitação em hardware real.
DUCK-0889;Motion design;recuperação;limite operacional;PARCIAL;src/components/studio/loading-screen.tsx;Matriz automatizada de cobertura. CONFIRMADO_ESTATICO não equivale a teste manual nem a aceitação em hardware real.
DUCK-0890;Motion design;recuperação;aceitação de entrega;REVISAO_HUMANA;src/components/studio/loading-screen.tsx;Matriz automatizada de cobertura. CONFIRMADO_ESTATICO não equivale a teste manual nem a aceitação em hardware real.
DUCK-0891;Motion design;exportação;inspeção estática;CONFIRMADO_ESTATICO;src/components/studio/loading-screen.tsx;Matriz automatizada de cobertura. CONFIRMADO_ESTATICO não equivale a teste manual nem a aceitação em hardware real.
DUCK-0892;Motion design;exportação;prova estrutural;CONFIRMADO_ESTATICO;src/components/studio/loading-screen.tsx;Matriz automatizada de cobertura. CONFIRMADO_ESTATICO não equivale a teste manual nem a aceitação em hardware real.
DUCK-0893;Motion design;exportação;evidência disponível;CONFIRMADO_ESTATICO;src/components/studio/loading-screen.tsx;Matriz automatizada de cobertura. CONFIRMADO_ESTATICO não equivale a teste manual nem a aceitação em hardware real.
DUCK-0894;Motion design;exportação;limite operacional;PARCIAL;src/components/studio/loading-screen.tsx;Matriz automatizada de cobertura. CONFIRMADO_ESTATICO não equivale a teste manual nem a aceitação em hardware real.
DUCK-0895;Motion design;exportação;aceitação de entrega;REVISAO_HUMANA;src/components/studio/loading-screen.tsx;Matriz automatizada de cobertura. CONFIRMADO_ESTATICO não equivale a teste manual nem a aceitação em hardware real.
DUCK-0896;Motion design;entrega;inspeção estática;CONFIRMADO_ESTATICO;src/components/studio/loading-screen.tsx;Matriz automatizada de cobertura. CONFIRMADO_ESTATICO não equivale a teste manual nem a aceitação em hardware real.
DUCK-0897;Motion design;entrega;prova estrutural;CONFIRMADO_ESTATICO;src/components/studio/loading-screen.tsx;Matriz automatizada de cobertura. CONFIRMADO_ESTATICO não equivale a teste manual nem a aceitação em hardware real.
DUCK-0898;Motion design;entrega;evidência disponível;CONFIRMADO_ESTATICO;src/components/studio/loading-screen.tsx;Matriz automatizada de cobertura. CONFIRMADO_ESTATICO não equivale a teste manual nem a aceitação em hardware real.
DUCK-0899;Motion design;entrega;limite operacional;PARCIAL;src/components/studio/loading-screen.tsx;Matriz automatizada de cobertura. CONFIRMADO_ESTATICO não equivale a teste manual nem a aceitação em hardware real.
DUCK-0900;Motion design;entrega;aceitação de entrega;REVISAO_HUMANA;src/components/studio/loading-screen.tsx;Matriz automatizada de cobertura. CONFIRMADO_ESTATICO não equivale a teste manual nem a aceitação em hardware real.
DUCK-0901;Performance frontend;presença funcional;inspeção estática;CONFIRMADO_ESTATICO;next.config.ts;Matriz automatizada de cobertura. CONFIRMADO_ESTATICO não equivale a teste manual nem a aceitação em hardware real.
DUCK-0902;Performance frontend;presença funcional;prova estrutural;CONFIRMADO_ESTATICO;next.config.ts;Matriz automatizada de cobertura. CONFIRMADO_ESTATICO não equivale a teste manual nem a aceitação em hardware real.
DUCK-0903;Performance frontend;presença funcional;evidência disponível;CONFIRMADO_ESTATICO;next.config.ts;Matriz automatizada de cobertura. CONFIRMADO_ESTATICO não equivale a teste manual nem a aceitação em hardware real.
DUCK-0904;Performance frontend;presença funcional;limite operacional;PARCIAL;next.config.ts;Matriz automatizada de cobertura. CONFIRMADO_ESTATICO não equivale a teste manual nem a aceitação em hardware real.
DUCK-0905;Performance frontend;presença funcional;aceitação de entrega;REVISAO_HUMANA;next.config.ts;Matriz automatizada de cobertura. CONFIRMADO_ESTATICO não equivale a teste manual nem a aceitação em hardware real.
DUCK-0906;Performance frontend;consistência de estados;inspeção estática;CONFIRMADO_ESTATICO;next.config.ts;Matriz automatizada de cobertura. CONFIRMADO_ESTATICO não equivale a teste manual nem a aceitação em hardware real.
DUCK-0907;Performance frontend;consistência de estados;prova estrutural;CONFIRMADO_ESTATICO;next.config.ts;Matriz automatizada de cobertura. CONFIRMADO_ESTATICO não equivale a teste manual nem a aceitação em hardware real.
DUCK-0908;Performance frontend;consistência de estados;evidência disponível;CONFIRMADO_ESTATICO;next.config.ts;Matriz automatizada de cobertura. CONFIRMADO_ESTATICO não equivale a teste manual nem a aceitação em hardware real.
DUCK-0909;Performance frontend;consistência de estados;limite operacional;PARCIAL;next.config.ts;Matriz automatizada de cobertura. CONFIRMADO_ESTATICO não equivale a teste manual nem a aceitação em hardware real.
DUCK-0910;Performance frontend;consistência de estados;aceitação de entrega;REVISAO_HUMANA;next.config.ts;Matriz automatizada de cobertura. CONFIRMADO_ESTATICO não equivale a teste manual nem a aceitação em hardware real.
DUCK-0911;Performance frontend;clareza de feedback;inspeção estática;CONFIRMADO_ESTATICO;next.config.ts;Matriz automatizada de cobertura. CONFIRMADO_ESTATICO não equivale a teste manual nem a aceitação em hardware real.
DUCK-0912;Performance frontend;clareza de feedback;prova estrutural;CONFIRMADO_ESTATICO;next.config.ts;Matriz automatizada de cobertura. CONFIRMADO_ESTATICO não equivale a teste manual nem a aceitação em hardware real.
DUCK-0913;Performance frontend;clareza de feedback;evidência disponível;CONFIRMADO_ESTATICO;next.config.ts;Matriz automatizada de cobertura. CONFIRMADO_ESTATICO não equivale a teste manual nem a aceitação em hardware real.
DUCK-0914;Performance frontend;clareza de feedback;limite operacional;PARCIAL;next.config.ts;Matriz automatizada de cobertura. CONFIRMADO_ESTATICO não equivale a teste manual nem a aceitação em hardware real.
DUCK-0915;Performance frontend;clareza de feedback;aceitação de entrega;REVISAO_HUMANA;next.config.ts;Matriz automatizada de cobertura. CONFIRMADO_ESTATICO não equivale a teste manual nem a aceitação em hardware real.
DUCK-0916;Performance frontend;tratamento de erro;inspeção estática;CONFIRMADO_ESTATICO;next.config.ts;Matriz automatizada de cobertura. CONFIRMADO_ESTATICO não equivale a teste manual nem a aceitação em hardware real.
DUCK-0917;Performance frontend;tratamento de erro;prova estrutural;CONFIRMADO_ESTATICO;next.config.ts;Matriz automatizada de cobertura. CONFIRMADO_ESTATICO não equivale a teste manual nem a aceitação em hardware real.
DUCK-0918;Performance frontend;tratamento de erro;evidência disponível;CONFIRMADO_ESTATICO;next.config.ts;Matriz automatizada de cobertura. CONFIRMADO_ESTATICO não equivale a teste manual nem a aceitação em hardware real.
DUCK-0919;Performance frontend;tratamento de erro;limite operacional;PARCIAL;next.config.ts;Matriz automatizada de cobertura. CONFIRMADO_ESTATICO não equivale a teste manual nem a aceitação em hardware real.
DUCK-0920;Performance frontend;tratamento de erro;aceitação de entrega;REVISAO_HUMANA;next.config.ts;Matriz automatizada de cobertura. CONFIRMADO_ESTATICO não equivale a teste manual nem a aceitação em hardware real.
DUCK-0921;Performance frontend;navegação por teclado;inspeção estática;CONFIRMADO_ESTATICO;next.config.ts;Matriz automatizada de cobertura. CONFIRMADO_ESTATICO não equivale a teste manual nem a aceitação em hardware real.
DUCK-0922;Performance frontend;navegação por teclado;prova estrutural;CONFIRMADO_ESTATICO;next.config.ts;Matriz automatizada de cobertura. CONFIRMADO_ESTATICO não equivale a teste manual nem a aceitação em hardware real.
DUCK-0923;Performance frontend;navegação por teclado;evidência disponível;CONFIRMADO_ESTATICO;next.config.ts;Matriz automatizada de cobertura. CONFIRMADO_ESTATICO não equivale a teste manual nem a aceitação em hardware real.
DUCK-0924;Performance frontend;navegação por teclado;limite operacional;PARCIAL;next.config.ts;Matriz automatizada de cobertura. CONFIRMADO_ESTATICO não equivale a teste manual nem a aceitação em hardware real.
DUCK-0925;Performance frontend;navegação por teclado;aceitação de entrega;REVISAO_HUMANA;next.config.ts;Matriz automatizada de cobertura. CONFIRMADO_ESTATICO não equivale a teste manual nem a aceitação em hardware real.
DUCK-0926;Performance frontend;legibilidade;inspeção estática;CONFIRMADO_ESTATICO;next.config.ts;Matriz automatizada de cobertura. CONFIRMADO_ESTATICO não equivale a teste manual nem a aceitação em hardware real.
DUCK-0927;Performance frontend;legibilidade;prova estrutural;CONFIRMADO_ESTATICO;next.config.ts;Matriz automatizada de cobertura. CONFIRMADO_ESTATICO não equivale a teste manual nem a aceitação em hardware real.
DUCK-0928;Performance frontend;legibilidade;evidência disponível;CONFIRMADO_ESTATICO;next.config.ts;Matriz automatizada de cobertura. CONFIRMADO_ESTATICO não equivale a teste manual nem a aceitação em hardware real.
DUCK-0929;Performance frontend;legibilidade;limite operacional;PARCIAL;next.config.ts;Matriz automatizada de cobertura. CONFIRMADO_ESTATICO não equivale a teste manual nem a aceitação em hardware real.
DUCK-0930;Performance frontend;legibilidade;aceitação de entrega;REVISAO_HUMANA;next.config.ts;Matriz automatizada de cobertura. CONFIRMADO_ESTATICO não equivale a teste manual nem a aceitação em hardware real.
DUCK-0931;Performance frontend;contraste;inspeção estática;CONFIRMADO_ESTATICO;next.config.ts;Matriz automatizada de cobertura. CONFIRMADO_ESTATICO não equivale a teste manual nem a aceitação em hardware real.
DUCK-0932;Performance frontend;contraste;prova estrutural;CONFIRMADO_ESTATICO;next.config.ts;Matriz automatizada de cobertura. CONFIRMADO_ESTATICO não equivale a teste manual nem a aceitação em hardware real.
DUCK-0933;Performance frontend;contraste;evidência disponível;CONFIRMADO_ESTATICO;next.config.ts;Matriz automatizada de cobertura. CONFIRMADO_ESTATICO não equivale a teste manual nem a aceitação em hardware real.
DUCK-0934;Performance frontend;contraste;limite operacional;PARCIAL;next.config.ts;Matriz automatizada de cobertura. CONFIRMADO_ESTATICO não equivale a teste manual nem a aceitação em hardware real.
DUCK-0935;Performance frontend;contraste;aceitação de entrega;REVISAO_HUMANA;next.config.ts;Matriz automatizada de cobertura. CONFIRMADO_ESTATICO não equivale a teste manual nem a aceitação em hardware real.
DUCK-0936;Performance frontend;responsividade;inspeção estática;CONFIRMADO_ESTATICO;next.config.ts;Matriz automatizada de cobertura. CONFIRMADO_ESTATICO não equivale a teste manual nem a aceitação em hardware real.
DUCK-0937;Performance frontend;responsividade;prova estrutural;CONFIRMADO_ESTATICO;next.config.ts;Matriz automatizada de cobertura. CONFIRMADO_ESTATICO não equivale a teste manual nem a aceitação em hardware real.
DUCK-0938;Performance frontend;responsividade;evidência disponível;CONFIRMADO_ESTATICO;next.config.ts;Matriz automatizada de cobertura. CONFIRMADO_ESTATICO não equivale a teste manual nem a aceitação em hardware real.
DUCK-0939;Performance frontend;responsividade;limite operacional;PARCIAL;next.config.ts;Matriz automatizada de cobertura. CONFIRMADO_ESTATICO não equivale a teste manual nem a aceitação em hardware real.
DUCK-0940;Performance frontend;responsividade;aceitação de entrega;REVISAO_HUMANA;next.config.ts;Matriz automatizada de cobertura. CONFIRMADO_ESTATICO não equivale a teste manual nem a aceitação em hardware real.
DUCK-0941;Performance frontend;persistência;inspeção estática;CONFIRMADO_ESTATICO;next.config.ts;Matriz automatizada de cobertura. CONFIRMADO_ESTATICO não equivale a teste manual nem a aceitação em hardware real.
DUCK-0942;Performance frontend;persistência;prova estrutural;CONFIRMADO_ESTATICO;next.config.ts;Matriz automatizada de cobertura. CONFIRMADO_ESTATICO não equivale a teste manual nem a aceitação em hardware real.
DUCK-0943;Performance frontend;persistência;evidência disponível;CONFIRMADO_ESTATICO;next.config.ts;Matriz automatizada de cobertura. CONFIRMADO_ESTATICO não equivale a teste manual nem a aceitação em hardware real.
DUCK-0944;Performance frontend;persistência;limite operacional;PARCIAL;next.config.ts;Matriz automatizada de cobertura. CONFIRMADO_ESTATICO não equivale a teste manual nem a aceitação em hardware real.
DUCK-0945;Performance frontend;persistência;aceitação de entrega;REVISAO_HUMANA;next.config.ts;Matriz automatizada de cobertura. CONFIRMADO_ESTATICO não equivale a teste manual nem a aceitação em hardware real.
DUCK-0946;Performance frontend;segurança de entrada;inspeção estática;CONFIRMADO_ESTATICO;next.config.ts;Matriz automatizada de cobertura. CONFIRMADO_ESTATICO não equivale a teste manual nem a aceitação em hardware real.
DUCK-0947;Performance frontend;segurança de entrada;prova estrutural;CONFIRMADO_ESTATICO;next.config.ts;Matriz automatizada de cobertura. CONFIRMADO_ESTATICO não equivale a teste manual nem a aceitação em hardware real.
DUCK-0948;Performance frontend;segurança de entrada;evidência disponível;CONFIRMADO_ESTATICO;next.config.ts;Matriz automatizada de cobertura. CONFIRMADO_ESTATICO não equivale a teste manual nem a aceitação em hardware real.
DUCK-0949;Performance frontend;segurança de entrada;limite operacional;PARCIAL;next.config.ts;Matriz automatizada de cobertura. CONFIRMADO_ESTATICO não equivale a teste manual nem a aceitação em hardware real.
DUCK-0950;Performance frontend;segurança de entrada;aceitação de entrega;REVISAO_HUMANA;next.config.ts;Matriz automatizada de cobertura. CONFIRMADO_ESTATICO não equivale a teste manual nem a aceitação em hardware real.
DUCK-0951;Performance frontend;privacidade;inspeção estática;CONFIRMADO_ESTATICO;next.config.ts;Matriz automatizada de cobertura. CONFIRMADO_ESTATICO não equivale a teste manual nem a aceitação em hardware real.
DUCK-0952;Performance frontend;privacidade;prova estrutural;CONFIRMADO_ESTATICO;next.config.ts;Matriz automatizada de cobertura. CONFIRMADO_ESTATICO não equivale a teste manual nem a aceitação em hardware real.
DUCK-0953;Performance frontend;privacidade;evidência disponível;CONFIRMADO_ESTATICO;next.config.ts;Matriz automatizada de cobertura. CONFIRMADO_ESTATICO não equivale a teste manual nem a aceitação em hardware real.
DUCK-0954;Performance frontend;privacidade;limite operacional;PARCIAL;next.config.ts;Matriz automatizada de cobertura. CONFIRMADO_ESTATICO não equivale a teste manual nem a aceitação em hardware real.
DUCK-0955;Performance frontend;privacidade;aceitação de entrega;REVISAO_HUMANA;next.config.ts;Matriz automatizada de cobertura. CONFIRMADO_ESTATICO não equivale a teste manual nem a aceitação em hardware real.
DUCK-0956;Performance frontend;desempenho;inspeção estática;CONFIRMADO_ESTATICO;next.config.ts;Matriz automatizada de cobertura. CONFIRMADO_ESTATICO não equivale a teste manual nem a aceitação em hardware real.
DUCK-0957;Performance frontend;desempenho;prova estrutural;CONFIRMADO_ESTATICO;next.config.ts;Matriz automatizada de cobertura. CONFIRMADO_ESTATICO não equivale a teste manual nem a aceitação em hardware real.
DUCK-0958;Performance frontend;desempenho;evidência disponível;CONFIRMADO_ESTATICO;next.config.ts;Matriz automatizada de cobertura. CONFIRMADO_ESTATICO não equivale a teste manual nem a aceitação em hardware real.
DUCK-0959;Performance frontend;desempenho;limite operacional;PARCIAL;next.config.ts;Matriz automatizada de cobertura. CONFIRMADO_ESTATICO não equivale a teste manual nem a aceitação em hardware real.
DUCK-0960;Performance frontend;desempenho;aceitação de entrega;REVISAO_HUMANA;next.config.ts;Matriz automatizada de cobertura. CONFIRMADO_ESTATICO não equivale a teste manual nem a aceitação em hardware real.
DUCK-0961;Performance frontend;manutenibilidade;inspeção estática;CONFIRMADO_ESTATICO;next.config.ts;Matriz automatizada de cobertura. CONFIRMADO_ESTATICO não equivale a teste manual nem a aceitação em hardware real.
DUCK-0962;Performance frontend;manutenibilidade;prova estrutural;CONFIRMADO_ESTATICO;next.config.ts;Matriz automatizada de cobertura. CONFIRMADO_ESTATICO não equivale a teste manual nem a aceitação em hardware real.
DUCK-0963;Performance frontend;manutenibilidade;evidência disponível;CONFIRMADO_ESTATICO;next.config.ts;Matriz automatizada de cobertura. CONFIRMADO_ESTATICO não equivale a teste manual nem a aceitação em hardware real.
DUCK-0964;Performance frontend;manutenibilidade;limite operacional;PARCIAL;next.config.ts;Matriz automatizada de cobertura. CONFIRMADO_ESTATICO não equivale a teste manual nem a aceitação em hardware real.
DUCK-0965;Performance frontend;manutenibilidade;aceitação de entrega;REVISAO_HUMANA;next.config.ts;Matriz automatizada de cobertura. CONFIRMADO_ESTATICO não equivale a teste manual nem a aceitação em hardware real.
DUCK-0966;Performance frontend;tipagem;inspeção estática;CONFIRMADO_ESTATICO;next.config.ts;Matriz automatizada de cobertura. CONFIRMADO_ESTATICO não equivale a teste manual nem a aceitação em hardware real.
DUCK-0967;Performance frontend;tipagem;prova estrutural;CONFIRMADO_ESTATICO;next.config.ts;Matriz automatizada de cobertura. CONFIRMADO_ESTATICO não equivale a teste manual nem a aceitação em hardware real.
DUCK-0968;Performance frontend;tipagem;evidência disponível;CONFIRMADO_ESTATICO;next.config.ts;Matriz automatizada de cobertura. CONFIRMADO_ESTATICO não equivale a teste manual nem a aceitação em hardware real.
DUCK-0969;Performance frontend;tipagem;limite operacional;PARCIAL;next.config.ts;Matriz automatizada de cobertura. CONFIRMADO_ESTATICO não equivale a teste manual nem a aceitação em hardware real.
DUCK-0970;Performance frontend;tipagem;aceitação de entrega;REVISAO_HUMANA;next.config.ts;Matriz automatizada de cobertura. CONFIRMADO_ESTATICO não equivale a teste manual nem a aceitação em hardware real.
DUCK-0971;Performance frontend;rastreabilidade;inspeção estática;CONFIRMADO_ESTATICO;next.config.ts;Matriz automatizada de cobertura. CONFIRMADO_ESTATICO não equivale a teste manual nem a aceitação em hardware real.
DUCK-0972;Performance frontend;rastreabilidade;prova estrutural;CONFIRMADO_ESTATICO;next.config.ts;Matriz automatizada de cobertura. CONFIRMADO_ESTATICO não equivale a teste manual nem a aceitação em hardware real.
DUCK-0973;Performance frontend;rastreabilidade;evidência disponível;CONFIRMADO_ESTATICO;next.config.ts;Matriz automatizada de cobertura. CONFIRMADO_ESTATICO não equivale a teste manual nem a aceitação em hardware real.
DUCK-0974;Performance frontend;rastreabilidade;limite operacional;PARCIAL;next.config.ts;Matriz automatizada de cobertura. CONFIRMADO_ESTATICO não equivale a teste manual nem a aceitação em hardware real.
DUCK-0975;Performance frontend;rastreabilidade;aceitação de entrega;REVISAO_HUMANA;next.config.ts;Matriz automatizada de cobertura. CONFIRMADO_ESTATICO não equivale a teste manual nem a aceitação em hardware real.
DUCK-0976;Performance frontend;evidência visual;inspeção estática;CONFIRMADO_ESTATICO;next.config.ts;Matriz automatizada de cobertura. CONFIRMADO_ESTATICO não equivale a teste manual nem a aceitação em hardware real.
DUCK-0977;Performance frontend;evidência visual;prova estrutural;CONFIRMADO_ESTATICO;next.config.ts;Matriz automatizada de cobertura. CONFIRMADO_ESTATICO não equivale a teste manual nem a aceitação em hardware real.
DUCK-0978;Performance frontend;evidência visual;evidência disponível;CONFIRMADO_ESTATICO;next.config.ts;Matriz automatizada de cobertura. CONFIRMADO_ESTATICO não equivale a teste manual nem a aceitação em hardware real.
DUCK-0979;Performance frontend;evidência visual;limite operacional;PARCIAL;next.config.ts;Matriz automatizada de cobertura. CONFIRMADO_ESTATICO não equivale a teste manual nem a aceitação em hardware real.
DUCK-0980;Performance frontend;evidência visual;aceitação de entrega;REVISAO_HUMANA;next.config.ts;Matriz automatizada de cobertura. CONFIRMADO_ESTATICO não equivale a teste manual nem a aceitação em hardware real.
DUCK-0981;Performance frontend;documentação;inspeção estática;CONFIRMADO_ESTATICO;next.config.ts;Matriz automatizada de cobertura. CONFIRMADO_ESTATICO não equivale a teste manual nem a aceitação em hardware real.
DUCK-0982;Performance frontend;documentação;prova estrutural;CONFIRMADO_ESTATICO;next.config.ts;Matriz automatizada de cobertura. CONFIRMADO_ESTATICO não equivale a teste manual nem a aceitação em hardware real.
DUCK-0983;Performance frontend;documentação;evidência disponível;CONFIRMADO_ESTATICO;next.config.ts;Matriz automatizada de cobertura. CONFIRMADO_ESTATICO não equivale a teste manual nem a aceitação em hardware real.
DUCK-0984;Performance frontend;documentação;limite operacional;PARCIAL;next.config.ts;Matriz automatizada de cobertura. CONFIRMADO_ESTATICO não equivale a teste manual nem a aceitação em hardware real.
DUCK-0985;Performance frontend;documentação;aceitação de entrega;REVISAO_HUMANA;next.config.ts;Matriz automatizada de cobertura. CONFIRMADO_ESTATICO não equivale a teste manual nem a aceitação em hardware real.
DUCK-0986;Performance frontend;recuperação;inspeção estática;CONFIRMADO_ESTATICO;next.config.ts;Matriz automatizada de cobertura. CONFIRMADO_ESTATICO não equivale a teste manual nem a aceitação em hardware real.
DUCK-0987;Performance frontend;recuperação;prova estrutural;CONFIRMADO_ESTATICO;next.config.ts;Matriz automatizada de cobertura. CONFIRMADO_ESTATICO não equivale a teste manual nem a aceitação em hardware real.
DUCK-0988;Performance frontend;recuperação;evidência disponível;CONFIRMADO_ESTATICO;next.config.ts;Matriz automatizada de cobertura. CONFIRMADO_ESTATICO não equivale a teste manual nem a aceitação em hardware real.
DUCK-0989;Performance frontend;recuperação;limite operacional;PARCIAL;next.config.ts;Matriz automatizada de cobertura. CONFIRMADO_ESTATICO não equivale a teste manual nem a aceitação em hardware real.
DUCK-0990;Performance frontend;recuperação;aceitação de entrega;REVISAO_HUMANA;next.config.ts;Matriz automatizada de cobertura. CONFIRMADO_ESTATICO não equivale a teste manual nem a aceitação em hardware real.
DUCK-0991;Performance frontend;exportação;inspeção estática;CONFIRMADO_ESTATICO;next.config.ts;Matriz automatizada de cobertura. CONFIRMADO_ESTATICO não equivale a teste manual nem a aceitação em hardware real.
DUCK-0992;Performance frontend;exportação;prova estrutural;CONFIRMADO_ESTATICO;next.config.ts;Matriz automatizada de cobertura. CONFIRMADO_ESTATICO não equivale a teste manual nem a aceitação em hardware real.
DUCK-0993;Performance frontend;exportação;evidência disponível;CONFIRMADO_ESTATICO;next.config.ts;Matriz automatizada de cobertura. CONFIRMADO_ESTATICO não equivale a teste manual nem a aceitação em hardware real.
DUCK-0994;Performance frontend;exportação;limite operacional;PARCIAL;next.config.ts;Matriz automatizada de cobertura. CONFIRMADO_ESTATICO não equivale a teste manual nem a aceitação em hardware real.
DUCK-0995;Performance frontend;exportação;aceitação de entrega;REVISAO_HUMANA;next.config.ts;Matriz automatizada de cobertura. CONFIRMADO_ESTATICO não equivale a teste manual nem a aceitação em hardware real.
DUCK-0996;Performance frontend;entrega;inspeção estática;CONFIRMADO_ESTATICO;next.config.ts;Matriz automatizada de cobertura. CONFIRMADO_ESTATICO não equivale a teste manual nem a aceitação em hardware real.
DUCK-0997;Performance frontend;entrega;prova estrutural;CONFIRMADO_ESTATICO;next.config.ts;Matriz automatizada de cobertura. CONFIRMADO_ESTATICO não equivale a teste manual nem a aceitação em hardware real.
DUCK-0998;Performance frontend;entrega;evidência disponível;CONFIRMADO_ESTATICO;next.config.ts;Matriz automatizada de cobertura. CONFIRMADO_ESTATICO não equivale a teste manual nem a aceitação em hardware real.
DUCK-0999;Performance frontend;entrega;limite operacional;PARCIAL;next.config.ts;Matriz automatizada de cobertura. CONFIRMADO_ESTATICO não equivale a teste manual nem a aceitação em hardware real.
DUCK-1000;Performance frontend;entrega;aceitação de entrega;REVISAO_HUMANA;next.config.ts;Matriz automatizada de cobertura. CONFIRMADO_ESTATICO não equivale a teste manual nem a aceitação em hardware real.
DUCK-1001;Arquitetura Next.js;presença funcional;inspeção estática;CONFIRMADO_ESTATICO;src/app/;Matriz automatizada de cobertura. CONFIRMADO_ESTATICO não equivale a teste manual nem a aceitação em hardware real.
DUCK-1002;Arquitetura Next.js;presença funcional;prova estrutural;CONFIRMADO_ESTATICO;src/app/;Matriz automatizada de cobertura. CONFIRMADO_ESTATICO não equivale a teste manual nem a aceitação em hardware real.
DUCK-1003;Arquitetura Next.js;presença funcional;evidência disponível;CONFIRMADO_ESTATICO;src/app/;Matriz automatizada de cobertura. CONFIRMADO_ESTATICO não equivale a teste manual nem a aceitação em hardware real.
DUCK-1004;Arquitetura Next.js;presença funcional;limite operacional;PARCIAL;src/app/;Matriz automatizada de cobertura. CONFIRMADO_ESTATICO não equivale a teste manual nem a aceitação em hardware real.
DUCK-1005;Arquitetura Next.js;presença funcional;aceitação de entrega;REVISAO_HUMANA;src/app/;Matriz automatizada de cobertura. CONFIRMADO_ESTATICO não equivale a teste manual nem a aceitação em hardware real.
DUCK-1006;Arquitetura Next.js;consistência de estados;inspeção estática;CONFIRMADO_ESTATICO;src/app/;Matriz automatizada de cobertura. CONFIRMADO_ESTATICO não equivale a teste manual nem a aceitação em hardware real.
DUCK-1007;Arquitetura Next.js;consistência de estados;prova estrutural;CONFIRMADO_ESTATICO;src/app/;Matriz automatizada de cobertura. CONFIRMADO_ESTATICO não equivale a teste manual nem a aceitação em hardware real.
DUCK-1008;Arquitetura Next.js;consistência de estados;evidência disponível;CONFIRMADO_ESTATICO;src/app/;Matriz automatizada de cobertura. CONFIRMADO_ESTATICO não equivale a teste manual nem a aceitação em hardware real.
DUCK-1009;Arquitetura Next.js;consistência de estados;limite operacional;PARCIAL;src/app/;Matriz automatizada de cobertura. CONFIRMADO_ESTATICO não equivale a teste manual nem a aceitação em hardware real.
DUCK-1010;Arquitetura Next.js;consistência de estados;aceitação de entrega;REVISAO_HUMANA;src/app/;Matriz automatizada de cobertura. CONFIRMADO_ESTATICO não equivale a teste manual nem a aceitação em hardware real.
DUCK-1011;Arquitetura Next.js;clareza de feedback;inspeção estática;CONFIRMADO_ESTATICO;src/app/;Matriz automatizada de cobertura. CONFIRMADO_ESTATICO não equivale a teste manual nem a aceitação em hardware real.
DUCK-1012;Arquitetura Next.js;clareza de feedback;prova estrutural;CONFIRMADO_ESTATICO;src/app/;Matriz automatizada de cobertura. CONFIRMADO_ESTATICO não equivale a teste manual nem a aceitação em hardware real.
DUCK-1013;Arquitetura Next.js;clareza de feedback;evidência disponível;CONFIRMADO_ESTATICO;src/app/;Matriz automatizada de cobertura. CONFIRMADO_ESTATICO não equivale a teste manual nem a aceitação em hardware real.
DUCK-1014;Arquitetura Next.js;clareza de feedback;limite operacional;PARCIAL;src/app/;Matriz automatizada de cobertura. CONFIRMADO_ESTATICO não equivale a teste manual nem a aceitação em hardware real.
DUCK-1015;Arquitetura Next.js;clareza de feedback;aceitação de entrega;REVISAO_HUMANA;src/app/;Matriz automatizada de cobertura. CONFIRMADO_ESTATICO não equivale a teste manual nem a aceitação em hardware real.
DUCK-1016;Arquitetura Next.js;tratamento de erro;inspeção estática;CONFIRMADO_ESTATICO;src/app/;Matriz automatizada de cobertura. CONFIRMADO_ESTATICO não equivale a teste manual nem a aceitação em hardware real.
DUCK-1017;Arquitetura Next.js;tratamento de erro;prova estrutural;CONFIRMADO_ESTATICO;src/app/;Matriz automatizada de cobertura. CONFIRMADO_ESTATICO não equivale a teste manual nem a aceitação em hardware real.
DUCK-1018;Arquitetura Next.js;tratamento de erro;evidência disponível;CONFIRMADO_ESTATICO;src/app/;Matriz automatizada de cobertura. CONFIRMADO_ESTATICO não equivale a teste manual nem a aceitação em hardware real.
DUCK-1019;Arquitetura Next.js;tratamento de erro;limite operacional;PARCIAL;src/app/;Matriz automatizada de cobertura. CONFIRMADO_ESTATICO não equivale a teste manual nem a aceitação em hardware real.
DUCK-1020;Arquitetura Next.js;tratamento de erro;aceitação de entrega;REVISAO_HUMANA;src/app/;Matriz automatizada de cobertura. CONFIRMADO_ESTATICO não equivale a teste manual nem a aceitação em hardware real.
DUCK-1021;Arquitetura Next.js;navegação por teclado;inspeção estática;CONFIRMADO_ESTATICO;src/app/;Matriz automatizada de cobertura. CONFIRMADO_ESTATICO não equivale a teste manual nem a aceitação em hardware real.
DUCK-1022;Arquitetura Next.js;navegação por teclado;prova estrutural;CONFIRMADO_ESTATICO;src/app/;Matriz automatizada de cobertura. CONFIRMADO_ESTATICO não equivale a teste manual nem a aceitação em hardware real.
DUCK-1023;Arquitetura Next.js;navegação por teclado;evidência disponível;CONFIRMADO_ESTATICO;src/app/;Matriz automatizada de cobertura. CONFIRMADO_ESTATICO não equivale a teste manual nem a aceitação em hardware real.
DUCK-1024;Arquitetura Next.js;navegação por teclado;limite operacional;PARCIAL;src/app/;Matriz automatizada de cobertura. CONFIRMADO_ESTATICO não equivale a teste manual nem a aceitação em hardware real.
DUCK-1025;Arquitetura Next.js;navegação por teclado;aceitação de entrega;REVISAO_HUMANA;src/app/;Matriz automatizada de cobertura. CONFIRMADO_ESTATICO não equivale a teste manual nem a aceitação em hardware real.
DUCK-1026;Arquitetura Next.js;legibilidade;inspeção estática;CONFIRMADO_ESTATICO;src/app/;Matriz automatizada de cobertura. CONFIRMADO_ESTATICO não equivale a teste manual nem a aceitação em hardware real.
DUCK-1027;Arquitetura Next.js;legibilidade;prova estrutural;CONFIRMADO_ESTATICO;src/app/;Matriz automatizada de cobertura. CONFIRMADO_ESTATICO não equivale a teste manual nem a aceitação em hardware real.
DUCK-1028;Arquitetura Next.js;legibilidade;evidência disponível;CONFIRMADO_ESTATICO;src/app/;Matriz automatizada de cobertura. CONFIRMADO_ESTATICO não equivale a teste manual nem a aceitação em hardware real.
DUCK-1029;Arquitetura Next.js;legibilidade;limite operacional;PARCIAL;src/app/;Matriz automatizada de cobertura. CONFIRMADO_ESTATICO não equivale a teste manual nem a aceitação em hardware real.
DUCK-1030;Arquitetura Next.js;legibilidade;aceitação de entrega;REVISAO_HUMANA;src/app/;Matriz automatizada de cobertura. CONFIRMADO_ESTATICO não equivale a teste manual nem a aceitação em hardware real.
DUCK-1031;Arquitetura Next.js;contraste;inspeção estática;CONFIRMADO_ESTATICO;src/app/;Matriz automatizada de cobertura. CONFIRMADO_ESTATICO não equivale a teste manual nem a aceitação em hardware real.
DUCK-1032;Arquitetura Next.js;contraste;prova estrutural;CONFIRMADO_ESTATICO;src/app/;Matriz automatizada de cobertura. CONFIRMADO_ESTATICO não equivale a teste manual nem a aceitação em hardware real.
DUCK-1033;Arquitetura Next.js;contraste;evidência disponível;CONFIRMADO_ESTATICO;src/app/;Matriz automatizada de cobertura. CONFIRMADO_ESTATICO não equivale a teste manual nem a aceitação em hardware real.
DUCK-1034;Arquitetura Next.js;contraste;limite operacional;PARCIAL;src/app/;Matriz automatizada de cobertura. CONFIRMADO_ESTATICO não equivale a teste manual nem a aceitação em hardware real.
DUCK-1035;Arquitetura Next.js;contraste;aceitação de entrega;REVISAO_HUMANA;src/app/;Matriz automatizada de cobertura. CONFIRMADO_ESTATICO não equivale a teste manual nem a aceitação em hardware real.
DUCK-1036;Arquitetura Next.js;responsividade;inspeção estática;CONFIRMADO_ESTATICO;src/app/;Matriz automatizada de cobertura. CONFIRMADO_ESTATICO não equivale a teste manual nem a aceitação em hardware real.
DUCK-1037;Arquitetura Next.js;responsividade;prova estrutural;CONFIRMADO_ESTATICO;src/app/;Matriz automatizada de cobertura. CONFIRMADO_ESTATICO não equivale a teste manual nem a aceitação em hardware real.
DUCK-1038;Arquitetura Next.js;responsividade;evidência disponível;CONFIRMADO_ESTATICO;src/app/;Matriz automatizada de cobertura. CONFIRMADO_ESTATICO não equivale a teste manual nem a aceitação em hardware real.
DUCK-1039;Arquitetura Next.js;responsividade;limite operacional;PARCIAL;src/app/;Matriz automatizada de cobertura. CONFIRMADO_ESTATICO não equivale a teste manual nem a aceitação em hardware real.
DUCK-1040;Arquitetura Next.js;responsividade;aceitação de entrega;REVISAO_HUMANA;src/app/;Matriz automatizada de cobertura. CONFIRMADO_ESTATICO não equivale a teste manual nem a aceitação em hardware real.
DUCK-1041;Arquitetura Next.js;persistência;inspeção estática;CONFIRMADO_ESTATICO;src/app/;Matriz automatizada de cobertura. CONFIRMADO_ESTATICO não equivale a teste manual nem a aceitação em hardware real.
DUCK-1042;Arquitetura Next.js;persistência;prova estrutural;CONFIRMADO_ESTATICO;src/app/;Matriz automatizada de cobertura. CONFIRMADO_ESTATICO não equivale a teste manual nem a aceitação em hardware real.
DUCK-1043;Arquitetura Next.js;persistência;evidência disponível;CONFIRMADO_ESTATICO;src/app/;Matriz automatizada de cobertura. CONFIRMADO_ESTATICO não equivale a teste manual nem a aceitação em hardware real.
DUCK-1044;Arquitetura Next.js;persistência;limite operacional;PARCIAL;src/app/;Matriz automatizada de cobertura. CONFIRMADO_ESTATICO não equivale a teste manual nem a aceitação em hardware real.
DUCK-1045;Arquitetura Next.js;persistência;aceitação de entrega;REVISAO_HUMANA;src/app/;Matriz automatizada de cobertura. CONFIRMADO_ESTATICO não equivale a teste manual nem a aceitação em hardware real.
DUCK-1046;Arquitetura Next.js;segurança de entrada;inspeção estática;CONFIRMADO_ESTATICO;src/app/;Matriz automatizada de cobertura. CONFIRMADO_ESTATICO não equivale a teste manual nem a aceitação em hardware real.
DUCK-1047;Arquitetura Next.js;segurança de entrada;prova estrutural;CONFIRMADO_ESTATICO;src/app/;Matriz automatizada de cobertura. CONFIRMADO_ESTATICO não equivale a teste manual nem a aceitação em hardware real.
DUCK-1048;Arquitetura Next.js;segurança de entrada;evidência disponível;CONFIRMADO_ESTATICO;src/app/;Matriz automatizada de cobertura. CONFIRMADO_ESTATICO não equivale a teste manual nem a aceitação em hardware real.
DUCK-1049;Arquitetura Next.js;segurança de entrada;limite operacional;PARCIAL;src/app/;Matriz automatizada de cobertura. CONFIRMADO_ESTATICO não equivale a teste manual nem a aceitação em hardware real.
DUCK-1050;Arquitetura Next.js;segurança de entrada;aceitação de entrega;REVISAO_HUMANA;src/app/;Matriz automatizada de cobertura. CONFIRMADO_ESTATICO não equivale a teste manual nem a aceitação em hardware real.
DUCK-1051;Arquitetura Next.js;privacidade;inspeção estática;CONFIRMADO_ESTATICO;src/app/;Matriz automatizada de cobertura. CONFIRMADO_ESTATICO não equivale a teste manual nem a aceitação em hardware real.
DUCK-1052;Arquitetura Next.js;privacidade;prova estrutural;CONFIRMADO_ESTATICO;src/app/;Matriz automatizada de cobertura. CONFIRMADO_ESTATICO não equivale a teste manual nem a aceitação em hardware real.
DUCK-1053;Arquitetura Next.js;privacidade;evidência disponível;CONFIRMADO_ESTATICO;src/app/;Matriz automatizada de cobertura. CONFIRMADO_ESTATICO não equivale a teste manual nem a aceitação em hardware real.
DUCK-1054;Arquitetura Next.js;privacidade;limite operacional;PARCIAL;src/app/;Matriz automatizada de cobertura. CONFIRMADO_ESTATICO não equivale a teste manual nem a aceitação em hardware real.
DUCK-1055;Arquitetura Next.js;privacidade;aceitação de entrega;REVISAO_HUMANA;src/app/;Matriz automatizada de cobertura. CONFIRMADO_ESTATICO não equivale a teste manual nem a aceitação em hardware real.
DUCK-1056;Arquitetura Next.js;desempenho;inspeção estática;CONFIRMADO_ESTATICO;src/app/;Matriz automatizada de cobertura. CONFIRMADO_ESTATICO não equivale a teste manual nem a aceitação em hardware real.
DUCK-1057;Arquitetura Next.js;desempenho;prova estrutural;CONFIRMADO_ESTATICO;src/app/;Matriz automatizada de cobertura. CONFIRMADO_ESTATICO não equivale a teste manual nem a aceitação em hardware real.
DUCK-1058;Arquitetura Next.js;desempenho;evidência disponível;CONFIRMADO_ESTATICO;src/app/;Matriz automatizada de cobertura. CONFIRMADO_ESTATICO não equivale a teste manual nem a aceitação em hardware real.
DUCK-1059;Arquitetura Next.js;desempenho;limite operacional;PARCIAL;src/app/;Matriz automatizada de cobertura. CONFIRMADO_ESTATICO não equivale a teste manual nem a aceitação em hardware real.
DUCK-1060;Arquitetura Next.js;desempenho;aceitação de entrega;REVISAO_HUMANA;src/app/;Matriz automatizada de cobertura. CONFIRMADO_ESTATICO não equivale a teste manual nem a aceitação em hardware real.
DUCK-1061;Arquitetura Next.js;manutenibilidade;inspeção estática;CONFIRMADO_ESTATICO;src/app/;Matriz automatizada de cobertura. CONFIRMADO_ESTATICO não equivale a teste manual nem a aceitação em hardware real.
DUCK-1062;Arquitetura Next.js;manutenibilidade;prova estrutural;CONFIRMADO_ESTATICO;src/app/;Matriz automatizada de cobertura. CONFIRMADO_ESTATICO não equivale a teste manual nem a aceitação em hardware real.
DUCK-1063;Arquitetura Next.js;manutenibilidade;evidência disponível;CONFIRMADO_ESTATICO;src/app/;Matriz automatizada de cobertura. CONFIRMADO_ESTATICO não equivale a teste manual nem a aceitação em hardware real.
DUCK-1064;Arquitetura Next.js;manutenibilidade;limite operacional;PARCIAL;src/app/;Matriz automatizada de cobertura. CONFIRMADO_ESTATICO não equivale a teste manual nem a aceitação em hardware real.
DUCK-1065;Arquitetura Next.js;manutenibilidade;aceitação de entrega;REVISAO_HUMANA;src/app/;Matriz automatizada de cobertura. CONFIRMADO_ESTATICO não equivale a teste manual nem a aceitação em hardware real.
DUCK-1066;Arquitetura Next.js;tipagem;inspeção estática;CONFIRMADO_ESTATICO;src/app/;Matriz automatizada de cobertura. CONFIRMADO_ESTATICO não equivale a teste manual nem a aceitação em hardware real.
DUCK-1067;Arquitetura Next.js;tipagem;prova estrutural;CONFIRMADO_ESTATICO;src/app/;Matriz automatizada de cobertura. CONFIRMADO_ESTATICO não equivale a teste manual nem a aceitação em hardware real.
DUCK-1068;Arquitetura Next.js;tipagem;evidência disponível;CONFIRMADO_ESTATICO;src/app/;Matriz automatizada de cobertura. CONFIRMADO_ESTATICO não equivale a teste manual nem a aceitação em hardware real.
DUCK-1069;Arquitetura Next.js;tipagem;limite operacional;PARCIAL;src/app/;Matriz automatizada de cobertura. CONFIRMADO_ESTATICO não equivale a teste manual nem a aceitação em hardware real.
DUCK-1070;Arquitetura Next.js;tipagem;aceitação de entrega;REVISAO_HUMANA;src/app/;Matriz automatizada de cobertura. CONFIRMADO_ESTATICO não equivale a teste manual nem a aceitação em hardware real.
DUCK-1071;Arquitetura Next.js;rastreabilidade;inspeção estática;CONFIRMADO_ESTATICO;src/app/;Matriz automatizada de cobertura. CONFIRMADO_ESTATICO não equivale a teste manual nem a aceitação em hardware real.
DUCK-1072;Arquitetura Next.js;rastreabilidade;prova estrutural;CONFIRMADO_ESTATICO;src/app/;Matriz automatizada de cobertura. CONFIRMADO_ESTATICO não equivale a teste manual nem a aceitação em hardware real.
DUCK-1073;Arquitetura Next.js;rastreabilidade;evidência disponível;CONFIRMADO_ESTATICO;src/app/;Matriz automatizada de cobertura. CONFIRMADO_ESTATICO não equivale a teste manual nem a aceitação em hardware real.
DUCK-1074;Arquitetura Next.js;rastreabilidade;limite operacional;PARCIAL;src/app/;Matriz automatizada de cobertura. CONFIRMADO_ESTATICO não equivale a teste manual nem a aceitação em hardware real.
DUCK-1075;Arquitetura Next.js;rastreabilidade;aceitação de entrega;REVISAO_HUMANA;src/app/;Matriz automatizada de cobertura. CONFIRMADO_ESTATICO não equivale a teste manual nem a aceitação em hardware real.
DUCK-1076;Arquitetura Next.js;evidência visual;inspeção estática;CONFIRMADO_ESTATICO;src/app/;Matriz automatizada de cobertura. CONFIRMADO_ESTATICO não equivale a teste manual nem a aceitação em hardware real.
DUCK-1077;Arquitetura Next.js;evidência visual;prova estrutural;CONFIRMADO_ESTATICO;src/app/;Matriz automatizada de cobertura. CONFIRMADO_ESTATICO não equivale a teste manual nem a aceitação em hardware real.
DUCK-1078;Arquitetura Next.js;evidência visual;evidência disponível;CONFIRMADO_ESTATICO;src/app/;Matriz automatizada de cobertura. CONFIRMADO_ESTATICO não equivale a teste manual nem a aceitação em hardware real.
DUCK-1079;Arquitetura Next.js;evidência visual;limite operacional;PARCIAL;src/app/;Matriz automatizada de cobertura. CONFIRMADO_ESTATICO não equivale a teste manual nem a aceitação em hardware real.
DUCK-1080;Arquitetura Next.js;evidência visual;aceitação de entrega;REVISAO_HUMANA;src/app/;Matriz automatizada de cobertura. CONFIRMADO_ESTATICO não equivale a teste manual nem a aceitação em hardware real.
DUCK-1081;Arquitetura Next.js;documentação;inspeção estática;CONFIRMADO_ESTATICO;src/app/;Matriz automatizada de cobertura. CONFIRMADO_ESTATICO não equivale a teste manual nem a aceitação em hardware real.
DUCK-1082;Arquitetura Next.js;documentação;prova estrutural;CONFIRMADO_ESTATICO;src/app/;Matriz automatizada de cobertura. CONFIRMADO_ESTATICO não equivale a teste manual nem a aceitação em hardware real.
DUCK-1083;Arquitetura Next.js;documentação;evidência disponível;CONFIRMADO_ESTATICO;src/app/;Matriz automatizada de cobertura. CONFIRMADO_ESTATICO não equivale a teste manual nem a aceitação em hardware real.
DUCK-1084;Arquitetura Next.js;documentação;limite operacional;PARCIAL;src/app/;Matriz automatizada de cobertura. CONFIRMADO_ESTATICO não equivale a teste manual nem a aceitação em hardware real.
DUCK-1085;Arquitetura Next.js;documentação;aceitação de entrega;REVISAO_HUMANA;src/app/;Matriz automatizada de cobertura. CONFIRMADO_ESTATICO não equivale a teste manual nem a aceitação em hardware real.
DUCK-1086;Arquitetura Next.js;recuperação;inspeção estática;CONFIRMADO_ESTATICO;src/app/;Matriz automatizada de cobertura. CONFIRMADO_ESTATICO não equivale a teste manual nem a aceitação em hardware real.
DUCK-1087;Arquitetura Next.js;recuperação;prova estrutural;CONFIRMADO_ESTATICO;src/app/;Matriz automatizada de cobertura. CONFIRMADO_ESTATICO não equivale a teste manual nem a aceitação em hardware real.
DUCK-1088;Arquitetura Next.js;recuperação;evidência disponível;CONFIRMADO_ESTATICO;src/app/;Matriz automatizada de cobertura. CONFIRMADO_ESTATICO não equivale a teste manual nem a aceitação em hardware real.
DUCK-1089;Arquitetura Next.js;recuperação;limite operacional;PARCIAL;src/app/;Matriz automatizada de cobertura. CONFIRMADO_ESTATICO não equivale a teste manual nem a aceitação em hardware real.
DUCK-1090;Arquitetura Next.js;recuperação;aceitação de entrega;REVISAO_HUMANA;src/app/;Matriz automatizada de cobertura. CONFIRMADO_ESTATICO não equivale a teste manual nem a aceitação em hardware real.
DUCK-1091;Arquitetura Next.js;exportação;inspeção estática;CONFIRMADO_ESTATICO;src/app/;Matriz automatizada de cobertura. CONFIRMADO_ESTATICO não equivale a teste manual nem a aceitação em hardware real.
DUCK-1092;Arquitetura Next.js;exportação;prova estrutural;CONFIRMADO_ESTATICO;src/app/;Matriz automatizada de cobertura. CONFIRMADO_ESTATICO não equivale a teste manual nem a aceitação em hardware real.
DUCK-1093;Arquitetura Next.js;exportação;evidência disponível;CONFIRMADO_ESTATICO;src/app/;Matriz automatizada de cobertura. CONFIRMADO_ESTATICO não equivale a teste manual nem a aceitação em hardware real.
DUCK-1094;Arquitetura Next.js;exportação;limite operacional;PARCIAL;src/app/;Matriz automatizada de cobertura. CONFIRMADO_ESTATICO não equivale a teste manual nem a aceitação em hardware real.
DUCK-1095;Arquitetura Next.js;exportação;aceitação de entrega;REVISAO_HUMANA;src/app/;Matriz automatizada de cobertura. CONFIRMADO_ESTATICO não equivale a teste manual nem a aceitação em hardware real.
DUCK-1096;Arquitetura Next.js;entrega;inspeção estática;CONFIRMADO_ESTATICO;src/app/;Matriz automatizada de cobertura. CONFIRMADO_ESTATICO não equivale a teste manual nem a aceitação em hardware real.
DUCK-1097;Arquitetura Next.js;entrega;prova estrutural;CONFIRMADO_ESTATICO;src/app/;Matriz automatizada de cobertura. CONFIRMADO_ESTATICO não equivale a teste manual nem a aceitação em hardware real.
DUCK-1098;Arquitetura Next.js;entrega;evidência disponível;CONFIRMADO_ESTATICO;src/app/;Matriz automatizada de cobertura. CONFIRMADO_ESTATICO não equivale a teste manual nem a aceitação em hardware real.
DUCK-1099;Arquitetura Next.js;entrega;limite operacional;PARCIAL;src/app/;Matriz automatizada de cobertura. CONFIRMADO_ESTATICO não equivale a teste manual nem a aceitação em hardware real.
DUCK-1100;Arquitetura Next.js;entrega;aceitação de entrega;REVISAO_HUMANA;src/app/;Matriz automatizada de cobertura. CONFIRMADO_ESTATICO não equivale a teste manual nem a aceitação em hardware real.
DUCK-1101;Qualidade TypeScript;presença funcional;inspeção estática;CONFIRMADO_ESTATICO;tsconfig.json;Matriz automatizada de cobertura. CONFIRMADO_ESTATICO não equivale a teste manual nem a aceitação em hardware real.
DUCK-1102;Qualidade TypeScript;presença funcional;prova estrutural;CONFIRMADO_ESTATICO;tsconfig.json;Matriz automatizada de cobertura. CONFIRMADO_ESTATICO não equivale a teste manual nem a aceitação em hardware real.
DUCK-1103;Qualidade TypeScript;presença funcional;evidência disponível;CONFIRMADO_ESTATICO;tsconfig.json;Matriz automatizada de cobertura. CONFIRMADO_ESTATICO não equivale a teste manual nem a aceitação em hardware real.
DUCK-1104;Qualidade TypeScript;presença funcional;limite operacional;PARCIAL;tsconfig.json;Matriz automatizada de cobertura. CONFIRMADO_ESTATICO não equivale a teste manual nem a aceitação em hardware real.
DUCK-1105;Qualidade TypeScript;presença funcional;aceitação de entrega;REVISAO_HUMANA;tsconfig.json;Matriz automatizada de cobertura. CONFIRMADO_ESTATICO não equivale a teste manual nem a aceitação em hardware real.
DUCK-1106;Qualidade TypeScript;consistência de estados;inspeção estática;CONFIRMADO_ESTATICO;tsconfig.json;Matriz automatizada de cobertura. CONFIRMADO_ESTATICO não equivale a teste manual nem a aceitação em hardware real.
DUCK-1107;Qualidade TypeScript;consistência de estados;prova estrutural;CONFIRMADO_ESTATICO;tsconfig.json;Matriz automatizada de cobertura. CONFIRMADO_ESTATICO não equivale a teste manual nem a aceitação em hardware real.
DUCK-1108;Qualidade TypeScript;consistência de estados;evidência disponível;CONFIRMADO_ESTATICO;tsconfig.json;Matriz automatizada de cobertura. CONFIRMADO_ESTATICO não equivale a teste manual nem a aceitação em hardware real.
DUCK-1109;Qualidade TypeScript;consistência de estados;limite operacional;PARCIAL;tsconfig.json;Matriz automatizada de cobertura. CONFIRMADO_ESTATICO não equivale a teste manual nem a aceitação em hardware real.
DUCK-1110;Qualidade TypeScript;consistência de estados;aceitação de entrega;REVISAO_HUMANA;tsconfig.json;Matriz automatizada de cobertura. CONFIRMADO_ESTATICO não equivale a teste manual nem a aceitação em hardware real.
DUCK-1111;Qualidade TypeScript;clareza de feedback;inspeção estática;CONFIRMADO_ESTATICO;tsconfig.json;Matriz automatizada de cobertura. CONFIRMADO_ESTATICO não equivale a teste manual nem a aceitação em hardware real.
DUCK-1112;Qualidade TypeScript;clareza de feedback;prova estrutural;CONFIRMADO_ESTATICO;tsconfig.json;Matriz automatizada de cobertura. CONFIRMADO_ESTATICO não equivale a teste manual nem a aceitação em hardware real.
DUCK-1113;Qualidade TypeScript;clareza de feedback;evidência disponível;CONFIRMADO_ESTATICO;tsconfig.json;Matriz automatizada de cobertura. CONFIRMADO_ESTATICO não equivale a teste manual nem a aceitação em hardware real.
DUCK-1114;Qualidade TypeScript;clareza de feedback;limite operacional;PARCIAL;tsconfig.json;Matriz automatizada de cobertura. CONFIRMADO_ESTATICO não equivale a teste manual nem a aceitação em hardware real.
DUCK-1115;Qualidade TypeScript;clareza de feedback;aceitação de entrega;REVISAO_HUMANA;tsconfig.json;Matriz automatizada de cobertura. CONFIRMADO_ESTATICO não equivale a teste manual nem a aceitação em hardware real.
DUCK-1116;Qualidade TypeScript;tratamento de erro;inspeção estática;CONFIRMADO_ESTATICO;tsconfig.json;Matriz automatizada de cobertura. CONFIRMADO_ESTATICO não equivale a teste manual nem a aceitação em hardware real.
DUCK-1117;Qualidade TypeScript;tratamento de erro;prova estrutural;CONFIRMADO_ESTATICO;tsconfig.json;Matriz automatizada de cobertura. CONFIRMADO_ESTATICO não equivale a teste manual nem a aceitação em hardware real.
DUCK-1118;Qualidade TypeScript;tratamento de erro;evidência disponível;CONFIRMADO_ESTATICO;tsconfig.json;Matriz automatizada de cobertura. CONFIRMADO_ESTATICO não equivale a teste manual nem a aceitação em hardware real.
DUCK-1119;Qualidade TypeScript;tratamento de erro;limite operacional;PARCIAL;tsconfig.json;Matriz automatizada de cobertura. CONFIRMADO_ESTATICO não equivale a teste manual nem a aceitação em hardware real.
DUCK-1120;Qualidade TypeScript;tratamento de erro;aceitação de entrega;REVISAO_HUMANA;tsconfig.json;Matriz automatizada de cobertura. CONFIRMADO_ESTATICO não equivale a teste manual nem a aceitação em hardware real.
DUCK-1121;Qualidade TypeScript;navegação por teclado;inspeção estática;CONFIRMADO_ESTATICO;tsconfig.json;Matriz automatizada de cobertura. CONFIRMADO_ESTATICO não equivale a teste manual nem a aceitação em hardware real.
DUCK-1122;Qualidade TypeScript;navegação por teclado;prova estrutural;CONFIRMADO_ESTATICO;tsconfig.json;Matriz automatizada de cobertura. CONFIRMADO_ESTATICO não equivale a teste manual nem a aceitação em hardware real.
DUCK-1123;Qualidade TypeScript;navegação por teclado;evidência disponível;CONFIRMADO_ESTATICO;tsconfig.json;Matriz automatizada de cobertura. CONFIRMADO_ESTATICO não equivale a teste manual nem a aceitação em hardware real.
DUCK-1124;Qualidade TypeScript;navegação por teclado;limite operacional;PARCIAL;tsconfig.json;Matriz automatizada de cobertura. CONFIRMADO_ESTATICO não equivale a teste manual nem a aceitação em hardware real.
DUCK-1125;Qualidade TypeScript;navegação por teclado;aceitação de entrega;REVISAO_HUMANA;tsconfig.json;Matriz automatizada de cobertura. CONFIRMADO_ESTATICO não equivale a teste manual nem a aceitação em hardware real.
DUCK-1126;Qualidade TypeScript;legibilidade;inspeção estática;CONFIRMADO_ESTATICO;tsconfig.json;Matriz automatizada de cobertura. CONFIRMADO_ESTATICO não equivale a teste manual nem a aceitação em hardware real.
DUCK-1127;Qualidade TypeScript;legibilidade;prova estrutural;CONFIRMADO_ESTATICO;tsconfig.json;Matriz automatizada de cobertura. CONFIRMADO_ESTATICO não equivale a teste manual nem a aceitação em hardware real.
DUCK-1128;Qualidade TypeScript;legibilidade;evidência disponível;CONFIRMADO_ESTATICO;tsconfig.json;Matriz automatizada de cobertura. CONFIRMADO_ESTATICO não equivale a teste manual nem a aceitação em hardware real.
DUCK-1129;Qualidade TypeScript;legibilidade;limite operacional;PARCIAL;tsconfig.json;Matriz automatizada de cobertura. CONFIRMADO_ESTATICO não equivale a teste manual nem a aceitação em hardware real.
DUCK-1130;Qualidade TypeScript;legibilidade;aceitação de entrega;REVISAO_HUMANA;tsconfig.json;Matriz automatizada de cobertura. CONFIRMADO_ESTATICO não equivale a teste manual nem a aceitação em hardware real.
DUCK-1131;Qualidade TypeScript;contraste;inspeção estática;CONFIRMADO_ESTATICO;tsconfig.json;Matriz automatizada de cobertura. CONFIRMADO_ESTATICO não equivale a teste manual nem a aceitação em hardware real.
DUCK-1132;Qualidade TypeScript;contraste;prova estrutural;CONFIRMADO_ESTATICO;tsconfig.json;Matriz automatizada de cobertura. CONFIRMADO_ESTATICO não equivale a teste manual nem a aceitação em hardware real.
DUCK-1133;Qualidade TypeScript;contraste;evidência disponível;CONFIRMADO_ESTATICO;tsconfig.json;Matriz automatizada de cobertura. CONFIRMADO_ESTATICO não equivale a teste manual nem a aceitação em hardware real.
DUCK-1134;Qualidade TypeScript;contraste;limite operacional;PARCIAL;tsconfig.json;Matriz automatizada de cobertura. CONFIRMADO_ESTATICO não equivale a teste manual nem a aceitação em hardware real.
DUCK-1135;Qualidade TypeScript;contraste;aceitação de entrega;REVISAO_HUMANA;tsconfig.json;Matriz automatizada de cobertura. CONFIRMADO_ESTATICO não equivale a teste manual nem a aceitação em hardware real.
DUCK-1136;Qualidade TypeScript;responsividade;inspeção estática;CONFIRMADO_ESTATICO;tsconfig.json;Matriz automatizada de cobertura. CONFIRMADO_ESTATICO não equivale a teste manual nem a aceitação em hardware real.
DUCK-1137;Qualidade TypeScript;responsividade;prova estrutural;CONFIRMADO_ESTATICO;tsconfig.json;Matriz automatizada de cobertura. CONFIRMADO_ESTATICO não equivale a teste manual nem a aceitação em hardware real.
DUCK-1138;Qualidade TypeScript;responsividade;evidência disponível;CONFIRMADO_ESTATICO;tsconfig.json;Matriz automatizada de cobertura. CONFIRMADO_ESTATICO não equivale a teste manual nem a aceitação em hardware real.
DUCK-1139;Qualidade TypeScript;responsividade;limite operacional;PARCIAL;tsconfig.json;Matriz automatizada de cobertura. CONFIRMADO_ESTATICO não equivale a teste manual nem a aceitação em hardware real.
DUCK-1140;Qualidade TypeScript;responsividade;aceitação de entrega;REVISAO_HUMANA;tsconfig.json;Matriz automatizada de cobertura. CONFIRMADO_ESTATICO não equivale a teste manual nem a aceitação em hardware real.
DUCK-1141;Qualidade TypeScript;persistência;inspeção estática;CONFIRMADO_ESTATICO;tsconfig.json;Matriz automatizada de cobertura. CONFIRMADO_ESTATICO não equivale a teste manual nem a aceitação em hardware real.
DUCK-1142;Qualidade TypeScript;persistência;prova estrutural;CONFIRMADO_ESTATICO;tsconfig.json;Matriz automatizada de cobertura. CONFIRMADO_ESTATICO não equivale a teste manual nem a aceitação em hardware real.
DUCK-1143;Qualidade TypeScript;persistência;evidência disponível;CONFIRMADO_ESTATICO;tsconfig.json;Matriz automatizada de cobertura. CONFIRMADO_ESTATICO não equivale a teste manual nem a aceitação em hardware real.
DUCK-1144;Qualidade TypeScript;persistência;limite operacional;PARCIAL;tsconfig.json;Matriz automatizada de cobertura. CONFIRMADO_ESTATICO não equivale a teste manual nem a aceitação em hardware real.
DUCK-1145;Qualidade TypeScript;persistência;aceitação de entrega;REVISAO_HUMANA;tsconfig.json;Matriz automatizada de cobertura. CONFIRMADO_ESTATICO não equivale a teste manual nem a aceitação em hardware real.
DUCK-1146;Qualidade TypeScript;segurança de entrada;inspeção estática;CONFIRMADO_ESTATICO;tsconfig.json;Matriz automatizada de cobertura. CONFIRMADO_ESTATICO não equivale a teste manual nem a aceitação em hardware real.
DUCK-1147;Qualidade TypeScript;segurança de entrada;prova estrutural;CONFIRMADO_ESTATICO;tsconfig.json;Matriz automatizada de cobertura. CONFIRMADO_ESTATICO não equivale a teste manual nem a aceitação em hardware real.
DUCK-1148;Qualidade TypeScript;segurança de entrada;evidência disponível;CONFIRMADO_ESTATICO;tsconfig.json;Matriz automatizada de cobertura. CONFIRMADO_ESTATICO não equivale a teste manual nem a aceitação em hardware real.
DUCK-1149;Qualidade TypeScript;segurança de entrada;limite operacional;PARCIAL;tsconfig.json;Matriz automatizada de cobertura. CONFIRMADO_ESTATICO não equivale a teste manual nem a aceitação em hardware real.
DUCK-1150;Qualidade TypeScript;segurança de entrada;aceitação de entrega;REVISAO_HUMANA;tsconfig.json;Matriz automatizada de cobertura. CONFIRMADO_ESTATICO não equivale a teste manual nem a aceitação em hardware real.
DUCK-1151;Qualidade TypeScript;privacidade;inspeção estática;CONFIRMADO_ESTATICO;tsconfig.json;Matriz automatizada de cobertura. CONFIRMADO_ESTATICO não equivale a teste manual nem a aceitação em hardware real.
DUCK-1152;Qualidade TypeScript;privacidade;prova estrutural;CONFIRMADO_ESTATICO;tsconfig.json;Matriz automatizada de cobertura. CONFIRMADO_ESTATICO não equivale a teste manual nem a aceitação em hardware real.
DUCK-1153;Qualidade TypeScript;privacidade;evidência disponível;CONFIRMADO_ESTATICO;tsconfig.json;Matriz automatizada de cobertura. CONFIRMADO_ESTATICO não equivale a teste manual nem a aceitação em hardware real.
DUCK-1154;Qualidade TypeScript;privacidade;limite operacional;PARCIAL;tsconfig.json;Matriz automatizada de cobertura. CONFIRMADO_ESTATICO não equivale a teste manual nem a aceitação em hardware real.
DUCK-1155;Qualidade TypeScript;privacidade;aceitação de entrega;REVISAO_HUMANA;tsconfig.json;Matriz automatizada de cobertura. CONFIRMADO_ESTATICO não equivale a teste manual nem a aceitação em hardware real.
DUCK-1156;Qualidade TypeScript;desempenho;inspeção estática;CONFIRMADO_ESTATICO;tsconfig.json;Matriz automatizada de cobertura. CONFIRMADO_ESTATICO não equivale a teste manual nem a aceitação em hardware real.
DUCK-1157;Qualidade TypeScript;desempenho;prova estrutural;CONFIRMADO_ESTATICO;tsconfig.json;Matriz automatizada de cobertura. CONFIRMADO_ESTATICO não equivale a teste manual nem a aceitação em hardware real.
DUCK-1158;Qualidade TypeScript;desempenho;evidência disponível;CONFIRMADO_ESTATICO;tsconfig.json;Matriz automatizada de cobertura. CONFIRMADO_ESTATICO não equivale a teste manual nem a aceitação em hardware real.
DUCK-1159;Qualidade TypeScript;desempenho;limite operacional;PARCIAL;tsconfig.json;Matriz automatizada de cobertura. CONFIRMADO_ESTATICO não equivale a teste manual nem a aceitação em hardware real.
DUCK-1160;Qualidade TypeScript;desempenho;aceitação de entrega;REVISAO_HUMANA;tsconfig.json;Matriz automatizada de cobertura. CONFIRMADO_ESTATICO não equivale a teste manual nem a aceitação em hardware real.
DUCK-1161;Qualidade TypeScript;manutenibilidade;inspeção estática;CONFIRMADO_ESTATICO;tsconfig.json;Matriz automatizada de cobertura. CONFIRMADO_ESTATICO não equivale a teste manual nem a aceitação em hardware real.
DUCK-1162;Qualidade TypeScript;manutenibilidade;prova estrutural;CONFIRMADO_ESTATICO;tsconfig.json;Matriz automatizada de cobertura. CONFIRMADO_ESTATICO não equivale a teste manual nem a aceitação em hardware real.
DUCK-1163;Qualidade TypeScript;manutenibilidade;evidência disponível;CONFIRMADO_ESTATICO;tsconfig.json;Matriz automatizada de cobertura. CONFIRMADO_ESTATICO não equivale a teste manual nem a aceitação em hardware real.
DUCK-1164;Qualidade TypeScript;manutenibilidade;limite operacional;PARCIAL;tsconfig.json;Matriz automatizada de cobertura. CONFIRMADO_ESTATICO não equivale a teste manual nem a aceitação em hardware real.
DUCK-1165;Qualidade TypeScript;manutenibilidade;aceitação de entrega;REVISAO_HUMANA;tsconfig.json;Matriz automatizada de cobertura. CONFIRMADO_ESTATICO não equivale a teste manual nem a aceitação em hardware real.
DUCK-1166;Qualidade TypeScript;tipagem;inspeção estática;CONFIRMADO_ESTATICO;tsconfig.json;Matriz automatizada de cobertura. CONFIRMADO_ESTATICO não equivale a teste manual nem a aceitação em hardware real.
DUCK-1167;Qualidade TypeScript;tipagem;prova estrutural;CONFIRMADO_ESTATICO;tsconfig.json;Matriz automatizada de cobertura. CONFIRMADO_ESTATICO não equivale a teste manual nem a aceitação em hardware real.
DUCK-1168;Qualidade TypeScript;tipagem;evidência disponível;CONFIRMADO_ESTATICO;tsconfig.json;Matriz automatizada de cobertura. CONFIRMADO_ESTATICO não equivale a teste manual nem a aceitação em hardware real.
DUCK-1169;Qualidade TypeScript;tipagem;limite operacional;PARCIAL;tsconfig.json;Matriz automatizada de cobertura. CONFIRMADO_ESTATICO não equivale a teste manual nem a aceitação em hardware real.
DUCK-1170;Qualidade TypeScript;tipagem;aceitação de entrega;REVISAO_HUMANA;tsconfig.json;Matriz automatizada de cobertura. CONFIRMADO_ESTATICO não equivale a teste manual nem a aceitação em hardware real.
DUCK-1171;Qualidade TypeScript;rastreabilidade;inspeção estática;CONFIRMADO_ESTATICO;tsconfig.json;Matriz automatizada de cobertura. CONFIRMADO_ESTATICO não equivale a teste manual nem a aceitação em hardware real.
DUCK-1172;Qualidade TypeScript;rastreabilidade;prova estrutural;CONFIRMADO_ESTATICO;tsconfig.json;Matriz automatizada de cobertura. CONFIRMADO_ESTATICO não equivale a teste manual nem a aceitação em hardware real.
DUCK-1173;Qualidade TypeScript;rastreabilidade;evidência disponível;CONFIRMADO_ESTATICO;tsconfig.json;Matriz automatizada de cobertura. CONFIRMADO_ESTATICO não equivale a teste manual nem a aceitação em hardware real.
DUCK-1174;Qualidade TypeScript;rastreabilidade;limite operacional;PARCIAL;tsconfig.json;Matriz automatizada de cobertura. CONFIRMADO_ESTATICO não equivale a teste manual nem a aceitação em hardware real.
DUCK-1175;Qualidade TypeScript;rastreabilidade;aceitação de entrega;REVISAO_HUMANA;tsconfig.json;Matriz automatizada de cobertura. CONFIRMADO_ESTATICO não equivale a teste manual nem a aceitação em hardware real.
DUCK-1176;Qualidade TypeScript;evidência visual;inspeção estática;CONFIRMADO_ESTATICO;tsconfig.json;Matriz automatizada de cobertura. CONFIRMADO_ESTATICO não equivale a teste manual nem a aceitação em hardware real.
DUCK-1177;Qualidade TypeScript;evidência visual;prova estrutural;CONFIRMADO_ESTATICO;tsconfig.json;Matriz automatizada de cobertura. CONFIRMADO_ESTATICO não equivale a teste manual nem a aceitação em hardware real.
DUCK-1178;Qualidade TypeScript;evidência visual;evidência disponível;CONFIRMADO_ESTATICO;tsconfig.json;Matriz automatizada de cobertura. CONFIRMADO_ESTATICO não equivale a teste manual nem a aceitação em hardware real.
DUCK-1179;Qualidade TypeScript;evidência visual;limite operacional;PARCIAL;tsconfig.json;Matriz automatizada de cobertura. CONFIRMADO_ESTATICO não equivale a teste manual nem a aceitação em hardware real.
DUCK-1180;Qualidade TypeScript;evidência visual;aceitação de entrega;REVISAO_HUMANA;tsconfig.json;Matriz automatizada de cobertura. CONFIRMADO_ESTATICO não equivale a teste manual nem a aceitação em hardware real.
DUCK-1181;Qualidade TypeScript;documentação;inspeção estática;CONFIRMADO_ESTATICO;tsconfig.json;Matriz automatizada de cobertura. CONFIRMADO_ESTATICO não equivale a teste manual nem a aceitação em hardware real.
DUCK-1182;Qualidade TypeScript;documentação;prova estrutural;CONFIRMADO_ESTATICO;tsconfig.json;Matriz automatizada de cobertura. CONFIRMADO_ESTATICO não equivale a teste manual nem a aceitação em hardware real.
DUCK-1183;Qualidade TypeScript;documentação;evidência disponível;CONFIRMADO_ESTATICO;tsconfig.json;Matriz automatizada de cobertura. CONFIRMADO_ESTATICO não equivale a teste manual nem a aceitação em hardware real.
DUCK-1184;Qualidade TypeScript;documentação;limite operacional;PARCIAL;tsconfig.json;Matriz automatizada de cobertura. CONFIRMADO_ESTATICO não equivale a teste manual nem a aceitação em hardware real.
DUCK-1185;Qualidade TypeScript;documentação;aceitação de entrega;REVISAO_HUMANA;tsconfig.json;Matriz automatizada de cobertura. CONFIRMADO_ESTATICO não equivale a teste manual nem a aceitação em hardware real.
DUCK-1186;Qualidade TypeScript;recuperação;inspeção estática;CONFIRMADO_ESTATICO;tsconfig.json;Matriz automatizada de cobertura. CONFIRMADO_ESTATICO não equivale a teste manual nem a aceitação em hardware real.
DUCK-1187;Qualidade TypeScript;recuperação;prova estrutural;CONFIRMADO_ESTATICO;tsconfig.json;Matriz automatizada de cobertura. CONFIRMADO_ESTATICO não equivale a teste manual nem a aceitação em hardware real.
DUCK-1188;Qualidade TypeScript;recuperação;evidência disponível;CONFIRMADO_ESTATICO;tsconfig.json;Matriz automatizada de cobertura. CONFIRMADO_ESTATICO não equivale a teste manual nem a aceitação em hardware real.
DUCK-1189;Qualidade TypeScript;recuperação;limite operacional;PARCIAL;tsconfig.json;Matriz automatizada de cobertura. CONFIRMADO_ESTATICO não equivale a teste manual nem a aceitação em hardware real.
DUCK-1190;Qualidade TypeScript;recuperação;aceitação de entrega;REVISAO_HUMANA;tsconfig.json;Matriz automatizada de cobertura. CONFIRMADO_ESTATICO não equivale a teste manual nem a aceitação em hardware real.
DUCK-1191;Qualidade TypeScript;exportação;inspeção estática;CONFIRMADO_ESTATICO;tsconfig.json;Matriz automatizada de cobertura. CONFIRMADO_ESTATICO não equivale a teste manual nem a aceitação em hardware real.
DUCK-1192;Qualidade TypeScript;exportação;prova estrutural;CONFIRMADO_ESTATICO;tsconfig.json;Matriz automatizada de cobertura. CONFIRMADO_ESTATICO não equivale a teste manual nem a aceitação em hardware real.
DUCK-1193;Qualidade TypeScript;exportação;evidência disponível;CONFIRMADO_ESTATICO;tsconfig.json;Matriz automatizada de cobertura. CONFIRMADO_ESTATICO não equivale a teste manual nem a aceitação em hardware real.
DUCK-1194;Qualidade TypeScript;exportação;limite operacional;PARCIAL;tsconfig.json;Matriz automatizada de cobertura. CONFIRMADO_ESTATICO não equivale a teste manual nem a aceitação em hardware real.
DUCK-1195;Qualidade TypeScript;exportação;aceitação de entrega;REVISAO_HUMANA;tsconfig.json;Matriz automatizada de cobertura. CONFIRMADO_ESTATICO não equivale a teste manual nem a aceitação em hardware real.
DUCK-1196;Qualidade TypeScript;entrega;inspeção estática;CONFIRMADO_ESTATICO;tsconfig.json;Matriz automatizada de cobertura. CONFIRMADO_ESTATICO não equivale a teste manual nem a aceitação em hardware real.
DUCK-1197;Qualidade TypeScript;entrega;prova estrutural;CONFIRMADO_ESTATICO;tsconfig.json;Matriz automatizada de cobertura. CONFIRMADO_ESTATICO não equivale a teste manual nem a aceitação em hardware real.
DUCK-1198;Qualidade TypeScript;entrega;evidência disponível;CONFIRMADO_ESTATICO;tsconfig.json;Matriz automatizada de cobertura. CONFIRMADO_ESTATICO não equivale a teste manual nem a aceitação em hardware real.
DUCK-1199;Qualidade TypeScript;entrega;limite operacional;PARCIAL;tsconfig.json;Matriz automatizada de cobertura. CONFIRMADO_ESTATICO não equivale a teste manual nem a aceitação em hardware real.
DUCK-1200;Qualidade TypeScript;entrega;aceitação de entrega;REVISAO_HUMANA;tsconfig.json;Matriz automatizada de cobertura. CONFIRMADO_ESTATICO não equivale a teste manual nem a aceitação em hardware real.
DUCK-1201;APIs internas;presença funcional;inspeção estática;CONFIRMADO_ESTATICO;src/app/api/;Matriz automatizada de cobertura. CONFIRMADO_ESTATICO não equivale a teste manual nem a aceitação em hardware real.
DUCK-1202;APIs internas;presença funcional;prova estrutural;CONFIRMADO_ESTATICO;src/app/api/;Matriz automatizada de cobertura. CONFIRMADO_ESTATICO não equivale a teste manual nem a aceitação em hardware real.
DUCK-1203;APIs internas;presença funcional;evidência disponível;CONFIRMADO_ESTATICO;src/app/api/;Matriz automatizada de cobertura. CONFIRMADO_ESTATICO não equivale a teste manual nem a aceitação em hardware real.
DUCK-1204;APIs internas;presença funcional;limite operacional;PARCIAL;src/app/api/;Matriz automatizada de cobertura. CONFIRMADO_ESTATICO não equivale a teste manual nem a aceitação em hardware real.
DUCK-1205;APIs internas;presença funcional;aceitação de entrega;REVISAO_HUMANA;src/app/api/;Matriz automatizada de cobertura. CONFIRMADO_ESTATICO não equivale a teste manual nem a aceitação em hardware real.
DUCK-1206;APIs internas;consistência de estados;inspeção estática;CONFIRMADO_ESTATICO;src/app/api/;Matriz automatizada de cobertura. CONFIRMADO_ESTATICO não equivale a teste manual nem a aceitação em hardware real.
DUCK-1207;APIs internas;consistência de estados;prova estrutural;CONFIRMADO_ESTATICO;src/app/api/;Matriz automatizada de cobertura. CONFIRMADO_ESTATICO não equivale a teste manual nem a aceitação em hardware real.
DUCK-1208;APIs internas;consistência de estados;evidência disponível;CONFIRMADO_ESTATICO;src/app/api/;Matriz automatizada de cobertura. CONFIRMADO_ESTATICO não equivale a teste manual nem a aceitação em hardware real.
DUCK-1209;APIs internas;consistência de estados;limite operacional;PARCIAL;src/app/api/;Matriz automatizada de cobertura. CONFIRMADO_ESTATICO não equivale a teste manual nem a aceitação em hardware real.
DUCK-1210;APIs internas;consistência de estados;aceitação de entrega;REVISAO_HUMANA;src/app/api/;Matriz automatizada de cobertura. CONFIRMADO_ESTATICO não equivale a teste manual nem a aceitação em hardware real.
DUCK-1211;APIs internas;clareza de feedback;inspeção estática;CONFIRMADO_ESTATICO;src/app/api/;Matriz automatizada de cobertura. CONFIRMADO_ESTATICO não equivale a teste manual nem a aceitação em hardware real.
DUCK-1212;APIs internas;clareza de feedback;prova estrutural;CONFIRMADO_ESTATICO;src/app/api/;Matriz automatizada de cobertura. CONFIRMADO_ESTATICO não equivale a teste manual nem a aceitação em hardware real.
DUCK-1213;APIs internas;clareza de feedback;evidência disponível;CONFIRMADO_ESTATICO;src/app/api/;Matriz automatizada de cobertura. CONFIRMADO_ESTATICO não equivale a teste manual nem a aceitação em hardware real.
DUCK-1214;APIs internas;clareza de feedback;limite operacional;PARCIAL;src/app/api/;Matriz automatizada de cobertura. CONFIRMADO_ESTATICO não equivale a teste manual nem a aceitação em hardware real.
DUCK-1215;APIs internas;clareza de feedback;aceitação de entrega;REVISAO_HUMANA;src/app/api/;Matriz automatizada de cobertura. CONFIRMADO_ESTATICO não equivale a teste manual nem a aceitação em hardware real.
DUCK-1216;APIs internas;tratamento de erro;inspeção estática;CONFIRMADO_ESTATICO;src/app/api/;Matriz automatizada de cobertura. CONFIRMADO_ESTATICO não equivale a teste manual nem a aceitação em hardware real.
DUCK-1217;APIs internas;tratamento de erro;prova estrutural;CONFIRMADO_ESTATICO;src/app/api/;Matriz automatizada de cobertura. CONFIRMADO_ESTATICO não equivale a teste manual nem a aceitação em hardware real.
DUCK-1218;APIs internas;tratamento de erro;evidência disponível;CONFIRMADO_ESTATICO;src/app/api/;Matriz automatizada de cobertura. CONFIRMADO_ESTATICO não equivale a teste manual nem a aceitação em hardware real.
DUCK-1219;APIs internas;tratamento de erro;limite operacional;PARCIAL;src/app/api/;Matriz automatizada de cobertura. CONFIRMADO_ESTATICO não equivale a teste manual nem a aceitação em hardware real.
DUCK-1220;APIs internas;tratamento de erro;aceitação de entrega;REVISAO_HUMANA;src/app/api/;Matriz automatizada de cobertura. CONFIRMADO_ESTATICO não equivale a teste manual nem a aceitação em hardware real.
DUCK-1221;APIs internas;navegação por teclado;inspeção estática;CONFIRMADO_ESTATICO;src/app/api/;Matriz automatizada de cobertura. CONFIRMADO_ESTATICO não equivale a teste manual nem a aceitação em hardware real.
DUCK-1222;APIs internas;navegação por teclado;prova estrutural;CONFIRMADO_ESTATICO;src/app/api/;Matriz automatizada de cobertura. CONFIRMADO_ESTATICO não equivale a teste manual nem a aceitação em hardware real.
DUCK-1223;APIs internas;navegação por teclado;evidência disponível;CONFIRMADO_ESTATICO;src/app/api/;Matriz automatizada de cobertura. CONFIRMADO_ESTATICO não equivale a teste manual nem a aceitação em hardware real.
DUCK-1224;APIs internas;navegação por teclado;limite operacional;PARCIAL;src/app/api/;Matriz automatizada de cobertura. CONFIRMADO_ESTATICO não equivale a teste manual nem a aceitação em hardware real.
DUCK-1225;APIs internas;navegação por teclado;aceitação de entrega;REVISAO_HUMANA;src/app/api/;Matriz automatizada de cobertura. CONFIRMADO_ESTATICO não equivale a teste manual nem a aceitação em hardware real.
DUCK-1226;APIs internas;legibilidade;inspeção estática;CONFIRMADO_ESTATICO;src/app/api/;Matriz automatizada de cobertura. CONFIRMADO_ESTATICO não equivale a teste manual nem a aceitação em hardware real.
DUCK-1227;APIs internas;legibilidade;prova estrutural;CONFIRMADO_ESTATICO;src/app/api/;Matriz automatizada de cobertura. CONFIRMADO_ESTATICO não equivale a teste manual nem a aceitação em hardware real.
DUCK-1228;APIs internas;legibilidade;evidência disponível;CONFIRMADO_ESTATICO;src/app/api/;Matriz automatizada de cobertura. CONFIRMADO_ESTATICO não equivale a teste manual nem a aceitação em hardware real.
DUCK-1229;APIs internas;legibilidade;limite operacional;PARCIAL;src/app/api/;Matriz automatizada de cobertura. CONFIRMADO_ESTATICO não equivale a teste manual nem a aceitação em hardware real.
DUCK-1230;APIs internas;legibilidade;aceitação de entrega;REVISAO_HUMANA;src/app/api/;Matriz automatizada de cobertura. CONFIRMADO_ESTATICO não equivale a teste manual nem a aceitação em hardware real.
DUCK-1231;APIs internas;contraste;inspeção estática;CONFIRMADO_ESTATICO;src/app/api/;Matriz automatizada de cobertura. CONFIRMADO_ESTATICO não equivale a teste manual nem a aceitação em hardware real.
DUCK-1232;APIs internas;contraste;prova estrutural;CONFIRMADO_ESTATICO;src/app/api/;Matriz automatizada de cobertura. CONFIRMADO_ESTATICO não equivale a teste manual nem a aceitação em hardware real.
DUCK-1233;APIs internas;contraste;evidência disponível;CONFIRMADO_ESTATICO;src/app/api/;Matriz automatizada de cobertura. CONFIRMADO_ESTATICO não equivale a teste manual nem a aceitação em hardware real.
DUCK-1234;APIs internas;contraste;limite operacional;PARCIAL;src/app/api/;Matriz automatizada de cobertura. CONFIRMADO_ESTATICO não equivale a teste manual nem a aceitação em hardware real.
DUCK-1235;APIs internas;contraste;aceitação de entrega;REVISAO_HUMANA;src/app/api/;Matriz automatizada de cobertura. CONFIRMADO_ESTATICO não equivale a teste manual nem a aceitação em hardware real.
DUCK-1236;APIs internas;responsividade;inspeção estática;CONFIRMADO_ESTATICO;src/app/api/;Matriz automatizada de cobertura. CONFIRMADO_ESTATICO não equivale a teste manual nem a aceitação em hardware real.
DUCK-1237;APIs internas;responsividade;prova estrutural;CONFIRMADO_ESTATICO;src/app/api/;Matriz automatizada de cobertura. CONFIRMADO_ESTATICO não equivale a teste manual nem a aceitação em hardware real.
DUCK-1238;APIs internas;responsividade;evidência disponível;CONFIRMADO_ESTATICO;src/app/api/;Matriz automatizada de cobertura. CONFIRMADO_ESTATICO não equivale a teste manual nem a aceitação em hardware real.
DUCK-1239;APIs internas;responsividade;limite operacional;PARCIAL;src/app/api/;Matriz automatizada de cobertura. CONFIRMADO_ESTATICO não equivale a teste manual nem a aceitação em hardware real.
DUCK-1240;APIs internas;responsividade;aceitação de entrega;REVISAO_HUMANA;src/app/api/;Matriz automatizada de cobertura. CONFIRMADO_ESTATICO não equivale a teste manual nem a aceitação em hardware real.
DUCK-1241;APIs internas;persistência;inspeção estática;CONFIRMADO_ESTATICO;src/app/api/;Matriz automatizada de cobertura. CONFIRMADO_ESTATICO não equivale a teste manual nem a aceitação em hardware real.
DUCK-1242;APIs internas;persistência;prova estrutural;CONFIRMADO_ESTATICO;src/app/api/;Matriz automatizada de cobertura. CONFIRMADO_ESTATICO não equivale a teste manual nem a aceitação em hardware real.
DUCK-1243;APIs internas;persistência;evidência disponível;CONFIRMADO_ESTATICO;src/app/api/;Matriz automatizada de cobertura. CONFIRMADO_ESTATICO não equivale a teste manual nem a aceitação em hardware real.
DUCK-1244;APIs internas;persistência;limite operacional;PARCIAL;src/app/api/;Matriz automatizada de cobertura. CONFIRMADO_ESTATICO não equivale a teste manual nem a aceitação em hardware real.
DUCK-1245;APIs internas;persistência;aceitação de entrega;REVISAO_HUMANA;src/app/api/;Matriz automatizada de cobertura. CONFIRMADO_ESTATICO não equivale a teste manual nem a aceitação em hardware real.
DUCK-1246;APIs internas;segurança de entrada;inspeção estática;CONFIRMADO_ESTATICO;src/app/api/;Matriz automatizada de cobertura. CONFIRMADO_ESTATICO não equivale a teste manual nem a aceitação em hardware real.
DUCK-1247;APIs internas;segurança de entrada;prova estrutural;CONFIRMADO_ESTATICO;src/app/api/;Matriz automatizada de cobertura. CONFIRMADO_ESTATICO não equivale a teste manual nem a aceitação em hardware real.
DUCK-1248;APIs internas;segurança de entrada;evidência disponível;CONFIRMADO_ESTATICO;src/app/api/;Matriz automatizada de cobertura. CONFIRMADO_ESTATICO não equivale a teste manual nem a aceitação em hardware real.
DUCK-1249;APIs internas;segurança de entrada;limite operacional;PARCIAL;src/app/api/;Matriz automatizada de cobertura. CONFIRMADO_ESTATICO não equivale a teste manual nem a aceitação em hardware real.
DUCK-1250;APIs internas;segurança de entrada;aceitação de entrega;REVISAO_HUMANA;src/app/api/;Matriz automatizada de cobertura. CONFIRMADO_ESTATICO não equivale a teste manual nem a aceitação em hardware real.
DUCK-1251;APIs internas;privacidade;inspeção estática;CONFIRMADO_ESTATICO;src/app/api/;Matriz automatizada de cobertura. CONFIRMADO_ESTATICO não equivale a teste manual nem a aceitação em hardware real.
DUCK-1252;APIs internas;privacidade;prova estrutural;CONFIRMADO_ESTATICO;src/app/api/;Matriz automatizada de cobertura. CONFIRMADO_ESTATICO não equivale a teste manual nem a aceitação em hardware real.
DUCK-1253;APIs internas;privacidade;evidência disponível;CONFIRMADO_ESTATICO;src/app/api/;Matriz automatizada de cobertura. CONFIRMADO_ESTATICO não equivale a teste manual nem a aceitação em hardware real.
DUCK-1254;APIs internas;privacidade;limite operacional;PARCIAL;src/app/api/;Matriz automatizada de cobertura. CONFIRMADO_ESTATICO não equivale a teste manual nem a aceitação em hardware real.
DUCK-1255;APIs internas;privacidade;aceitação de entrega;REVISAO_HUMANA;src/app/api/;Matriz automatizada de cobertura. CONFIRMADO_ESTATICO não equivale a teste manual nem a aceitação em hardware real.
DUCK-1256;APIs internas;desempenho;inspeção estática;CONFIRMADO_ESTATICO;src/app/api/;Matriz automatizada de cobertura. CONFIRMADO_ESTATICO não equivale a teste manual nem a aceitação em hardware real.
DUCK-1257;APIs internas;desempenho;prova estrutural;CONFIRMADO_ESTATICO;src/app/api/;Matriz automatizada de cobertura. CONFIRMADO_ESTATICO não equivale a teste manual nem a aceitação em hardware real.
DUCK-1258;APIs internas;desempenho;evidência disponível;CONFIRMADO_ESTATICO;src/app/api/;Matriz automatizada de cobertura. CONFIRMADO_ESTATICO não equivale a teste manual nem a aceitação em hardware real.
DUCK-1259;APIs internas;desempenho;limite operacional;PARCIAL;src/app/api/;Matriz automatizada de cobertura. CONFIRMADO_ESTATICO não equivale a teste manual nem a aceitação em hardware real.
DUCK-1260;APIs internas;desempenho;aceitação de entrega;REVISAO_HUMANA;src/app/api/;Matriz automatizada de cobertura. CONFIRMADO_ESTATICO não equivale a teste manual nem a aceitação em hardware real.
DUCK-1261;APIs internas;manutenibilidade;inspeção estática;CONFIRMADO_ESTATICO;src/app/api/;Matriz automatizada de cobertura. CONFIRMADO_ESTATICO não equivale a teste manual nem a aceitação em hardware real.
DUCK-1262;APIs internas;manutenibilidade;prova estrutural;CONFIRMADO_ESTATICO;src/app/api/;Matriz automatizada de cobertura. CONFIRMADO_ESTATICO não equivale a teste manual nem a aceitação em hardware real.
DUCK-1263;APIs internas;manutenibilidade;evidência disponível;CONFIRMADO_ESTATICO;src/app/api/;Matriz automatizada de cobertura. CONFIRMADO_ESTATICO não equivale a teste manual nem a aceitação em hardware real.
DUCK-1264;APIs internas;manutenibilidade;limite operacional;PARCIAL;src/app/api/;Matriz automatizada de cobertura. CONFIRMADO_ESTATICO não equivale a teste manual nem a aceitação em hardware real.
DUCK-1265;APIs internas;manutenibilidade;aceitação de entrega;REVISAO_HUMANA;src/app/api/;Matriz automatizada de cobertura. CONFIRMADO_ESTATICO não equivale a teste manual nem a aceitação em hardware real.
DUCK-1266;APIs internas;tipagem;inspeção estática;CONFIRMADO_ESTATICO;src/app/api/;Matriz automatizada de cobertura. CONFIRMADO_ESTATICO não equivale a teste manual nem a aceitação em hardware real.
DUCK-1267;APIs internas;tipagem;prova estrutural;CONFIRMADO_ESTATICO;src/app/api/;Matriz automatizada de cobertura. CONFIRMADO_ESTATICO não equivale a teste manual nem a aceitação em hardware real.
DUCK-1268;APIs internas;tipagem;evidência disponível;CONFIRMADO_ESTATICO;src/app/api/;Matriz automatizada de cobertura. CONFIRMADO_ESTATICO não equivale a teste manual nem a aceitação em hardware real.
DUCK-1269;APIs internas;tipagem;limite operacional;PARCIAL;src/app/api/;Matriz automatizada de cobertura. CONFIRMADO_ESTATICO não equivale a teste manual nem a aceitação em hardware real.
DUCK-1270;APIs internas;tipagem;aceitação de entrega;REVISAO_HUMANA;src/app/api/;Matriz automatizada de cobertura. CONFIRMADO_ESTATICO não equivale a teste manual nem a aceitação em hardware real.
DUCK-1271;APIs internas;rastreabilidade;inspeção estática;CONFIRMADO_ESTATICO;src/app/api/;Matriz automatizada de cobertura. CONFIRMADO_ESTATICO não equivale a teste manual nem a aceitação em hardware real.
DUCK-1272;APIs internas;rastreabilidade;prova estrutural;CONFIRMADO_ESTATICO;src/app/api/;Matriz automatizada de cobertura. CONFIRMADO_ESTATICO não equivale a teste manual nem a aceitação em hardware real.
DUCK-1273;APIs internas;rastreabilidade;evidência disponível;CONFIRMADO_ESTATICO;src/app/api/;Matriz automatizada de cobertura. CONFIRMADO_ESTATICO não equivale a teste manual nem a aceitação em hardware real.
DUCK-1274;APIs internas;rastreabilidade;limite operacional;PARCIAL;src/app/api/;Matriz automatizada de cobertura. CONFIRMADO_ESTATICO não equivale a teste manual nem a aceitação em hardware real.
DUCK-1275;APIs internas;rastreabilidade;aceitação de entrega;REVISAO_HUMANA;src/app/api/;Matriz automatizada de cobertura. CONFIRMADO_ESTATICO não equivale a teste manual nem a aceitação em hardware real.
DUCK-1276;APIs internas;evidência visual;inspeção estática;CONFIRMADO_ESTATICO;src/app/api/;Matriz automatizada de cobertura. CONFIRMADO_ESTATICO não equivale a teste manual nem a aceitação em hardware real.
DUCK-1277;APIs internas;evidência visual;prova estrutural;CONFIRMADO_ESTATICO;src/app/api/;Matriz automatizada de cobertura. CONFIRMADO_ESTATICO não equivale a teste manual nem a aceitação em hardware real.
DUCK-1278;APIs internas;evidência visual;evidência disponível;CONFIRMADO_ESTATICO;src/app/api/;Matriz automatizada de cobertura. CONFIRMADO_ESTATICO não equivale a teste manual nem a aceitação em hardware real.
DUCK-1279;APIs internas;evidência visual;limite operacional;PARCIAL;src/app/api/;Matriz automatizada de cobertura. CONFIRMADO_ESTATICO não equivale a teste manual nem a aceitação em hardware real.
DUCK-1280;APIs internas;evidência visual;aceitação de entrega;REVISAO_HUMANA;src/app/api/;Matriz automatizada de cobertura. CONFIRMADO_ESTATICO não equivale a teste manual nem a aceitação em hardware real.
DUCK-1281;APIs internas;documentação;inspeção estática;CONFIRMADO_ESTATICO;src/app/api/;Matriz automatizada de cobertura. CONFIRMADO_ESTATICO não equivale a teste manual nem a aceitação em hardware real.
DUCK-1282;APIs internas;documentação;prova estrutural;CONFIRMADO_ESTATICO;src/app/api/;Matriz automatizada de cobertura. CONFIRMADO_ESTATICO não equivale a teste manual nem a aceitação em hardware real.
DUCK-1283;APIs internas;documentação;evidência disponível;CONFIRMADO_ESTATICO;src/app/api/;Matriz automatizada de cobertura. CONFIRMADO_ESTATICO não equivale a teste manual nem a aceitação em hardware real.
DUCK-1284;APIs internas;documentação;limite operacional;PARCIAL;src/app/api/;Matriz automatizada de cobertura. CONFIRMADO_ESTATICO não equivale a teste manual nem a aceitação em hardware real.
DUCK-1285;APIs internas;documentação;aceitação de entrega;REVISAO_HUMANA;src/app/api/;Matriz automatizada de cobertura. CONFIRMADO_ESTATICO não equivale a teste manual nem a aceitação em hardware real.
DUCK-1286;APIs internas;recuperação;inspeção estática;CONFIRMADO_ESTATICO;src/app/api/;Matriz automatizada de cobertura. CONFIRMADO_ESTATICO não equivale a teste manual nem a aceitação em hardware real.
DUCK-1287;APIs internas;recuperação;prova estrutural;CONFIRMADO_ESTATICO;src/app/api/;Matriz automatizada de cobertura. CONFIRMADO_ESTATICO não equivale a teste manual nem a aceitação em hardware real.
DUCK-1288;APIs internas;recuperação;evidência disponível;CONFIRMADO_ESTATICO;src/app/api/;Matriz automatizada de cobertura. CONFIRMADO_ESTATICO não equivale a teste manual nem a aceitação em hardware real.
DUCK-1289;APIs internas;recuperação;limite operacional;PARCIAL;src/app/api/;Matriz automatizada de cobertura. CONFIRMADO_ESTATICO não equivale a teste manual nem a aceitação em hardware real.
DUCK-1290;APIs internas;recuperação;aceitação de entrega;REVISAO_HUMANA;src/app/api/;Matriz automatizada de cobertura. CONFIRMADO_ESTATICO não equivale a teste manual nem a aceitação em hardware real.
DUCK-1291;APIs internas;exportação;inspeção estática;CONFIRMADO_ESTATICO;src/app/api/;Matriz automatizada de cobertura. CONFIRMADO_ESTATICO não equivale a teste manual nem a aceitação em hardware real.
DUCK-1292;APIs internas;exportação;prova estrutural;CONFIRMADO_ESTATICO;src/app/api/;Matriz automatizada de cobertura. CONFIRMADO_ESTATICO não equivale a teste manual nem a aceitação em hardware real.
DUCK-1293;APIs internas;exportação;evidência disponível;CONFIRMADO_ESTATICO;src/app/api/;Matriz automatizada de cobertura. CONFIRMADO_ESTATICO não equivale a teste manual nem a aceitação em hardware real.
DUCK-1294;APIs internas;exportação;limite operacional;PARCIAL;src/app/api/;Matriz automatizada de cobertura. CONFIRMADO_ESTATICO não equivale a teste manual nem a aceitação em hardware real.
DUCK-1295;APIs internas;exportação;aceitação de entrega;REVISAO_HUMANA;src/app/api/;Matriz automatizada de cobertura. CONFIRMADO_ESTATICO não equivale a teste manual nem a aceitação em hardware real.
DUCK-1296;APIs internas;entrega;inspeção estática;CONFIRMADO_ESTATICO;src/app/api/;Matriz automatizada de cobertura. CONFIRMADO_ESTATICO não equivale a teste manual nem a aceitação em hardware real.
DUCK-1297;APIs internas;entrega;prova estrutural;CONFIRMADO_ESTATICO;src/app/api/;Matriz automatizada de cobertura. CONFIRMADO_ESTATICO não equivale a teste manual nem a aceitação em hardware real.
DUCK-1298;APIs internas;entrega;evidência disponível;CONFIRMADO_ESTATICO;src/app/api/;Matriz automatizada de cobertura. CONFIRMADO_ESTATICO não equivale a teste manual nem a aceitação em hardware real.
DUCK-1299;APIs internas;entrega;limite operacional;PARCIAL;src/app/api/;Matriz automatizada de cobertura. CONFIRMADO_ESTATICO não equivale a teste manual nem a aceitação em hardware real.
DUCK-1300;APIs internas;entrega;aceitação de entrega;REVISAO_HUMANA;src/app/api/;Matriz automatizada de cobertura. CONFIRMADO_ESTATICO não equivale a teste manual nem a aceitação em hardware real.
DUCK-1301;Prisma e dados;presença funcional;inspeção estática;CONFIRMADO_ESTATICO;prisma/schema.prisma;Matriz automatizada de cobertura. CONFIRMADO_ESTATICO não equivale a teste manual nem a aceitação em hardware real.
DUCK-1302;Prisma e dados;presença funcional;prova estrutural;CONFIRMADO_ESTATICO;prisma/schema.prisma;Matriz automatizada de cobertura. CONFIRMADO_ESTATICO não equivale a teste manual nem a aceitação em hardware real.
DUCK-1303;Prisma e dados;presença funcional;evidência disponível;CONFIRMADO_ESTATICO;prisma/schema.prisma;Matriz automatizada de cobertura. CONFIRMADO_ESTATICO não equivale a teste manual nem a aceitação em hardware real.
DUCK-1304;Prisma e dados;presença funcional;limite operacional;PARCIAL;prisma/schema.prisma;Matriz automatizada de cobertura. CONFIRMADO_ESTATICO não equivale a teste manual nem a aceitação em hardware real.
DUCK-1305;Prisma e dados;presença funcional;aceitação de entrega;REVISAO_HUMANA;prisma/schema.prisma;Matriz automatizada de cobertura. CONFIRMADO_ESTATICO não equivale a teste manual nem a aceitação em hardware real.
DUCK-1306;Prisma e dados;consistência de estados;inspeção estática;CONFIRMADO_ESTATICO;prisma/schema.prisma;Matriz automatizada de cobertura. CONFIRMADO_ESTATICO não equivale a teste manual nem a aceitação em hardware real.
DUCK-1307;Prisma e dados;consistência de estados;prova estrutural;CONFIRMADO_ESTATICO;prisma/schema.prisma;Matriz automatizada de cobertura. CONFIRMADO_ESTATICO não equivale a teste manual nem a aceitação em hardware real.
DUCK-1308;Prisma e dados;consistência de estados;evidência disponível;CONFIRMADO_ESTATICO;prisma/schema.prisma;Matriz automatizada de cobertura. CONFIRMADO_ESTATICO não equivale a teste manual nem a aceitação em hardware real.
DUCK-1309;Prisma e dados;consistência de estados;limite operacional;PARCIAL;prisma/schema.prisma;Matriz automatizada de cobertura. CONFIRMADO_ESTATICO não equivale a teste manual nem a aceitação em hardware real.
DUCK-1310;Prisma e dados;consistência de estados;aceitação de entrega;REVISAO_HUMANA;prisma/schema.prisma;Matriz automatizada de cobertura. CONFIRMADO_ESTATICO não equivale a teste manual nem a aceitação em hardware real.
DUCK-1311;Prisma e dados;clareza de feedback;inspeção estática;CONFIRMADO_ESTATICO;prisma/schema.prisma;Matriz automatizada de cobertura. CONFIRMADO_ESTATICO não equivale a teste manual nem a aceitação em hardware real.
DUCK-1312;Prisma e dados;clareza de feedback;prova estrutural;CONFIRMADO_ESTATICO;prisma/schema.prisma;Matriz automatizada de cobertura. CONFIRMADO_ESTATICO não equivale a teste manual nem a aceitação em hardware real.
DUCK-1313;Prisma e dados;clareza de feedback;evidência disponível;CONFIRMADO_ESTATICO;prisma/schema.prisma;Matriz automatizada de cobertura. CONFIRMADO_ESTATICO não equivale a teste manual nem a aceitação em hardware real.
DUCK-1314;Prisma e dados;clareza de feedback;limite operacional;PARCIAL;prisma/schema.prisma;Matriz automatizada de cobertura. CONFIRMADO_ESTATICO não equivale a teste manual nem a aceitação em hardware real.
DUCK-1315;Prisma e dados;clareza de feedback;aceitação de entrega;REVISAO_HUMANA;prisma/schema.prisma;Matriz automatizada de cobertura. CONFIRMADO_ESTATICO não equivale a teste manual nem a aceitação em hardware real.
DUCK-1316;Prisma e dados;tratamento de erro;inspeção estática;CONFIRMADO_ESTATICO;prisma/schema.prisma;Matriz automatizada de cobertura. CONFIRMADO_ESTATICO não equivale a teste manual nem a aceitação em hardware real.
DUCK-1317;Prisma e dados;tratamento de erro;prova estrutural;CONFIRMADO_ESTATICO;prisma/schema.prisma;Matriz automatizada de cobertura. CONFIRMADO_ESTATICO não equivale a teste manual nem a aceitação em hardware real.
DUCK-1318;Prisma e dados;tratamento de erro;evidência disponível;CONFIRMADO_ESTATICO;prisma/schema.prisma;Matriz automatizada de cobertura. CONFIRMADO_ESTATICO não equivale a teste manual nem a aceitação em hardware real.
DUCK-1319;Prisma e dados;tratamento de erro;limite operacional;PARCIAL;prisma/schema.prisma;Matriz automatizada de cobertura. CONFIRMADO_ESTATICO não equivale a teste manual nem a aceitação em hardware real.
DUCK-1320;Prisma e dados;tratamento de erro;aceitação de entrega;REVISAO_HUMANA;prisma/schema.prisma;Matriz automatizada de cobertura. CONFIRMADO_ESTATICO não equivale a teste manual nem a aceitação em hardware real.
DUCK-1321;Prisma e dados;navegação por teclado;inspeção estática;CONFIRMADO_ESTATICO;prisma/schema.prisma;Matriz automatizada de cobertura. CONFIRMADO_ESTATICO não equivale a teste manual nem a aceitação em hardware real.
DUCK-1322;Prisma e dados;navegação por teclado;prova estrutural;CONFIRMADO_ESTATICO;prisma/schema.prisma;Matriz automatizada de cobertura. CONFIRMADO_ESTATICO não equivale a teste manual nem a aceitação em hardware real.
DUCK-1323;Prisma e dados;navegação por teclado;evidência disponível;CONFIRMADO_ESTATICO;prisma/schema.prisma;Matriz automatizada de cobertura. CONFIRMADO_ESTATICO não equivale a teste manual nem a aceitação em hardware real.
DUCK-1324;Prisma e dados;navegação por teclado;limite operacional;PARCIAL;prisma/schema.prisma;Matriz automatizada de cobertura. CONFIRMADO_ESTATICO não equivale a teste manual nem a aceitação em hardware real.
DUCK-1325;Prisma e dados;navegação por teclado;aceitação de entrega;REVISAO_HUMANA;prisma/schema.prisma;Matriz automatizada de cobertura. CONFIRMADO_ESTATICO não equivale a teste manual nem a aceitação em hardware real.
DUCK-1326;Prisma e dados;legibilidade;inspeção estática;CONFIRMADO_ESTATICO;prisma/schema.prisma;Matriz automatizada de cobertura. CONFIRMADO_ESTATICO não equivale a teste manual nem a aceitação em hardware real.
DUCK-1327;Prisma e dados;legibilidade;prova estrutural;CONFIRMADO_ESTATICO;prisma/schema.prisma;Matriz automatizada de cobertura. CONFIRMADO_ESTATICO não equivale a teste manual nem a aceitação em hardware real.
DUCK-1328;Prisma e dados;legibilidade;evidência disponível;CONFIRMADO_ESTATICO;prisma/schema.prisma;Matriz automatizada de cobertura. CONFIRMADO_ESTATICO não equivale a teste manual nem a aceitação em hardware real.
DUCK-1329;Prisma e dados;legibilidade;limite operacional;PARCIAL;prisma/schema.prisma;Matriz automatizada de cobertura. CONFIRMADO_ESTATICO não equivale a teste manual nem a aceitação em hardware real.
DUCK-1330;Prisma e dados;legibilidade;aceitação de entrega;REVISAO_HUMANA;prisma/schema.prisma;Matriz automatizada de cobertura. CONFIRMADO_ESTATICO não equivale a teste manual nem a aceitação em hardware real.
DUCK-1331;Prisma e dados;contraste;inspeção estática;CONFIRMADO_ESTATICO;prisma/schema.prisma;Matriz automatizada de cobertura. CONFIRMADO_ESTATICO não equivale a teste manual nem a aceitação em hardware real.
DUCK-1332;Prisma e dados;contraste;prova estrutural;CONFIRMADO_ESTATICO;prisma/schema.prisma;Matriz automatizada de cobertura. CONFIRMADO_ESTATICO não equivale a teste manual nem a aceitação em hardware real.
DUCK-1333;Prisma e dados;contraste;evidência disponível;CONFIRMADO_ESTATICO;prisma/schema.prisma;Matriz automatizada de cobertura. CONFIRMADO_ESTATICO não equivale a teste manual nem a aceitação em hardware real.
DUCK-1334;Prisma e dados;contraste;limite operacional;PARCIAL;prisma/schema.prisma;Matriz automatizada de cobertura. CONFIRMADO_ESTATICO não equivale a teste manual nem a aceitação em hardware real.
DUCK-1335;Prisma e dados;contraste;aceitação de entrega;REVISAO_HUMANA;prisma/schema.prisma;Matriz automatizada de cobertura. CONFIRMADO_ESTATICO não equivale a teste manual nem a aceitação em hardware real.
DUCK-1336;Prisma e dados;responsividade;inspeção estática;CONFIRMADO_ESTATICO;prisma/schema.prisma;Matriz automatizada de cobertura. CONFIRMADO_ESTATICO não equivale a teste manual nem a aceitação em hardware real.
DUCK-1337;Prisma e dados;responsividade;prova estrutural;CONFIRMADO_ESTATICO;prisma/schema.prisma;Matriz automatizada de cobertura. CONFIRMADO_ESTATICO não equivale a teste manual nem a aceitação em hardware real.
DUCK-1338;Prisma e dados;responsividade;evidência disponível;CONFIRMADO_ESTATICO;prisma/schema.prisma;Matriz automatizada de cobertura. CONFIRMADO_ESTATICO não equivale a teste manual nem a aceitação em hardware real.
DUCK-1339;Prisma e dados;responsividade;limite operacional;PARCIAL;prisma/schema.prisma;Matriz automatizada de cobertura. CONFIRMADO_ESTATICO não equivale a teste manual nem a aceitação em hardware real.
DUCK-1340;Prisma e dados;responsividade;aceitação de entrega;REVISAO_HUMANA;prisma/schema.prisma;Matriz automatizada de cobertura. CONFIRMADO_ESTATICO não equivale a teste manual nem a aceitação em hardware real.
DUCK-1341;Prisma e dados;persistência;inspeção estática;CONFIRMADO_ESTATICO;prisma/schema.prisma;Matriz automatizada de cobertura. CONFIRMADO_ESTATICO não equivale a teste manual nem a aceitação em hardware real.
DUCK-1342;Prisma e dados;persistência;prova estrutural;CONFIRMADO_ESTATICO;prisma/schema.prisma;Matriz automatizada de cobertura. CONFIRMADO_ESTATICO não equivale a teste manual nem a aceitação em hardware real.
DUCK-1343;Prisma e dados;persistência;evidência disponível;CONFIRMADO_ESTATICO;prisma/schema.prisma;Matriz automatizada de cobertura. CONFIRMADO_ESTATICO não equivale a teste manual nem a aceitação em hardware real.
DUCK-1344;Prisma e dados;persistência;limite operacional;PARCIAL;prisma/schema.prisma;Matriz automatizada de cobertura. CONFIRMADO_ESTATICO não equivale a teste manual nem a aceitação em hardware real.
DUCK-1345;Prisma e dados;persistência;aceitação de entrega;REVISAO_HUMANA;prisma/schema.prisma;Matriz automatizada de cobertura. CONFIRMADO_ESTATICO não equivale a teste manual nem a aceitação em hardware real.
DUCK-1346;Prisma e dados;segurança de entrada;inspeção estática;CONFIRMADO_ESTATICO;prisma/schema.prisma;Matriz automatizada de cobertura. CONFIRMADO_ESTATICO não equivale a teste manual nem a aceitação em hardware real.
DUCK-1347;Prisma e dados;segurança de entrada;prova estrutural;CONFIRMADO_ESTATICO;prisma/schema.prisma;Matriz automatizada de cobertura. CONFIRMADO_ESTATICO não equivale a teste manual nem a aceitação em hardware real.
DUCK-1348;Prisma e dados;segurança de entrada;evidência disponível;CONFIRMADO_ESTATICO;prisma/schema.prisma;Matriz automatizada de cobertura. CONFIRMADO_ESTATICO não equivale a teste manual nem a aceitação em hardware real.
DUCK-1349;Prisma e dados;segurança de entrada;limite operacional;PARCIAL;prisma/schema.prisma;Matriz automatizada de cobertura. CONFIRMADO_ESTATICO não equivale a teste manual nem a aceitação em hardware real.
DUCK-1350;Prisma e dados;segurança de entrada;aceitação de entrega;REVISAO_HUMANA;prisma/schema.prisma;Matriz automatizada de cobertura. CONFIRMADO_ESTATICO não equivale a teste manual nem a aceitação em hardware real.
DUCK-1351;Prisma e dados;privacidade;inspeção estática;CONFIRMADO_ESTATICO;prisma/schema.prisma;Matriz automatizada de cobertura. CONFIRMADO_ESTATICO não equivale a teste manual nem a aceitação em hardware real.
DUCK-1352;Prisma e dados;privacidade;prova estrutural;CONFIRMADO_ESTATICO;prisma/schema.prisma;Matriz automatizada de cobertura. CONFIRMADO_ESTATICO não equivale a teste manual nem a aceitação em hardware real.
DUCK-1353;Prisma e dados;privacidade;evidência disponível;CONFIRMADO_ESTATICO;prisma/schema.prisma;Matriz automatizada de cobertura. CONFIRMADO_ESTATICO não equivale a teste manual nem a aceitação em hardware real.
DUCK-1354;Prisma e dados;privacidade;limite operacional;PARCIAL;prisma/schema.prisma;Matriz automatizada de cobertura. CONFIRMADO_ESTATICO não equivale a teste manual nem a aceitação em hardware real.
DUCK-1355;Prisma e dados;privacidade;aceitação de entrega;REVISAO_HUMANA;prisma/schema.prisma;Matriz automatizada de cobertura. CONFIRMADO_ESTATICO não equivale a teste manual nem a aceitação em hardware real.
DUCK-1356;Prisma e dados;desempenho;inspeção estática;CONFIRMADO_ESTATICO;prisma/schema.prisma;Matriz automatizada de cobertura. CONFIRMADO_ESTATICO não equivale a teste manual nem a aceitação em hardware real.
DUCK-1357;Prisma e dados;desempenho;prova estrutural;CONFIRMADO_ESTATICO;prisma/schema.prisma;Matriz automatizada de cobertura. CONFIRMADO_ESTATICO não equivale a teste manual nem a aceitação em hardware real.
DUCK-1358;Prisma e dados;desempenho;evidência disponível;CONFIRMADO_ESTATICO;prisma/schema.prisma;Matriz automatizada de cobertura. CONFIRMADO_ESTATICO não equivale a teste manual nem a aceitação em hardware real.
DUCK-1359;Prisma e dados;desempenho;limite operacional;PARCIAL;prisma/schema.prisma;Matriz automatizada de cobertura. CONFIRMADO_ESTATICO não equivale a teste manual nem a aceitação em hardware real.
DUCK-1360;Prisma e dados;desempenho;aceitação de entrega;REVISAO_HUMANA;prisma/schema.prisma;Matriz automatizada de cobertura. CONFIRMADO_ESTATICO não equivale a teste manual nem a aceitação em hardware real.
DUCK-1361;Prisma e dados;manutenibilidade;inspeção estática;CONFIRMADO_ESTATICO;prisma/schema.prisma;Matriz automatizada de cobertura. CONFIRMADO_ESTATICO não equivale a teste manual nem a aceitação em hardware real.
DUCK-1362;Prisma e dados;manutenibilidade;prova estrutural;CONFIRMADO_ESTATICO;prisma/schema.prisma;Matriz automatizada de cobertura. CONFIRMADO_ESTATICO não equivale a teste manual nem a aceitação em hardware real.
DUCK-1363;Prisma e dados;manutenibilidade;evidência disponível;CONFIRMADO_ESTATICO;prisma/schema.prisma;Matriz automatizada de cobertura. CONFIRMADO_ESTATICO não equivale a teste manual nem a aceitação em hardware real.
DUCK-1364;Prisma e dados;manutenibilidade;limite operacional;PARCIAL;prisma/schema.prisma;Matriz automatizada de cobertura. CONFIRMADO_ESTATICO não equivale a teste manual nem a aceitação em hardware real.
DUCK-1365;Prisma e dados;manutenibilidade;aceitação de entrega;REVISAO_HUMANA;prisma/schema.prisma;Matriz automatizada de cobertura. CONFIRMADO_ESTATICO não equivale a teste manual nem a aceitação em hardware real.
DUCK-1366;Prisma e dados;tipagem;inspeção estática;CONFIRMADO_ESTATICO;prisma/schema.prisma;Matriz automatizada de cobertura. CONFIRMADO_ESTATICO não equivale a teste manual nem a aceitação em hardware real.
DUCK-1367;Prisma e dados;tipagem;prova estrutural;CONFIRMADO_ESTATICO;prisma/schema.prisma;Matriz automatizada de cobertura. CONFIRMADO_ESTATICO não equivale a teste manual nem a aceitação em hardware real.
DUCK-1368;Prisma e dados;tipagem;evidência disponível;CONFIRMADO_ESTATICO;prisma/schema.prisma;Matriz automatizada de cobertura. CONFIRMADO_ESTATICO não equivale a teste manual nem a aceitação em hardware real.
DUCK-1369;Prisma e dados;tipagem;limite operacional;PARCIAL;prisma/schema.prisma;Matriz automatizada de cobertura. CONFIRMADO_ESTATICO não equivale a teste manual nem a aceitação em hardware real.
DUCK-1370;Prisma e dados;tipagem;aceitação de entrega;REVISAO_HUMANA;prisma/schema.prisma;Matriz automatizada de cobertura. CONFIRMADO_ESTATICO não equivale a teste manual nem a aceitação em hardware real.
DUCK-1371;Prisma e dados;rastreabilidade;inspeção estática;CONFIRMADO_ESTATICO;prisma/schema.prisma;Matriz automatizada de cobertura. CONFIRMADO_ESTATICO não equivale a teste manual nem a aceitação em hardware real.
DUCK-1372;Prisma e dados;rastreabilidade;prova estrutural;CONFIRMADO_ESTATICO;prisma/schema.prisma;Matriz automatizada de cobertura. CONFIRMADO_ESTATICO não equivale a teste manual nem a aceitação em hardware real.
DUCK-1373;Prisma e dados;rastreabilidade;evidência disponível;CONFIRMADO_ESTATICO;prisma/schema.prisma;Matriz automatizada de cobertura. CONFIRMADO_ESTATICO não equivale a teste manual nem a aceitação em hardware real.
DUCK-1374;Prisma e dados;rastreabilidade;limite operacional;PARCIAL;prisma/schema.prisma;Matriz automatizada de cobertura. CONFIRMADO_ESTATICO não equivale a teste manual nem a aceitação em hardware real.
DUCK-1375;Prisma e dados;rastreabilidade;aceitação de entrega;REVISAO_HUMANA;prisma/schema.prisma;Matriz automatizada de cobertura. CONFIRMADO_ESTATICO não equivale a teste manual nem a aceitação em hardware real.
DUCK-1376;Prisma e dados;evidência visual;inspeção estática;CONFIRMADO_ESTATICO;prisma/schema.prisma;Matriz automatizada de cobertura. CONFIRMADO_ESTATICO não equivale a teste manual nem a aceitação em hardware real.
DUCK-1377;Prisma e dados;evidência visual;prova estrutural;CONFIRMADO_ESTATICO;prisma/schema.prisma;Matriz automatizada de cobertura. CONFIRMADO_ESTATICO não equivale a teste manual nem a aceitação em hardware real.
DUCK-1378;Prisma e dados;evidência visual;evidência disponível;CONFIRMADO_ESTATICO;prisma/schema.prisma;Matriz automatizada de cobertura. CONFIRMADO_ESTATICO não equivale a teste manual nem a aceitação em hardware real.
DUCK-1379;Prisma e dados;evidência visual;limite operacional;PARCIAL;prisma/schema.prisma;Matriz automatizada de cobertura. CONFIRMADO_ESTATICO não equivale a teste manual nem a aceitação em hardware real.
DUCK-1380;Prisma e dados;evidência visual;aceitação de entrega;REVISAO_HUMANA;prisma/schema.prisma;Matriz automatizada de cobertura. CONFIRMADO_ESTATICO não equivale a teste manual nem a aceitação em hardware real.
DUCK-1381;Prisma e dados;documentação;inspeção estática;CONFIRMADO_ESTATICO;prisma/schema.prisma;Matriz automatizada de cobertura. CONFIRMADO_ESTATICO não equivale a teste manual nem a aceitação em hardware real.
DUCK-1382;Prisma e dados;documentação;prova estrutural;CONFIRMADO_ESTATICO;prisma/schema.prisma;Matriz automatizada de cobertura. CONFIRMADO_ESTATICO não equivale a teste manual nem a aceitação em hardware real.
DUCK-1383;Prisma e dados;documentação;evidência disponível;CONFIRMADO_ESTATICO;prisma/schema.prisma;Matriz automatizada de cobertura. CONFIRMADO_ESTATICO não equivale a teste manual nem a aceitação em hardware real.
DUCK-1384;Prisma e dados;documentação;limite operacional;PARCIAL;prisma/schema.prisma;Matriz automatizada de cobertura. CONFIRMADO_ESTATICO não equivale a teste manual nem a aceitação em hardware real.
DUCK-1385;Prisma e dados;documentação;aceitação de entrega;REVISAO_HUMANA;prisma/schema.prisma;Matriz automatizada de cobertura. CONFIRMADO_ESTATICO não equivale a teste manual nem a aceitação em hardware real.
DUCK-1386;Prisma e dados;recuperação;inspeção estática;CONFIRMADO_ESTATICO;prisma/schema.prisma;Matriz automatizada de cobertura. CONFIRMADO_ESTATICO não equivale a teste manual nem a aceitação em hardware real.
DUCK-1387;Prisma e dados;recuperação;prova estrutural;CONFIRMADO_ESTATICO;prisma/schema.prisma;Matriz automatizada de cobertura. CONFIRMADO_ESTATICO não equivale a teste manual nem a aceitação em hardware real.
DUCK-1388;Prisma e dados;recuperação;evidência disponível;CONFIRMADO_ESTATICO;prisma/schema.prisma;Matriz automatizada de cobertura. CONFIRMADO_ESTATICO não equivale a teste manual nem a aceitação em hardware real.
DUCK-1389;Prisma e dados;recuperação;limite operacional;PARCIAL;prisma/schema.prisma;Matriz automatizada de cobertura. CONFIRMADO_ESTATICO não equivale a teste manual nem a aceitação em hardware real.
DUCK-1390;Prisma e dados;recuperação;aceitação de entrega;REVISAO_HUMANA;prisma/schema.prisma;Matriz automatizada de cobertura. CONFIRMADO_ESTATICO não equivale a teste manual nem a aceitação em hardware real.
DUCK-1391;Prisma e dados;exportação;inspeção estática;CONFIRMADO_ESTATICO;prisma/schema.prisma;Matriz automatizada de cobertura. CONFIRMADO_ESTATICO não equivale a teste manual nem a aceitação em hardware real.
DUCK-1392;Prisma e dados;exportação;prova estrutural;CONFIRMADO_ESTATICO;prisma/schema.prisma;Matriz automatizada de cobertura. CONFIRMADO_ESTATICO não equivale a teste manual nem a aceitação em hardware real.
DUCK-1393;Prisma e dados;exportação;evidência disponível;CONFIRMADO_ESTATICO;prisma/schema.prisma;Matriz automatizada de cobertura. CONFIRMADO_ESTATICO não equivale a teste manual nem a aceitação em hardware real.
DUCK-1394;Prisma e dados;exportação;limite operacional;PARCIAL;prisma/schema.prisma;Matriz automatizada de cobertura. CONFIRMADO_ESTATICO não equivale a teste manual nem a aceitação em hardware real.
DUCK-1395;Prisma e dados;exportação;aceitação de entrega;REVISAO_HUMANA;prisma/schema.prisma;Matriz automatizada de cobertura. CONFIRMADO_ESTATICO não equivale a teste manual nem a aceitação em hardware real.
DUCK-1396;Prisma e dados;entrega;inspeção estática;CONFIRMADO_ESTATICO;prisma/schema.prisma;Matriz automatizada de cobertura. CONFIRMADO_ESTATICO não equivale a teste manual nem a aceitação em hardware real.
DUCK-1397;Prisma e dados;entrega;prova estrutural;CONFIRMADO_ESTATICO;prisma/schema.prisma;Matriz automatizada de cobertura. CONFIRMADO_ESTATICO não equivale a teste manual nem a aceitação em hardware real.
DUCK-1398;Prisma e dados;entrega;evidência disponível;CONFIRMADO_ESTATICO;prisma/schema.prisma;Matriz automatizada de cobertura. CONFIRMADO_ESTATICO não equivale a teste manual nem a aceitação em hardware real.
DUCK-1399;Prisma e dados;entrega;limite operacional;PARCIAL;prisma/schema.prisma;Matriz automatizada de cobertura. CONFIRMADO_ESTATICO não equivale a teste manual nem a aceitação em hardware real.
DUCK-1400;Prisma e dados;entrega;aceitação de entrega;REVISAO_HUMANA;prisma/schema.prisma;Matriz automatizada de cobertura. CONFIRMADO_ESTATICO não equivale a teste manual nem a aceitação em hardware real.
DUCK-1401;Autenticação;presença funcional;inspeção estática;REVISAO_HUMANA;src/app/api/auth/;Matriz automatizada de cobertura. CONFIRMADO_ESTATICO não equivale a teste manual nem a aceitação em hardware real.
DUCK-1402;Autenticação;presença funcional;prova estrutural;REVISAO_HUMANA;src/app/api/auth/;Matriz automatizada de cobertura. CONFIRMADO_ESTATICO não equivale a teste manual nem a aceitação em hardware real.
DUCK-1403;Autenticação;presença funcional;evidência disponível;REVISAO_HUMANA;src/app/api/auth/;Matriz automatizada de cobertura. CONFIRMADO_ESTATICO não equivale a teste manual nem a aceitação em hardware real.
DUCK-1404;Autenticação;presença funcional;limite operacional;PARCIAL;src/app/api/auth/;Matriz automatizada de cobertura. CONFIRMADO_ESTATICO não equivale a teste manual nem a aceitação em hardware real.
DUCK-1405;Autenticação;presença funcional;aceitação de entrega;REVISAO_HUMANA;src/app/api/auth/;Matriz automatizada de cobertura. CONFIRMADO_ESTATICO não equivale a teste manual nem a aceitação em hardware real.
DUCK-1406;Autenticação;consistência de estados;inspeção estática;REVISAO_HUMANA;src/app/api/auth/;Matriz automatizada de cobertura. CONFIRMADO_ESTATICO não equivale a teste manual nem a aceitação em hardware real.
DUCK-1407;Autenticação;consistência de estados;prova estrutural;REVISAO_HUMANA;src/app/api/auth/;Matriz automatizada de cobertura. CONFIRMADO_ESTATICO não equivale a teste manual nem a aceitação em hardware real.
DUCK-1408;Autenticação;consistência de estados;evidência disponível;REVISAO_HUMANA;src/app/api/auth/;Matriz automatizada de cobertura. CONFIRMADO_ESTATICO não equivale a teste manual nem a aceitação em hardware real.
DUCK-1409;Autenticação;consistência de estados;limite operacional;PARCIAL;src/app/api/auth/;Matriz automatizada de cobertura. CONFIRMADO_ESTATICO não equivale a teste manual nem a aceitação em hardware real.
DUCK-1410;Autenticação;consistência de estados;aceitação de entrega;REVISAO_HUMANA;src/app/api/auth/;Matriz automatizada de cobertura. CONFIRMADO_ESTATICO não equivale a teste manual nem a aceitação em hardware real.
DUCK-1411;Autenticação;clareza de feedback;inspeção estática;REVISAO_HUMANA;src/app/api/auth/;Matriz automatizada de cobertura. CONFIRMADO_ESTATICO não equivale a teste manual nem a aceitação em hardware real.
DUCK-1412;Autenticação;clareza de feedback;prova estrutural;REVISAO_HUMANA;src/app/api/auth/;Matriz automatizada de cobertura. CONFIRMADO_ESTATICO não equivale a teste manual nem a aceitação em hardware real.
DUCK-1413;Autenticação;clareza de feedback;evidência disponível;REVISAO_HUMANA;src/app/api/auth/;Matriz automatizada de cobertura. CONFIRMADO_ESTATICO não equivale a teste manual nem a aceitação em hardware real.
DUCK-1414;Autenticação;clareza de feedback;limite operacional;PARCIAL;src/app/api/auth/;Matriz automatizada de cobertura. CONFIRMADO_ESTATICO não equivale a teste manual nem a aceitação em hardware real.
DUCK-1415;Autenticação;clareza de feedback;aceitação de entrega;REVISAO_HUMANA;src/app/api/auth/;Matriz automatizada de cobertura. CONFIRMADO_ESTATICO não equivale a teste manual nem a aceitação em hardware real.
DUCK-1416;Autenticação;tratamento de erro;inspeção estática;REVISAO_HUMANA;src/app/api/auth/;Matriz automatizada de cobertura. CONFIRMADO_ESTATICO não equivale a teste manual nem a aceitação em hardware real.
DUCK-1417;Autenticação;tratamento de erro;prova estrutural;REVISAO_HUMANA;src/app/api/auth/;Matriz automatizada de cobertura. CONFIRMADO_ESTATICO não equivale a teste manual nem a aceitação em hardware real.
DUCK-1418;Autenticação;tratamento de erro;evidência disponível;REVISAO_HUMANA;src/app/api/auth/;Matriz automatizada de cobertura. CONFIRMADO_ESTATICO não equivale a teste manual nem a aceitação em hardware real.
DUCK-1419;Autenticação;tratamento de erro;limite operacional;PARCIAL;src/app/api/auth/;Matriz automatizada de cobertura. CONFIRMADO_ESTATICO não equivale a teste manual nem a aceitação em hardware real.
DUCK-1420;Autenticação;tratamento de erro;aceitação de entrega;REVISAO_HUMANA;src/app/api/auth/;Matriz automatizada de cobertura. CONFIRMADO_ESTATICO não equivale a teste manual nem a aceitação em hardware real.
DUCK-1421;Autenticação;navegação por teclado;inspeção estática;REVISAO_HUMANA;src/app/api/auth/;Matriz automatizada de cobertura. CONFIRMADO_ESTATICO não equivale a teste manual nem a aceitação em hardware real.
DUCK-1422;Autenticação;navegação por teclado;prova estrutural;REVISAO_HUMANA;src/app/api/auth/;Matriz automatizada de cobertura. CONFIRMADO_ESTATICO não equivale a teste manual nem a aceitação em hardware real.
DUCK-1423;Autenticação;navegação por teclado;evidência disponível;REVISAO_HUMANA;src/app/api/auth/;Matriz automatizada de cobertura. CONFIRMADO_ESTATICO não equivale a teste manual nem a aceitação em hardware real.
DUCK-1424;Autenticação;navegação por teclado;limite operacional;PARCIAL;src/app/api/auth/;Matriz automatizada de cobertura. CONFIRMADO_ESTATICO não equivale a teste manual nem a aceitação em hardware real.
DUCK-1425;Autenticação;navegação por teclado;aceitação de entrega;REVISAO_HUMANA;src/app/api/auth/;Matriz automatizada de cobertura. CONFIRMADO_ESTATICO não equivale a teste manual nem a aceitação em hardware real.
DUCK-1426;Autenticação;legibilidade;inspeção estática;REVISAO_HUMANA;src/app/api/auth/;Matriz automatizada de cobertura. CONFIRMADO_ESTATICO não equivale a teste manual nem a aceitação em hardware real.
DUCK-1427;Autenticação;legibilidade;prova estrutural;REVISAO_HUMANA;src/app/api/auth/;Matriz automatizada de cobertura. CONFIRMADO_ESTATICO não equivale a teste manual nem a aceitação em hardware real.
DUCK-1428;Autenticação;legibilidade;evidência disponível;REVISAO_HUMANA;src/app/api/auth/;Matriz automatizada de cobertura. CONFIRMADO_ESTATICO não equivale a teste manual nem a aceitação em hardware real.
DUCK-1429;Autenticação;legibilidade;limite operacional;PARCIAL;src/app/api/auth/;Matriz automatizada de cobertura. CONFIRMADO_ESTATICO não equivale a teste manual nem a aceitação em hardware real.
DUCK-1430;Autenticação;legibilidade;aceitação de entrega;REVISAO_HUMANA;src/app/api/auth/;Matriz automatizada de cobertura. CONFIRMADO_ESTATICO não equivale a teste manual nem a aceitação em hardware real.
DUCK-1431;Autenticação;contraste;inspeção estática;REVISAO_HUMANA;src/app/api/auth/;Matriz automatizada de cobertura. CONFIRMADO_ESTATICO não equivale a teste manual nem a aceitação em hardware real.
DUCK-1432;Autenticação;contraste;prova estrutural;REVISAO_HUMANA;src/app/api/auth/;Matriz automatizada de cobertura. CONFIRMADO_ESTATICO não equivale a teste manual nem a aceitação em hardware real.
DUCK-1433;Autenticação;contraste;evidência disponível;REVISAO_HUMANA;src/app/api/auth/;Matriz automatizada de cobertura. CONFIRMADO_ESTATICO não equivale a teste manual nem a aceitação em hardware real.
DUCK-1434;Autenticação;contraste;limite operacional;PARCIAL;src/app/api/auth/;Matriz automatizada de cobertura. CONFIRMADO_ESTATICO não equivale a teste manual nem a aceitação em hardware real.
DUCK-1435;Autenticação;contraste;aceitação de entrega;REVISAO_HUMANA;src/app/api/auth/;Matriz automatizada de cobertura. CONFIRMADO_ESTATICO não equivale a teste manual nem a aceitação em hardware real.
DUCK-1436;Autenticação;responsividade;inspeção estática;REVISAO_HUMANA;src/app/api/auth/;Matriz automatizada de cobertura. CONFIRMADO_ESTATICO não equivale a teste manual nem a aceitação em hardware real.
DUCK-1437;Autenticação;responsividade;prova estrutural;REVISAO_HUMANA;src/app/api/auth/;Matriz automatizada de cobertura. CONFIRMADO_ESTATICO não equivale a teste manual nem a aceitação em hardware real.
DUCK-1438;Autenticação;responsividade;evidência disponível;REVISAO_HUMANA;src/app/api/auth/;Matriz automatizada de cobertura. CONFIRMADO_ESTATICO não equivale a teste manual nem a aceitação em hardware real.
DUCK-1439;Autenticação;responsividade;limite operacional;PARCIAL;src/app/api/auth/;Matriz automatizada de cobertura. CONFIRMADO_ESTATICO não equivale a teste manual nem a aceitação em hardware real.
DUCK-1440;Autenticação;responsividade;aceitação de entrega;REVISAO_HUMANA;src/app/api/auth/;Matriz automatizada de cobertura. CONFIRMADO_ESTATICO não equivale a teste manual nem a aceitação em hardware real.
DUCK-1441;Autenticação;persistência;inspeção estática;REVISAO_HUMANA;src/app/api/auth/;Matriz automatizada de cobertura. CONFIRMADO_ESTATICO não equivale a teste manual nem a aceitação em hardware real.
DUCK-1442;Autenticação;persistência;prova estrutural;REVISAO_HUMANA;src/app/api/auth/;Matriz automatizada de cobertura. CONFIRMADO_ESTATICO não equivale a teste manual nem a aceitação em hardware real.
DUCK-1443;Autenticação;persistência;evidência disponível;REVISAO_HUMANA;src/app/api/auth/;Matriz automatizada de cobertura. CONFIRMADO_ESTATICO não equivale a teste manual nem a aceitação em hardware real.
DUCK-1444;Autenticação;persistência;limite operacional;PARCIAL;src/app/api/auth/;Matriz automatizada de cobertura. CONFIRMADO_ESTATICO não equivale a teste manual nem a aceitação em hardware real.
DUCK-1445;Autenticação;persistência;aceitação de entrega;REVISAO_HUMANA;src/app/api/auth/;Matriz automatizada de cobertura. CONFIRMADO_ESTATICO não equivale a teste manual nem a aceitação em hardware real.
DUCK-1446;Autenticação;segurança de entrada;inspeção estática;REVISAO_HUMANA;src/app/api/auth/;Matriz automatizada de cobertura. CONFIRMADO_ESTATICO não equivale a teste manual nem a aceitação em hardware real.
DUCK-1447;Autenticação;segurança de entrada;prova estrutural;REVISAO_HUMANA;src/app/api/auth/;Matriz automatizada de cobertura. CONFIRMADO_ESTATICO não equivale a teste manual nem a aceitação em hardware real.
DUCK-1448;Autenticação;segurança de entrada;evidência disponível;REVISAO_HUMANA;src/app/api/auth/;Matriz automatizada de cobertura. CONFIRMADO_ESTATICO não equivale a teste manual nem a aceitação em hardware real.
DUCK-1449;Autenticação;segurança de entrada;limite operacional;PARCIAL;src/app/api/auth/;Matriz automatizada de cobertura. CONFIRMADO_ESTATICO não equivale a teste manual nem a aceitação em hardware real.
DUCK-1450;Autenticação;segurança de entrada;aceitação de entrega;REVISAO_HUMANA;src/app/api/auth/;Matriz automatizada de cobertura. CONFIRMADO_ESTATICO não equivale a teste manual nem a aceitação em hardware real.
DUCK-1451;Autenticação;privacidade;inspeção estática;REVISAO_HUMANA;src/app/api/auth/;Matriz automatizada de cobertura. CONFIRMADO_ESTATICO não equivale a teste manual nem a aceitação em hardware real.
DUCK-1452;Autenticação;privacidade;prova estrutural;REVISAO_HUMANA;src/app/api/auth/;Matriz automatizada de cobertura. CONFIRMADO_ESTATICO não equivale a teste manual nem a aceitação em hardware real.
DUCK-1453;Autenticação;privacidade;evidência disponível;REVISAO_HUMANA;src/app/api/auth/;Matriz automatizada de cobertura. CONFIRMADO_ESTATICO não equivale a teste manual nem a aceitação em hardware real.
DUCK-1454;Autenticação;privacidade;limite operacional;PARCIAL;src/app/api/auth/;Matriz automatizada de cobertura. CONFIRMADO_ESTATICO não equivale a teste manual nem a aceitação em hardware real.
DUCK-1455;Autenticação;privacidade;aceitação de entrega;REVISAO_HUMANA;src/app/api/auth/;Matriz automatizada de cobertura. CONFIRMADO_ESTATICO não equivale a teste manual nem a aceitação em hardware real.
DUCK-1456;Autenticação;desempenho;inspeção estática;REVISAO_HUMANA;src/app/api/auth/;Matriz automatizada de cobertura. CONFIRMADO_ESTATICO não equivale a teste manual nem a aceitação em hardware real.
DUCK-1457;Autenticação;desempenho;prova estrutural;REVISAO_HUMANA;src/app/api/auth/;Matriz automatizada de cobertura. CONFIRMADO_ESTATICO não equivale a teste manual nem a aceitação em hardware real.
DUCK-1458;Autenticação;desempenho;evidência disponível;REVISAO_HUMANA;src/app/api/auth/;Matriz automatizada de cobertura. CONFIRMADO_ESTATICO não equivale a teste manual nem a aceitação em hardware real.
DUCK-1459;Autenticação;desempenho;limite operacional;PARCIAL;src/app/api/auth/;Matriz automatizada de cobertura. CONFIRMADO_ESTATICO não equivale a teste manual nem a aceitação em hardware real.
DUCK-1460;Autenticação;desempenho;aceitação de entrega;REVISAO_HUMANA;src/app/api/auth/;Matriz automatizada de cobertura. CONFIRMADO_ESTATICO não equivale a teste manual nem a aceitação em hardware real.
DUCK-1461;Autenticação;manutenibilidade;inspeção estática;REVISAO_HUMANA;src/app/api/auth/;Matriz automatizada de cobertura. CONFIRMADO_ESTATICO não equivale a teste manual nem a aceitação em hardware real.
DUCK-1462;Autenticação;manutenibilidade;prova estrutural;REVISAO_HUMANA;src/app/api/auth/;Matriz automatizada de cobertura. CONFIRMADO_ESTATICO não equivale a teste manual nem a aceitação em hardware real.
DUCK-1463;Autenticação;manutenibilidade;evidência disponível;REVISAO_HUMANA;src/app/api/auth/;Matriz automatizada de cobertura. CONFIRMADO_ESTATICO não equivale a teste manual nem a aceitação em hardware real.
DUCK-1464;Autenticação;manutenibilidade;limite operacional;PARCIAL;src/app/api/auth/;Matriz automatizada de cobertura. CONFIRMADO_ESTATICO não equivale a teste manual nem a aceitação em hardware real.
DUCK-1465;Autenticação;manutenibilidade;aceitação de entrega;REVISAO_HUMANA;src/app/api/auth/;Matriz automatizada de cobertura. CONFIRMADO_ESTATICO não equivale a teste manual nem a aceitação em hardware real.
DUCK-1466;Autenticação;tipagem;inspeção estática;REVISAO_HUMANA;src/app/api/auth/;Matriz automatizada de cobertura. CONFIRMADO_ESTATICO não equivale a teste manual nem a aceitação em hardware real.
DUCK-1467;Autenticação;tipagem;prova estrutural;REVISAO_HUMANA;src/app/api/auth/;Matriz automatizada de cobertura. CONFIRMADO_ESTATICO não equivale a teste manual nem a aceitação em hardware real.
DUCK-1468;Autenticação;tipagem;evidência disponível;REVISAO_HUMANA;src/app/api/auth/;Matriz automatizada de cobertura. CONFIRMADO_ESTATICO não equivale a teste manual nem a aceitação em hardware real.
DUCK-1469;Autenticação;tipagem;limite operacional;PARCIAL;src/app/api/auth/;Matriz automatizada de cobertura. CONFIRMADO_ESTATICO não equivale a teste manual nem a aceitação em hardware real.
DUCK-1470;Autenticação;tipagem;aceitação de entrega;REVISAO_HUMANA;src/app/api/auth/;Matriz automatizada de cobertura. CONFIRMADO_ESTATICO não equivale a teste manual nem a aceitação em hardware real.
DUCK-1471;Autenticação;rastreabilidade;inspeção estática;REVISAO_HUMANA;src/app/api/auth/;Matriz automatizada de cobertura. CONFIRMADO_ESTATICO não equivale a teste manual nem a aceitação em hardware real.
DUCK-1472;Autenticação;rastreabilidade;prova estrutural;REVISAO_HUMANA;src/app/api/auth/;Matriz automatizada de cobertura. CONFIRMADO_ESTATICO não equivale a teste manual nem a aceitação em hardware real.
DUCK-1473;Autenticação;rastreabilidade;evidência disponível;REVISAO_HUMANA;src/app/api/auth/;Matriz automatizada de cobertura. CONFIRMADO_ESTATICO não equivale a teste manual nem a aceitação em hardware real.
DUCK-1474;Autenticação;rastreabilidade;limite operacional;PARCIAL;src/app/api/auth/;Matriz automatizada de cobertura. CONFIRMADO_ESTATICO não equivale a teste manual nem a aceitação em hardware real.
DUCK-1475;Autenticação;rastreabilidade;aceitação de entrega;REVISAO_HUMANA;src/app/api/auth/;Matriz automatizada de cobertura. CONFIRMADO_ESTATICO não equivale a teste manual nem a aceitação em hardware real.
DUCK-1476;Autenticação;evidência visual;inspeção estática;REVISAO_HUMANA;src/app/api/auth/;Matriz automatizada de cobertura. CONFIRMADO_ESTATICO não equivale a teste manual nem a aceitação em hardware real.
DUCK-1477;Autenticação;evidência visual;prova estrutural;REVISAO_HUMANA;src/app/api/auth/;Matriz automatizada de cobertura. CONFIRMADO_ESTATICO não equivale a teste manual nem a aceitação em hardware real.
DUCK-1478;Autenticação;evidência visual;evidência disponível;REVISAO_HUMANA;src/app/api/auth/;Matriz automatizada de cobertura. CONFIRMADO_ESTATICO não equivale a teste manual nem a aceitação em hardware real.
DUCK-1479;Autenticação;evidência visual;limite operacional;PARCIAL;src/app/api/auth/;Matriz automatizada de cobertura. CONFIRMADO_ESTATICO não equivale a teste manual nem a aceitação em hardware real.
DUCK-1480;Autenticação;evidência visual;aceitação de entrega;REVISAO_HUMANA;src/app/api/auth/;Matriz automatizada de cobertura. CONFIRMADO_ESTATICO não equivale a teste manual nem a aceitação em hardware real.
DUCK-1481;Autenticação;documentação;inspeção estática;REVISAO_HUMANA;src/app/api/auth/;Matriz automatizada de cobertura. CONFIRMADO_ESTATICO não equivale a teste manual nem a aceitação em hardware real.
DUCK-1482;Autenticação;documentação;prova estrutural;REVISAO_HUMANA;src/app/api/auth/;Matriz automatizada de cobertura. CONFIRMADO_ESTATICO não equivale a teste manual nem a aceitação em hardware real.
DUCK-1483;Autenticação;documentação;evidência disponível;REVISAO_HUMANA;src/app/api/auth/;Matriz automatizada de cobertura. CONFIRMADO_ESTATICO não equivale a teste manual nem a aceitação em hardware real.
DUCK-1484;Autenticação;documentação;limite operacional;PARCIAL;src/app/api/auth/;Matriz automatizada de cobertura. CONFIRMADO_ESTATICO não equivale a teste manual nem a aceitação em hardware real.
DUCK-1485;Autenticação;documentação;aceitação de entrega;REVISAO_HUMANA;src/app/api/auth/;Matriz automatizada de cobertura. CONFIRMADO_ESTATICO não equivale a teste manual nem a aceitação em hardware real.
DUCK-1486;Autenticação;recuperação;inspeção estática;REVISAO_HUMANA;src/app/api/auth/;Matriz automatizada de cobertura. CONFIRMADO_ESTATICO não equivale a teste manual nem a aceitação em hardware real.
DUCK-1487;Autenticação;recuperação;prova estrutural;REVISAO_HUMANA;src/app/api/auth/;Matriz automatizada de cobertura. CONFIRMADO_ESTATICO não equivale a teste manual nem a aceitação em hardware real.
DUCK-1488;Autenticação;recuperação;evidência disponível;REVISAO_HUMANA;src/app/api/auth/;Matriz automatizada de cobertura. CONFIRMADO_ESTATICO não equivale a teste manual nem a aceitação em hardware real.
DUCK-1489;Autenticação;recuperação;limite operacional;PARCIAL;src/app/api/auth/;Matriz automatizada de cobertura. CONFIRMADO_ESTATICO não equivale a teste manual nem a aceitação em hardware real.
DUCK-1490;Autenticação;recuperação;aceitação de entrega;REVISAO_HUMANA;src/app/api/auth/;Matriz automatizada de cobertura. CONFIRMADO_ESTATICO não equivale a teste manual nem a aceitação em hardware real.
DUCK-1491;Autenticação;exportação;inspeção estática;REVISAO_HUMANA;src/app/api/auth/;Matriz automatizada de cobertura. CONFIRMADO_ESTATICO não equivale a teste manual nem a aceitação em hardware real.
DUCK-1492;Autenticação;exportação;prova estrutural;REVISAO_HUMANA;src/app/api/auth/;Matriz automatizada de cobertura. CONFIRMADO_ESTATICO não equivale a teste manual nem a aceitação em hardware real.
DUCK-1493;Autenticação;exportação;evidência disponível;REVISAO_HUMANA;src/app/api/auth/;Matriz automatizada de cobertura. CONFIRMADO_ESTATICO não equivale a teste manual nem a aceitação em hardware real.
DUCK-1494;Autenticação;exportação;limite operacional;PARCIAL;src/app/api/auth/;Matriz automatizada de cobertura. CONFIRMADO_ESTATICO não equivale a teste manual nem a aceitação em hardware real.
DUCK-1495;Autenticação;exportação;aceitação de entrega;REVISAO_HUMANA;src/app/api/auth/;Matriz automatizada de cobertura. CONFIRMADO_ESTATICO não equivale a teste manual nem a aceitação em hardware real.
DUCK-1496;Autenticação;entrega;inspeção estática;REVISAO_HUMANA;src/app/api/auth/;Matriz automatizada de cobertura. CONFIRMADO_ESTATICO não equivale a teste manual nem a aceitação em hardware real.
DUCK-1497;Autenticação;entrega;prova estrutural;REVISAO_HUMANA;src/app/api/auth/;Matriz automatizada de cobertura. CONFIRMADO_ESTATICO não equivale a teste manual nem a aceitação em hardware real.
DUCK-1498;Autenticação;entrega;evidência disponível;REVISAO_HUMANA;src/app/api/auth/;Matriz automatizada de cobertura. CONFIRMADO_ESTATICO não equivale a teste manual nem a aceitação em hardware real.
DUCK-1499;Autenticação;entrega;limite operacional;PARCIAL;src/app/api/auth/;Matriz automatizada de cobertura. CONFIRMADO_ESTATICO não equivale a teste manual nem a aceitação em hardware real.
DUCK-1500;Autenticação;entrega;aceitação de entrega;REVISAO_HUMANA;src/app/api/auth/;Matriz automatizada de cobertura. CONFIRMADO_ESTATICO não equivale a teste manual nem a aceitação em hardware real.
DUCK-1501;Permissões;presença funcional;inspeção estática;CONFIRMADO_ESTATICO;src/lib/permissions.ts;Matriz automatizada de cobertura. CONFIRMADO_ESTATICO não equivale a teste manual nem a aceitação em hardware real.
DUCK-1502;Permissões;presença funcional;prova estrutural;CONFIRMADO_ESTATICO;src/lib/permissions.ts;Matriz automatizada de cobertura. CONFIRMADO_ESTATICO não equivale a teste manual nem a aceitação em hardware real.
DUCK-1503;Permissões;presença funcional;evidência disponível;CONFIRMADO_ESTATICO;src/lib/permissions.ts;Matriz automatizada de cobertura. CONFIRMADO_ESTATICO não equivale a teste manual nem a aceitação em hardware real.
DUCK-1504;Permissões;presença funcional;limite operacional;PARCIAL;src/lib/permissions.ts;Matriz automatizada de cobertura. CONFIRMADO_ESTATICO não equivale a teste manual nem a aceitação em hardware real.
DUCK-1505;Permissões;presença funcional;aceitação de entrega;REVISAO_HUMANA;src/lib/permissions.ts;Matriz automatizada de cobertura. CONFIRMADO_ESTATICO não equivale a teste manual nem a aceitação em hardware real.
DUCK-1506;Permissões;consistência de estados;inspeção estática;CONFIRMADO_ESTATICO;src/lib/permissions.ts;Matriz automatizada de cobertura. CONFIRMADO_ESTATICO não equivale a teste manual nem a aceitação em hardware real.
DUCK-1507;Permissões;consistência de estados;prova estrutural;CONFIRMADO_ESTATICO;src/lib/permissions.ts;Matriz automatizada de cobertura. CONFIRMADO_ESTATICO não equivale a teste manual nem a aceitação em hardware real.
DUCK-1508;Permissões;consistência de estados;evidência disponível;CONFIRMADO_ESTATICO;src/lib/permissions.ts;Matriz automatizada de cobertura. CONFIRMADO_ESTATICO não equivale a teste manual nem a aceitação em hardware real.
DUCK-1509;Permissões;consistência de estados;limite operacional;PARCIAL;src/lib/permissions.ts;Matriz automatizada de cobertura. CONFIRMADO_ESTATICO não equivale a teste manual nem a aceitação em hardware real.
DUCK-1510;Permissões;consistência de estados;aceitação de entrega;REVISAO_HUMANA;src/lib/permissions.ts;Matriz automatizada de cobertura. CONFIRMADO_ESTATICO não equivale a teste manual nem a aceitação em hardware real.
DUCK-1511;Permissões;clareza de feedback;inspeção estática;CONFIRMADO_ESTATICO;src/lib/permissions.ts;Matriz automatizada de cobertura. CONFIRMADO_ESTATICO não equivale a teste manual nem a aceitação em hardware real.
DUCK-1512;Permissões;clareza de feedback;prova estrutural;CONFIRMADO_ESTATICO;src/lib/permissions.ts;Matriz automatizada de cobertura. CONFIRMADO_ESTATICO não equivale a teste manual nem a aceitação em hardware real.
DUCK-1513;Permissões;clareza de feedback;evidência disponível;CONFIRMADO_ESTATICO;src/lib/permissions.ts;Matriz automatizada de cobertura. CONFIRMADO_ESTATICO não equivale a teste manual nem a aceitação em hardware real.
DUCK-1514;Permissões;clareza de feedback;limite operacional;PARCIAL;src/lib/permissions.ts;Matriz automatizada de cobertura. CONFIRMADO_ESTATICO não equivale a teste manual nem a aceitação em hardware real.
DUCK-1515;Permissões;clareza de feedback;aceitação de entrega;REVISAO_HUMANA;src/lib/permissions.ts;Matriz automatizada de cobertura. CONFIRMADO_ESTATICO não equivale a teste manual nem a aceitação em hardware real.
DUCK-1516;Permissões;tratamento de erro;inspeção estática;CONFIRMADO_ESTATICO;src/lib/permissions.ts;Matriz automatizada de cobertura. CONFIRMADO_ESTATICO não equivale a teste manual nem a aceitação em hardware real.
DUCK-1517;Permissões;tratamento de erro;prova estrutural;CONFIRMADO_ESTATICO;src/lib/permissions.ts;Matriz automatizada de cobertura. CONFIRMADO_ESTATICO não equivale a teste manual nem a aceitação em hardware real.
DUCK-1518;Permissões;tratamento de erro;evidência disponível;CONFIRMADO_ESTATICO;src/lib/permissions.ts;Matriz automatizada de cobertura. CONFIRMADO_ESTATICO não equivale a teste manual nem a aceitação em hardware real.
DUCK-1519;Permissões;tratamento de erro;limite operacional;PARCIAL;src/lib/permissions.ts;Matriz automatizada de cobertura. CONFIRMADO_ESTATICO não equivale a teste manual nem a aceitação em hardware real.
DUCK-1520;Permissões;tratamento de erro;aceitação de entrega;REVISAO_HUMANA;src/lib/permissions.ts;Matriz automatizada de cobertura. CONFIRMADO_ESTATICO não equivale a teste manual nem a aceitação em hardware real.
DUCK-1521;Permissões;navegação por teclado;inspeção estática;CONFIRMADO_ESTATICO;src/lib/permissions.ts;Matriz automatizada de cobertura. CONFIRMADO_ESTATICO não equivale a teste manual nem a aceitação em hardware real.
DUCK-1522;Permissões;navegação por teclado;prova estrutural;CONFIRMADO_ESTATICO;src/lib/permissions.ts;Matriz automatizada de cobertura. CONFIRMADO_ESTATICO não equivale a teste manual nem a aceitação em hardware real.
DUCK-1523;Permissões;navegação por teclado;evidência disponível;CONFIRMADO_ESTATICO;src/lib/permissions.ts;Matriz automatizada de cobertura. CONFIRMADO_ESTATICO não equivale a teste manual nem a aceitação em hardware real.
DUCK-1524;Permissões;navegação por teclado;limite operacional;PARCIAL;src/lib/permissions.ts;Matriz automatizada de cobertura. CONFIRMADO_ESTATICO não equivale a teste manual nem a aceitação em hardware real.
DUCK-1525;Permissões;navegação por teclado;aceitação de entrega;REVISAO_HUMANA;src/lib/permissions.ts;Matriz automatizada de cobertura. CONFIRMADO_ESTATICO não equivale a teste manual nem a aceitação em hardware real.
DUCK-1526;Permissões;legibilidade;inspeção estática;CONFIRMADO_ESTATICO;src/lib/permissions.ts;Matriz automatizada de cobertura. CONFIRMADO_ESTATICO não equivale a teste manual nem a aceitação em hardware real.
DUCK-1527;Permissões;legibilidade;prova estrutural;CONFIRMADO_ESTATICO;src/lib/permissions.ts;Matriz automatizada de cobertura. CONFIRMADO_ESTATICO não equivale a teste manual nem a aceitação em hardware real.
DUCK-1528;Permissões;legibilidade;evidência disponível;CONFIRMADO_ESTATICO;src/lib/permissions.ts;Matriz automatizada de cobertura. CONFIRMADO_ESTATICO não equivale a teste manual nem a aceitação em hardware real.
DUCK-1529;Permissões;legibilidade;limite operacional;PARCIAL;src/lib/permissions.ts;Matriz automatizada de cobertura. CONFIRMADO_ESTATICO não equivale a teste manual nem a aceitação em hardware real.
DUCK-1530;Permissões;legibilidade;aceitação de entrega;REVISAO_HUMANA;src/lib/permissions.ts;Matriz automatizada de cobertura. CONFIRMADO_ESTATICO não equivale a teste manual nem a aceitação em hardware real.
DUCK-1531;Permissões;contraste;inspeção estática;CONFIRMADO_ESTATICO;src/lib/permissions.ts;Matriz automatizada de cobertura. CONFIRMADO_ESTATICO não equivale a teste manual nem a aceitação em hardware real.
DUCK-1532;Permissões;contraste;prova estrutural;CONFIRMADO_ESTATICO;src/lib/permissions.ts;Matriz automatizada de cobertura. CONFIRMADO_ESTATICO não equivale a teste manual nem a aceitação em hardware real.
DUCK-1533;Permissões;contraste;evidência disponível;CONFIRMADO_ESTATICO;src/lib/permissions.ts;Matriz automatizada de cobertura. CONFIRMADO_ESTATICO não equivale a teste manual nem a aceitação em hardware real.
DUCK-1534;Permissões;contraste;limite operacional;PARCIAL;src/lib/permissions.ts;Matriz automatizada de cobertura. CONFIRMADO_ESTATICO não equivale a teste manual nem a aceitação em hardware real.
DUCK-1535;Permissões;contraste;aceitação de entrega;REVISAO_HUMANA;src/lib/permissions.ts;Matriz automatizada de cobertura. CONFIRMADO_ESTATICO não equivale a teste manual nem a aceitação em hardware real.
DUCK-1536;Permissões;responsividade;inspeção estática;CONFIRMADO_ESTATICO;src/lib/permissions.ts;Matriz automatizada de cobertura. CONFIRMADO_ESTATICO não equivale a teste manual nem a aceitação em hardware real.
DUCK-1537;Permissões;responsividade;prova estrutural;CONFIRMADO_ESTATICO;src/lib/permissions.ts;Matriz automatizada de cobertura. CONFIRMADO_ESTATICO não equivale a teste manual nem a aceitação em hardware real.
DUCK-1538;Permissões;responsividade;evidência disponível;CONFIRMADO_ESTATICO;src/lib/permissions.ts;Matriz automatizada de cobertura. CONFIRMADO_ESTATICO não equivale a teste manual nem a aceitação em hardware real.
DUCK-1539;Permissões;responsividade;limite operacional;PARCIAL;src/lib/permissions.ts;Matriz automatizada de cobertura. CONFIRMADO_ESTATICO não equivale a teste manual nem a aceitação em hardware real.
DUCK-1540;Permissões;responsividade;aceitação de entrega;REVISAO_HUMANA;src/lib/permissions.ts;Matriz automatizada de cobertura. CONFIRMADO_ESTATICO não equivale a teste manual nem a aceitação em hardware real.
DUCK-1541;Permissões;persistência;inspeção estática;CONFIRMADO_ESTATICO;src/lib/permissions.ts;Matriz automatizada de cobertura. CONFIRMADO_ESTATICO não equivale a teste manual nem a aceitação em hardware real.
DUCK-1542;Permissões;persistência;prova estrutural;CONFIRMADO_ESTATICO;src/lib/permissions.ts;Matriz automatizada de cobertura. CONFIRMADO_ESTATICO não equivale a teste manual nem a aceitação em hardware real.
DUCK-1543;Permissões;persistência;evidência disponível;CONFIRMADO_ESTATICO;src/lib/permissions.ts;Matriz automatizada de cobertura. CONFIRMADO_ESTATICO não equivale a teste manual nem a aceitação em hardware real.
DUCK-1544;Permissões;persistência;limite operacional;PARCIAL;src/lib/permissions.ts;Matriz automatizada de cobertura. CONFIRMADO_ESTATICO não equivale a teste manual nem a aceitação em hardware real.
DUCK-1545;Permissões;persistência;aceitação de entrega;REVISAO_HUMANA;src/lib/permissions.ts;Matriz automatizada de cobertura. CONFIRMADO_ESTATICO não equivale a teste manual nem a aceitação em hardware real.
DUCK-1546;Permissões;segurança de entrada;inspeção estática;CONFIRMADO_ESTATICO;src/lib/permissions.ts;Matriz automatizada de cobertura. CONFIRMADO_ESTATICO não equivale a teste manual nem a aceitação em hardware real.
DUCK-1547;Permissões;segurança de entrada;prova estrutural;CONFIRMADO_ESTATICO;src/lib/permissions.ts;Matriz automatizada de cobertura. CONFIRMADO_ESTATICO não equivale a teste manual nem a aceitação em hardware real.
DUCK-1548;Permissões;segurança de entrada;evidência disponível;CONFIRMADO_ESTATICO;src/lib/permissions.ts;Matriz automatizada de cobertura. CONFIRMADO_ESTATICO não equivale a teste manual nem a aceitação em hardware real.
DUCK-1549;Permissões;segurança de entrada;limite operacional;PARCIAL;src/lib/permissions.ts;Matriz automatizada de cobertura. CONFIRMADO_ESTATICO não equivale a teste manual nem a aceitação em hardware real.
DUCK-1550;Permissões;segurança de entrada;aceitação de entrega;REVISAO_HUMANA;src/lib/permissions.ts;Matriz automatizada de cobertura. CONFIRMADO_ESTATICO não equivale a teste manual nem a aceitação em hardware real.
DUCK-1551;Permissões;privacidade;inspeção estática;CONFIRMADO_ESTATICO;src/lib/permissions.ts;Matriz automatizada de cobertura. CONFIRMADO_ESTATICO não equivale a teste manual nem a aceitação em hardware real.
DUCK-1552;Permissões;privacidade;prova estrutural;CONFIRMADO_ESTATICO;src/lib/permissions.ts;Matriz automatizada de cobertura. CONFIRMADO_ESTATICO não equivale a teste manual nem a aceitação em hardware real.
DUCK-1553;Permissões;privacidade;evidência disponível;CONFIRMADO_ESTATICO;src/lib/permissions.ts;Matriz automatizada de cobertura. CONFIRMADO_ESTATICO não equivale a teste manual nem a aceitação em hardware real.
DUCK-1554;Permissões;privacidade;limite operacional;PARCIAL;src/lib/permissions.ts;Matriz automatizada de cobertura. CONFIRMADO_ESTATICO não equivale a teste manual nem a aceitação em hardware real.
DUCK-1555;Permissões;privacidade;aceitação de entrega;REVISAO_HUMANA;src/lib/permissions.ts;Matriz automatizada de cobertura. CONFIRMADO_ESTATICO não equivale a teste manual nem a aceitação em hardware real.
DUCK-1556;Permissões;desempenho;inspeção estática;CONFIRMADO_ESTATICO;src/lib/permissions.ts;Matriz automatizada de cobertura. CONFIRMADO_ESTATICO não equivale a teste manual nem a aceitação em hardware real.
DUCK-1557;Permissões;desempenho;prova estrutural;CONFIRMADO_ESTATICO;src/lib/permissions.ts;Matriz automatizada de cobertura. CONFIRMADO_ESTATICO não equivale a teste manual nem a aceitação em hardware real.
DUCK-1558;Permissões;desempenho;evidência disponível;CONFIRMADO_ESTATICO;src/lib/permissions.ts;Matriz automatizada de cobertura. CONFIRMADO_ESTATICO não equivale a teste manual nem a aceitação em hardware real.
DUCK-1559;Permissões;desempenho;limite operacional;PARCIAL;src/lib/permissions.ts;Matriz automatizada de cobertura. CONFIRMADO_ESTATICO não equivale a teste manual nem a aceitação em hardware real.
DUCK-1560;Permissões;desempenho;aceitação de entrega;REVISAO_HUMANA;src/lib/permissions.ts;Matriz automatizada de cobertura. CONFIRMADO_ESTATICO não equivale a teste manual nem a aceitação em hardware real.
DUCK-1561;Permissões;manutenibilidade;inspeção estática;CONFIRMADO_ESTATICO;src/lib/permissions.ts;Matriz automatizada de cobertura. CONFIRMADO_ESTATICO não equivale a teste manual nem a aceitação em hardware real.
DUCK-1562;Permissões;manutenibilidade;prova estrutural;CONFIRMADO_ESTATICO;src/lib/permissions.ts;Matriz automatizada de cobertura. CONFIRMADO_ESTATICO não equivale a teste manual nem a aceitação em hardware real.
DUCK-1563;Permissões;manutenibilidade;evidência disponível;CONFIRMADO_ESTATICO;src/lib/permissions.ts;Matriz automatizada de cobertura. CONFIRMADO_ESTATICO não equivale a teste manual nem a aceitação em hardware real.
DUCK-1564;Permissões;manutenibilidade;limite operacional;PARCIAL;src/lib/permissions.ts;Matriz automatizada de cobertura. CONFIRMADO_ESTATICO não equivale a teste manual nem a aceitação em hardware real.
DUCK-1565;Permissões;manutenibilidade;aceitação de entrega;REVISAO_HUMANA;src/lib/permissions.ts;Matriz automatizada de cobertura. CONFIRMADO_ESTATICO não equivale a teste manual nem a aceitação em hardware real.
DUCK-1566;Permissões;tipagem;inspeção estática;CONFIRMADO_ESTATICO;src/lib/permissions.ts;Matriz automatizada de cobertura. CONFIRMADO_ESTATICO não equivale a teste manual nem a aceitação em hardware real.
DUCK-1567;Permissões;tipagem;prova estrutural;CONFIRMADO_ESTATICO;src/lib/permissions.ts;Matriz automatizada de cobertura. CONFIRMADO_ESTATICO não equivale a teste manual nem a aceitação em hardware real.
DUCK-1568;Permissões;tipagem;evidência disponível;CONFIRMADO_ESTATICO;src/lib/permissions.ts;Matriz automatizada de cobertura. CONFIRMADO_ESTATICO não equivale a teste manual nem a aceitação em hardware real.
DUCK-1569;Permissões;tipagem;limite operacional;PARCIAL;src/lib/permissions.ts;Matriz automatizada de cobertura. CONFIRMADO_ESTATICO não equivale a teste manual nem a aceitação em hardware real.
DUCK-1570;Permissões;tipagem;aceitação de entrega;REVISAO_HUMANA;src/lib/permissions.ts;Matriz automatizada de cobertura. CONFIRMADO_ESTATICO não equivale a teste manual nem a aceitação em hardware real.
DUCK-1571;Permissões;rastreabilidade;inspeção estática;CONFIRMADO_ESTATICO;src/lib/permissions.ts;Matriz automatizada de cobertura. CONFIRMADO_ESTATICO não equivale a teste manual nem a aceitação em hardware real.
DUCK-1572;Permissões;rastreabilidade;prova estrutural;CONFIRMADO_ESTATICO;src/lib/permissions.ts;Matriz automatizada de cobertura. CONFIRMADO_ESTATICO não equivale a teste manual nem a aceitação em hardware real.
DUCK-1573;Permissões;rastreabilidade;evidência disponível;CONFIRMADO_ESTATICO;src/lib/permissions.ts;Matriz automatizada de cobertura. CONFIRMADO_ESTATICO não equivale a teste manual nem a aceitação em hardware real.
DUCK-1574;Permissões;rastreabilidade;limite operacional;PARCIAL;src/lib/permissions.ts;Matriz automatizada de cobertura. CONFIRMADO_ESTATICO não equivale a teste manual nem a aceitação em hardware real.
DUCK-1575;Permissões;rastreabilidade;aceitação de entrega;REVISAO_HUMANA;src/lib/permissions.ts;Matriz automatizada de cobertura. CONFIRMADO_ESTATICO não equivale a teste manual nem a aceitação em hardware real.
DUCK-1576;Permissões;evidência visual;inspeção estática;CONFIRMADO_ESTATICO;src/lib/permissions.ts;Matriz automatizada de cobertura. CONFIRMADO_ESTATICO não equivale a teste manual nem a aceitação em hardware real.
DUCK-1577;Permissões;evidência visual;prova estrutural;CONFIRMADO_ESTATICO;src/lib/permissions.ts;Matriz automatizada de cobertura. CONFIRMADO_ESTATICO não equivale a teste manual nem a aceitação em hardware real.
DUCK-1578;Permissões;evidência visual;evidência disponível;CONFIRMADO_ESTATICO;src/lib/permissions.ts;Matriz automatizada de cobertura. CONFIRMADO_ESTATICO não equivale a teste manual nem a aceitação em hardware real.
DUCK-1579;Permissões;evidência visual;limite operacional;PARCIAL;src/lib/permissions.ts;Matriz automatizada de cobertura. CONFIRMADO_ESTATICO não equivale a teste manual nem a aceitação em hardware real.
DUCK-1580;Permissões;evidência visual;aceitação de entrega;REVISAO_HUMANA;src/lib/permissions.ts;Matriz automatizada de cobertura. CONFIRMADO_ESTATICO não equivale a teste manual nem a aceitação em hardware real.
DUCK-1581;Permissões;documentação;inspeção estática;CONFIRMADO_ESTATICO;src/lib/permissions.ts;Matriz automatizada de cobertura. CONFIRMADO_ESTATICO não equivale a teste manual nem a aceitação em hardware real.
DUCK-1582;Permissões;documentação;prova estrutural;CONFIRMADO_ESTATICO;src/lib/permissions.ts;Matriz automatizada de cobertura. CONFIRMADO_ESTATICO não equivale a teste manual nem a aceitação em hardware real.
DUCK-1583;Permissões;documentação;evidência disponível;CONFIRMADO_ESTATICO;src/lib/permissions.ts;Matriz automatizada de cobertura. CONFIRMADO_ESTATICO não equivale a teste manual nem a aceitação em hardware real.
DUCK-1584;Permissões;documentação;limite operacional;PARCIAL;src/lib/permissions.ts;Matriz automatizada de cobertura. CONFIRMADO_ESTATICO não equivale a teste manual nem a aceitação em hardware real.
DUCK-1585;Permissões;documentação;aceitação de entrega;REVISAO_HUMANA;src/lib/permissions.ts;Matriz automatizada de cobertura. CONFIRMADO_ESTATICO não equivale a teste manual nem a aceitação em hardware real.
DUCK-1586;Permissões;recuperação;inspeção estática;CONFIRMADO_ESTATICO;src/lib/permissions.ts;Matriz automatizada de cobertura. CONFIRMADO_ESTATICO não equivale a teste manual nem a aceitação em hardware real.
DUCK-1587;Permissões;recuperação;prova estrutural;CONFIRMADO_ESTATICO;src/lib/permissions.ts;Matriz automatizada de cobertura. CONFIRMADO_ESTATICO não equivale a teste manual nem a aceitação em hardware real.
DUCK-1588;Permissões;recuperação;evidência disponível;CONFIRMADO_ESTATICO;src/lib/permissions.ts;Matriz automatizada de cobertura. CONFIRMADO_ESTATICO não equivale a teste manual nem a aceitação em hardware real.
DUCK-1589;Permissões;recuperação;limite operacional;PARCIAL;src/lib/permissions.ts;Matriz automatizada de cobertura. CONFIRMADO_ESTATICO não equivale a teste manual nem a aceitação em hardware real.
DUCK-1590;Permissões;recuperação;aceitação de entrega;REVISAO_HUMANA;src/lib/permissions.ts;Matriz automatizada de cobertura. CONFIRMADO_ESTATICO não equivale a teste manual nem a aceitação em hardware real.
DUCK-1591;Permissões;exportação;inspeção estática;CONFIRMADO_ESTATICO;src/lib/permissions.ts;Matriz automatizada de cobertura. CONFIRMADO_ESTATICO não equivale a teste manual nem a aceitação em hardware real.
DUCK-1592;Permissões;exportação;prova estrutural;CONFIRMADO_ESTATICO;src/lib/permissions.ts;Matriz automatizada de cobertura. CONFIRMADO_ESTATICO não equivale a teste manual nem a aceitação em hardware real.
DUCK-1593;Permissões;exportação;evidência disponível;CONFIRMADO_ESTATICO;src/lib/permissions.ts;Matriz automatizada de cobertura. CONFIRMADO_ESTATICO não equivale a teste manual nem a aceitação em hardware real.
DUCK-1594;Permissões;exportação;limite operacional;PARCIAL;src/lib/permissions.ts;Matriz automatizada de cobertura. CONFIRMADO_ESTATICO não equivale a teste manual nem a aceitação em hardware real.
DUCK-1595;Permissões;exportação;aceitação de entrega;REVISAO_HUMANA;src/lib/permissions.ts;Matriz automatizada de cobertura. CONFIRMADO_ESTATICO não equivale a teste manual nem a aceitação em hardware real.
DUCK-1596;Permissões;entrega;inspeção estática;CONFIRMADO_ESTATICO;src/lib/permissions.ts;Matriz automatizada de cobertura. CONFIRMADO_ESTATICO não equivale a teste manual nem a aceitação em hardware real.
DUCK-1597;Permissões;entrega;prova estrutural;CONFIRMADO_ESTATICO;src/lib/permissions.ts;Matriz automatizada de cobertura. CONFIRMADO_ESTATICO não equivale a teste manual nem a aceitação em hardware real.
DUCK-1598;Permissões;entrega;evidência disponível;CONFIRMADO_ESTATICO;src/lib/permissions.ts;Matriz automatizada de cobertura. CONFIRMADO_ESTATICO não equivale a teste manual nem a aceitação em hardware real.
DUCK-1599;Permissões;entrega;limite operacional;PARCIAL;src/lib/permissions.ts;Matriz automatizada de cobertura. CONFIRMADO_ESTATICO não equivale a teste manual nem a aceitação em hardware real.
DUCK-1600;Permissões;entrega;aceitação de entrega;REVISAO_HUMANA;src/lib/permissions.ts;Matriz automatizada de cobertura. CONFIRMADO_ESTATICO não equivale a teste manual nem a aceitação em hardware real.
DUCK-1601;Auditoria;presença funcional;inspeção estática;CONFIRMADO_ESTATICO;src/components/studio/views/audit.tsx;Matriz automatizada de cobertura. CONFIRMADO_ESTATICO não equivale a teste manual nem a aceitação em hardware real.
DUCK-1602;Auditoria;presença funcional;prova estrutural;CONFIRMADO_ESTATICO;src/components/studio/views/audit.tsx;Matriz automatizada de cobertura. CONFIRMADO_ESTATICO não equivale a teste manual nem a aceitação em hardware real.
DUCK-1603;Auditoria;presença funcional;evidência disponível;CONFIRMADO_ESTATICO;src/components/studio/views/audit.tsx;Matriz automatizada de cobertura. CONFIRMADO_ESTATICO não equivale a teste manual nem a aceitação em hardware real.
DUCK-1604;Auditoria;presença funcional;limite operacional;PARCIAL;src/components/studio/views/audit.tsx;Matriz automatizada de cobertura. CONFIRMADO_ESTATICO não equivale a teste manual nem a aceitação em hardware real.
DUCK-1605;Auditoria;presença funcional;aceitação de entrega;REVISAO_HUMANA;src/components/studio/views/audit.tsx;Matriz automatizada de cobertura. CONFIRMADO_ESTATICO não equivale a teste manual nem a aceitação em hardware real.
DUCK-1606;Auditoria;consistência de estados;inspeção estática;CONFIRMADO_ESTATICO;src/components/studio/views/audit.tsx;Matriz automatizada de cobertura. CONFIRMADO_ESTATICO não equivale a teste manual nem a aceitação em hardware real.
DUCK-1607;Auditoria;consistência de estados;prova estrutural;CONFIRMADO_ESTATICO;src/components/studio/views/audit.tsx;Matriz automatizada de cobertura. CONFIRMADO_ESTATICO não equivale a teste manual nem a aceitação em hardware real.
DUCK-1608;Auditoria;consistência de estados;evidência disponível;CONFIRMADO_ESTATICO;src/components/studio/views/audit.tsx;Matriz automatizada de cobertura. CONFIRMADO_ESTATICO não equivale a teste manual nem a aceitação em hardware real.
DUCK-1609;Auditoria;consistência de estados;limite operacional;PARCIAL;src/components/studio/views/audit.tsx;Matriz automatizada de cobertura. CONFIRMADO_ESTATICO não equivale a teste manual nem a aceitação em hardware real.
DUCK-1610;Auditoria;consistência de estados;aceitação de entrega;REVISAO_HUMANA;src/components/studio/views/audit.tsx;Matriz automatizada de cobertura. CONFIRMADO_ESTATICO não equivale a teste manual nem a aceitação em hardware real.
DUCK-1611;Auditoria;clareza de feedback;inspeção estática;CONFIRMADO_ESTATICO;src/components/studio/views/audit.tsx;Matriz automatizada de cobertura. CONFIRMADO_ESTATICO não equivale a teste manual nem a aceitação em hardware real.
DUCK-1612;Auditoria;clareza de feedback;prova estrutural;CONFIRMADO_ESTATICO;src/components/studio/views/audit.tsx;Matriz automatizada de cobertura. CONFIRMADO_ESTATICO não equivale a teste manual nem a aceitação em hardware real.
DUCK-1613;Auditoria;clareza de feedback;evidência disponível;CONFIRMADO_ESTATICO;src/components/studio/views/audit.tsx;Matriz automatizada de cobertura. CONFIRMADO_ESTATICO não equivale a teste manual nem a aceitação em hardware real.
DUCK-1614;Auditoria;clareza de feedback;limite operacional;PARCIAL;src/components/studio/views/audit.tsx;Matriz automatizada de cobertura. CONFIRMADO_ESTATICO não equivale a teste manual nem a aceitação em hardware real.
DUCK-1615;Auditoria;clareza de feedback;aceitação de entrega;REVISAO_HUMANA;src/components/studio/views/audit.tsx;Matriz automatizada de cobertura. CONFIRMADO_ESTATICO não equivale a teste manual nem a aceitação em hardware real.
DUCK-1616;Auditoria;tratamento de erro;inspeção estática;CONFIRMADO_ESTATICO;src/components/studio/views/audit.tsx;Matriz automatizada de cobertura. CONFIRMADO_ESTATICO não equivale a teste manual nem a aceitação em hardware real.
DUCK-1617;Auditoria;tratamento de erro;prova estrutural;CONFIRMADO_ESTATICO;src/components/studio/views/audit.tsx;Matriz automatizada de cobertura. CONFIRMADO_ESTATICO não equivale a teste manual nem a aceitação em hardware real.
DUCK-1618;Auditoria;tratamento de erro;evidência disponível;CONFIRMADO_ESTATICO;src/components/studio/views/audit.tsx;Matriz automatizada de cobertura. CONFIRMADO_ESTATICO não equivale a teste manual nem a aceitação em hardware real.
DUCK-1619;Auditoria;tratamento de erro;limite operacional;PARCIAL;src/components/studio/views/audit.tsx;Matriz automatizada de cobertura. CONFIRMADO_ESTATICO não equivale a teste manual nem a aceitação em hardware real.
DUCK-1620;Auditoria;tratamento de erro;aceitação de entrega;REVISAO_HUMANA;src/components/studio/views/audit.tsx;Matriz automatizada de cobertura. CONFIRMADO_ESTATICO não equivale a teste manual nem a aceitação em hardware real.
DUCK-1621;Auditoria;navegação por teclado;inspeção estática;CONFIRMADO_ESTATICO;src/components/studio/views/audit.tsx;Matriz automatizada de cobertura. CONFIRMADO_ESTATICO não equivale a teste manual nem a aceitação em hardware real.
DUCK-1622;Auditoria;navegação por teclado;prova estrutural;CONFIRMADO_ESTATICO;src/components/studio/views/audit.tsx;Matriz automatizada de cobertura. CONFIRMADO_ESTATICO não equivale a teste manual nem a aceitação em hardware real.
DUCK-1623;Auditoria;navegação por teclado;evidência disponível;CONFIRMADO_ESTATICO;src/components/studio/views/audit.tsx;Matriz automatizada de cobertura. CONFIRMADO_ESTATICO não equivale a teste manual nem a aceitação em hardware real.
DUCK-1624;Auditoria;navegação por teclado;limite operacional;PARCIAL;src/components/studio/views/audit.tsx;Matriz automatizada de cobertura. CONFIRMADO_ESTATICO não equivale a teste manual nem a aceitação em hardware real.
DUCK-1625;Auditoria;navegação por teclado;aceitação de entrega;REVISAO_HUMANA;src/components/studio/views/audit.tsx;Matriz automatizada de cobertura. CONFIRMADO_ESTATICO não equivale a teste manual nem a aceitação em hardware real.
DUCK-1626;Auditoria;legibilidade;inspeção estática;CONFIRMADO_ESTATICO;src/components/studio/views/audit.tsx;Matriz automatizada de cobertura. CONFIRMADO_ESTATICO não equivale a teste manual nem a aceitação em hardware real.
DUCK-1627;Auditoria;legibilidade;prova estrutural;CONFIRMADO_ESTATICO;src/components/studio/views/audit.tsx;Matriz automatizada de cobertura. CONFIRMADO_ESTATICO não equivale a teste manual nem a aceitação em hardware real.
DUCK-1628;Auditoria;legibilidade;evidência disponível;CONFIRMADO_ESTATICO;src/components/studio/views/audit.tsx;Matriz automatizada de cobertura. CONFIRMADO_ESTATICO não equivale a teste manual nem a aceitação em hardware real.
DUCK-1629;Auditoria;legibilidade;limite operacional;PARCIAL;src/components/studio/views/audit.tsx;Matriz automatizada de cobertura. CONFIRMADO_ESTATICO não equivale a teste manual nem a aceitação em hardware real.
DUCK-1630;Auditoria;legibilidade;aceitação de entrega;REVISAO_HUMANA;src/components/studio/views/audit.tsx;Matriz automatizada de cobertura. CONFIRMADO_ESTATICO não equivale a teste manual nem a aceitação em hardware real.
DUCK-1631;Auditoria;contraste;inspeção estática;CONFIRMADO_ESTATICO;src/components/studio/views/audit.tsx;Matriz automatizada de cobertura. CONFIRMADO_ESTATICO não equivale a teste manual nem a aceitação em hardware real.
DUCK-1632;Auditoria;contraste;prova estrutural;CONFIRMADO_ESTATICO;src/components/studio/views/audit.tsx;Matriz automatizada de cobertura. CONFIRMADO_ESTATICO não equivale a teste manual nem a aceitação em hardware real.
DUCK-1633;Auditoria;contraste;evidência disponível;CONFIRMADO_ESTATICO;src/components/studio/views/audit.tsx;Matriz automatizada de cobertura. CONFIRMADO_ESTATICO não equivale a teste manual nem a aceitação em hardware real.
DUCK-1634;Auditoria;contraste;limite operacional;PARCIAL;src/components/studio/views/audit.tsx;Matriz automatizada de cobertura. CONFIRMADO_ESTATICO não equivale a teste manual nem a aceitação em hardware real.
DUCK-1635;Auditoria;contraste;aceitação de entrega;REVISAO_HUMANA;src/components/studio/views/audit.tsx;Matriz automatizada de cobertura. CONFIRMADO_ESTATICO não equivale a teste manual nem a aceitação em hardware real.
DUCK-1636;Auditoria;responsividade;inspeção estática;CONFIRMADO_ESTATICO;src/components/studio/views/audit.tsx;Matriz automatizada de cobertura. CONFIRMADO_ESTATICO não equivale a teste manual nem a aceitação em hardware real.
DUCK-1637;Auditoria;responsividade;prova estrutural;CONFIRMADO_ESTATICO;src/components/studio/views/audit.tsx;Matriz automatizada de cobertura. CONFIRMADO_ESTATICO não equivale a teste manual nem a aceitação em hardware real.
DUCK-1638;Auditoria;responsividade;evidência disponível;CONFIRMADO_ESTATICO;src/components/studio/views/audit.tsx;Matriz automatizada de cobertura. CONFIRMADO_ESTATICO não equivale a teste manual nem a aceitação em hardware real.
DUCK-1639;Auditoria;responsividade;limite operacional;PARCIAL;src/components/studio/views/audit.tsx;Matriz automatizada de cobertura. CONFIRMADO_ESTATICO não equivale a teste manual nem a aceitação em hardware real.
DUCK-1640;Auditoria;responsividade;aceitação de entrega;REVISAO_HUMANA;src/components/studio/views/audit.tsx;Matriz automatizada de cobertura. CONFIRMADO_ESTATICO não equivale a teste manual nem a aceitação em hardware real.
DUCK-1641;Auditoria;persistência;inspeção estática;CONFIRMADO_ESTATICO;src/components/studio/views/audit.tsx;Matriz automatizada de cobertura. CONFIRMADO_ESTATICO não equivale a teste manual nem a aceitação em hardware real.
DUCK-1642;Auditoria;persistência;prova estrutural;CONFIRMADO_ESTATICO;src/components/studio/views/audit.tsx;Matriz automatizada de cobertura. CONFIRMADO_ESTATICO não equivale a teste manual nem a aceitação em hardware real.
DUCK-1643;Auditoria;persistência;evidência disponível;CONFIRMADO_ESTATICO;src/components/studio/views/audit.tsx;Matriz automatizada de cobertura. CONFIRMADO_ESTATICO não equivale a teste manual nem a aceitação em hardware real.
DUCK-1644;Auditoria;persistência;limite operacional;PARCIAL;src/components/studio/views/audit.tsx;Matriz automatizada de cobertura. CONFIRMADO_ESTATICO não equivale a teste manual nem a aceitação em hardware real.
DUCK-1645;Auditoria;persistência;aceitação de entrega;REVISAO_HUMANA;src/components/studio/views/audit.tsx;Matriz automatizada de cobertura. CONFIRMADO_ESTATICO não equivale a teste manual nem a aceitação em hardware real.
DUCK-1646;Auditoria;segurança de entrada;inspeção estática;CONFIRMADO_ESTATICO;src/components/studio/views/audit.tsx;Matriz automatizada de cobertura. CONFIRMADO_ESTATICO não equivale a teste manual nem a aceitação em hardware real.
DUCK-1647;Auditoria;segurança de entrada;prova estrutural;CONFIRMADO_ESTATICO;src/components/studio/views/audit.tsx;Matriz automatizada de cobertura. CONFIRMADO_ESTATICO não equivale a teste manual nem a aceitação em hardware real.
DUCK-1648;Auditoria;segurança de entrada;evidência disponível;CONFIRMADO_ESTATICO;src/components/studio/views/audit.tsx;Matriz automatizada de cobertura. CONFIRMADO_ESTATICO não equivale a teste manual nem a aceitação em hardware real.
DUCK-1649;Auditoria;segurança de entrada;limite operacional;PARCIAL;src/components/studio/views/audit.tsx;Matriz automatizada de cobertura. CONFIRMADO_ESTATICO não equivale a teste manual nem a aceitação em hardware real.
DUCK-1650;Auditoria;segurança de entrada;aceitação de entrega;REVISAO_HUMANA;src/components/studio/views/audit.tsx;Matriz automatizada de cobertura. CONFIRMADO_ESTATICO não equivale a teste manual nem a aceitação em hardware real.
DUCK-1651;Auditoria;privacidade;inspeção estática;CONFIRMADO_ESTATICO;src/components/studio/views/audit.tsx;Matriz automatizada de cobertura. CONFIRMADO_ESTATICO não equivale a teste manual nem a aceitação em hardware real.
DUCK-1652;Auditoria;privacidade;prova estrutural;CONFIRMADO_ESTATICO;src/components/studio/views/audit.tsx;Matriz automatizada de cobertura. CONFIRMADO_ESTATICO não equivale a teste manual nem a aceitação em hardware real.
DUCK-1653;Auditoria;privacidade;evidência disponível;CONFIRMADO_ESTATICO;src/components/studio/views/audit.tsx;Matriz automatizada de cobertura. CONFIRMADO_ESTATICO não equivale a teste manual nem a aceitação em hardware real.
DUCK-1654;Auditoria;privacidade;limite operacional;PARCIAL;src/components/studio/views/audit.tsx;Matriz automatizada de cobertura. CONFIRMADO_ESTATICO não equivale a teste manual nem a aceitação em hardware real.
DUCK-1655;Auditoria;privacidade;aceitação de entrega;REVISAO_HUMANA;src/components/studio/views/audit.tsx;Matriz automatizada de cobertura. CONFIRMADO_ESTATICO não equivale a teste manual nem a aceitação em hardware real.
DUCK-1656;Auditoria;desempenho;inspeção estática;CONFIRMADO_ESTATICO;src/components/studio/views/audit.tsx;Matriz automatizada de cobertura. CONFIRMADO_ESTATICO não equivale a teste manual nem a aceitação em hardware real.
DUCK-1657;Auditoria;desempenho;prova estrutural;CONFIRMADO_ESTATICO;src/components/studio/views/audit.tsx;Matriz automatizada de cobertura. CONFIRMADO_ESTATICO não equivale a teste manual nem a aceitação em hardware real.
DUCK-1658;Auditoria;desempenho;evidência disponível;CONFIRMADO_ESTATICO;src/components/studio/views/audit.tsx;Matriz automatizada de cobertura. CONFIRMADO_ESTATICO não equivale a teste manual nem a aceitação em hardware real.
DUCK-1659;Auditoria;desempenho;limite operacional;PARCIAL;src/components/studio/views/audit.tsx;Matriz automatizada de cobertura. CONFIRMADO_ESTATICO não equivale a teste manual nem a aceitação em hardware real.
DUCK-1660;Auditoria;desempenho;aceitação de entrega;REVISAO_HUMANA;src/components/studio/views/audit.tsx;Matriz automatizada de cobertura. CONFIRMADO_ESTATICO não equivale a teste manual nem a aceitação em hardware real.
DUCK-1661;Auditoria;manutenibilidade;inspeção estática;CONFIRMADO_ESTATICO;src/components/studio/views/audit.tsx;Matriz automatizada de cobertura. CONFIRMADO_ESTATICO não equivale a teste manual nem a aceitação em hardware real.
DUCK-1662;Auditoria;manutenibilidade;prova estrutural;CONFIRMADO_ESTATICO;src/components/studio/views/audit.tsx;Matriz automatizada de cobertura. CONFIRMADO_ESTATICO não equivale a teste manual nem a aceitação em hardware real.
DUCK-1663;Auditoria;manutenibilidade;evidência disponível;CONFIRMADO_ESTATICO;src/components/studio/views/audit.tsx;Matriz automatizada de cobertura. CONFIRMADO_ESTATICO não equivale a teste manual nem a aceitação em hardware real.
DUCK-1664;Auditoria;manutenibilidade;limite operacional;PARCIAL;src/components/studio/views/audit.tsx;Matriz automatizada de cobertura. CONFIRMADO_ESTATICO não equivale a teste manual nem a aceitação em hardware real.
DUCK-1665;Auditoria;manutenibilidade;aceitação de entrega;REVISAO_HUMANA;src/components/studio/views/audit.tsx;Matriz automatizada de cobertura. CONFIRMADO_ESTATICO não equivale a teste manual nem a aceitação em hardware real.
DUCK-1666;Auditoria;tipagem;inspeção estática;CONFIRMADO_ESTATICO;src/components/studio/views/audit.tsx;Matriz automatizada de cobertura. CONFIRMADO_ESTATICO não equivale a teste manual nem a aceitação em hardware real.
DUCK-1667;Auditoria;tipagem;prova estrutural;CONFIRMADO_ESTATICO;src/components/studio/views/audit.tsx;Matriz automatizada de cobertura. CONFIRMADO_ESTATICO não equivale a teste manual nem a aceitação em hardware real.
DUCK-1668;Auditoria;tipagem;evidência disponível;CONFIRMADO_ESTATICO;src/components/studio/views/audit.tsx;Matriz automatizada de cobertura. CONFIRMADO_ESTATICO não equivale a teste manual nem a aceitação em hardware real.
DUCK-1669;Auditoria;tipagem;limite operacional;PARCIAL;src/components/studio/views/audit.tsx;Matriz automatizada de cobertura. CONFIRMADO_ESTATICO não equivale a teste manual nem a aceitação em hardware real.
DUCK-1670;Auditoria;tipagem;aceitação de entrega;REVISAO_HUMANA;src/components/studio/views/audit.tsx;Matriz automatizada de cobertura. CONFIRMADO_ESTATICO não equivale a teste manual nem a aceitação em hardware real.
DUCK-1671;Auditoria;rastreabilidade;inspeção estática;CONFIRMADO_ESTATICO;src/components/studio/views/audit.tsx;Matriz automatizada de cobertura. CONFIRMADO_ESTATICO não equivale a teste manual nem a aceitação em hardware real.
DUCK-1672;Auditoria;rastreabilidade;prova estrutural;CONFIRMADO_ESTATICO;src/components/studio/views/audit.tsx;Matriz automatizada de cobertura. CONFIRMADO_ESTATICO não equivale a teste manual nem a aceitação em hardware real.
DUCK-1673;Auditoria;rastreabilidade;evidência disponível;CONFIRMADO_ESTATICO;src/components/studio/views/audit.tsx;Matriz automatizada de cobertura. CONFIRMADO_ESTATICO não equivale a teste manual nem a aceitação em hardware real.
DUCK-1674;Auditoria;rastreabilidade;limite operacional;PARCIAL;src/components/studio/views/audit.tsx;Matriz automatizada de cobertura. CONFIRMADO_ESTATICO não equivale a teste manual nem a aceitação em hardware real.
DUCK-1675;Auditoria;rastreabilidade;aceitação de entrega;REVISAO_HUMANA;src/components/studio/views/audit.tsx;Matriz automatizada de cobertura. CONFIRMADO_ESTATICO não equivale a teste manual nem a aceitação em hardware real.
DUCK-1676;Auditoria;evidência visual;inspeção estática;CONFIRMADO_ESTATICO;src/components/studio/views/audit.tsx;Matriz automatizada de cobertura. CONFIRMADO_ESTATICO não equivale a teste manual nem a aceitação em hardware real.
DUCK-1677;Auditoria;evidência visual;prova estrutural;CONFIRMADO_ESTATICO;src/components/studio/views/audit.tsx;Matriz automatizada de cobertura. CONFIRMADO_ESTATICO não equivale a teste manual nem a aceitação em hardware real.
DUCK-1678;Auditoria;evidência visual;evidência disponível;CONFIRMADO_ESTATICO;src/components/studio/views/audit.tsx;Matriz automatizada de cobertura. CONFIRMADO_ESTATICO não equivale a teste manual nem a aceitação em hardware real.
DUCK-1679;Auditoria;evidência visual;limite operacional;PARCIAL;src/components/studio/views/audit.tsx;Matriz automatizada de cobertura. CONFIRMADO_ESTATICO não equivale a teste manual nem a aceitação em hardware real.
DUCK-1680;Auditoria;evidência visual;aceitação de entrega;REVISAO_HUMANA;src/components/studio/views/audit.tsx;Matriz automatizada de cobertura. CONFIRMADO_ESTATICO não equivale a teste manual nem a aceitação em hardware real.
DUCK-1681;Auditoria;documentação;inspeção estática;CONFIRMADO_ESTATICO;src/components/studio/views/audit.tsx;Matriz automatizada de cobertura. CONFIRMADO_ESTATICO não equivale a teste manual nem a aceitação em hardware real.
DUCK-1682;Auditoria;documentação;prova estrutural;CONFIRMADO_ESTATICO;src/components/studio/views/audit.tsx;Matriz automatizada de cobertura. CONFIRMADO_ESTATICO não equivale a teste manual nem a aceitação em hardware real.
DUCK-1683;Auditoria;documentação;evidência disponível;CONFIRMADO_ESTATICO;src/components/studio/views/audit.tsx;Matriz automatizada de cobertura. CONFIRMADO_ESTATICO não equivale a teste manual nem a aceitação em hardware real.
DUCK-1684;Auditoria;documentação;limite operacional;PARCIAL;src/components/studio/views/audit.tsx;Matriz automatizada de cobertura. CONFIRMADO_ESTATICO não equivale a teste manual nem a aceitação em hardware real.
DUCK-1685;Auditoria;documentação;aceitação de entrega;REVISAO_HUMANA;src/components/studio/views/audit.tsx;Matriz automatizada de cobertura. CONFIRMADO_ESTATICO não equivale a teste manual nem a aceitação em hardware real.
DUCK-1686;Auditoria;recuperação;inspeção estática;CONFIRMADO_ESTATICO;src/components/studio/views/audit.tsx;Matriz automatizada de cobertura. CONFIRMADO_ESTATICO não equivale a teste manual nem a aceitação em hardware real.
DUCK-1687;Auditoria;recuperação;prova estrutural;CONFIRMADO_ESTATICO;src/components/studio/views/audit.tsx;Matriz automatizada de cobertura. CONFIRMADO_ESTATICO não equivale a teste manual nem a aceitação em hardware real.
DUCK-1688;Auditoria;recuperação;evidência disponível;CONFIRMADO_ESTATICO;src/components/studio/views/audit.tsx;Matriz automatizada de cobertura. CONFIRMADO_ESTATICO não equivale a teste manual nem a aceitação em hardware real.
DUCK-1689;Auditoria;recuperação;limite operacional;PARCIAL;src/components/studio/views/audit.tsx;Matriz automatizada de cobertura. CONFIRMADO_ESTATICO não equivale a teste manual nem a aceitação em hardware real.
DUCK-1690;Auditoria;recuperação;aceitação de entrega;REVISAO_HUMANA;src/components/studio/views/audit.tsx;Matriz automatizada de cobertura. CONFIRMADO_ESTATICO não equivale a teste manual nem a aceitação em hardware real.
DUCK-1691;Auditoria;exportação;inspeção estática;CONFIRMADO_ESTATICO;src/components/studio/views/audit.tsx;Matriz automatizada de cobertura. CONFIRMADO_ESTATICO não equivale a teste manual nem a aceitação em hardware real.
DUCK-1692;Auditoria;exportação;prova estrutural;CONFIRMADO_ESTATICO;src/components/studio/views/audit.tsx;Matriz automatizada de cobertura. CONFIRMADO_ESTATICO não equivale a teste manual nem a aceitação em hardware real.
DUCK-1693;Auditoria;exportação;evidência disponível;CONFIRMADO_ESTATICO;src/components/studio/views/audit.tsx;Matriz automatizada de cobertura. CONFIRMADO_ESTATICO não equivale a teste manual nem a aceitação em hardware real.
DUCK-1694;Auditoria;exportação;limite operacional;PARCIAL;src/components/studio/views/audit.tsx;Matriz automatizada de cobertura. CONFIRMADO_ESTATICO não equivale a teste manual nem a aceitação em hardware real.
DUCK-1695;Auditoria;exportação;aceitação de entrega;REVISAO_HUMANA;src/components/studio/views/audit.tsx;Matriz automatizada de cobertura. CONFIRMADO_ESTATICO não equivale a teste manual nem a aceitação em hardware real.
DUCK-1696;Auditoria;entrega;inspeção estática;CONFIRMADO_ESTATICO;src/components/studio/views/audit.tsx;Matriz automatizada de cobertura. CONFIRMADO_ESTATICO não equivale a teste manual nem a aceitação em hardware real.
DUCK-1697;Auditoria;entrega;prova estrutural;CONFIRMADO_ESTATICO;src/components/studio/views/audit.tsx;Matriz automatizada de cobertura. CONFIRMADO_ESTATICO não equivale a teste manual nem a aceitação em hardware real.
DUCK-1698;Auditoria;entrega;evidência disponível;CONFIRMADO_ESTATICO;src/components/studio/views/audit.tsx;Matriz automatizada de cobertura. CONFIRMADO_ESTATICO não equivale a teste manual nem a aceitação em hardware real.
DUCK-1699;Auditoria;entrega;limite operacional;PARCIAL;src/components/studio/views/audit.tsx;Matriz automatizada de cobertura. CONFIRMADO_ESTATICO não equivale a teste manual nem a aceitação em hardware real.
DUCK-1700;Auditoria;entrega;aceitação de entrega;REVISAO_HUMANA;src/components/studio/views/audit.tsx;Matriz automatizada de cobertura. CONFIRMADO_ESTATICO não equivale a teste manual nem a aceitação em hardware real.
DUCK-1701;CRM;presença funcional;inspeção estática;CONFIRMADO_ESTATICO;src/components/studio/views/crm.tsx;Matriz automatizada de cobertura. CONFIRMADO_ESTATICO não equivale a teste manual nem a aceitação em hardware real.
DUCK-1702;CRM;presença funcional;prova estrutural;CONFIRMADO_ESTATICO;src/components/studio/views/crm.tsx;Matriz automatizada de cobertura. CONFIRMADO_ESTATICO não equivale a teste manual nem a aceitação em hardware real.
DUCK-1703;CRM;presença funcional;evidência disponível;CONFIRMADO_ESTATICO;src/components/studio/views/crm.tsx;Matriz automatizada de cobertura. CONFIRMADO_ESTATICO não equivale a teste manual nem a aceitação em hardware real.
DUCK-1704;CRM;presença funcional;limite operacional;PARCIAL;src/components/studio/views/crm.tsx;Matriz automatizada de cobertura. CONFIRMADO_ESTATICO não equivale a teste manual nem a aceitação em hardware real.
DUCK-1705;CRM;presença funcional;aceitação de entrega;REVISAO_HUMANA;src/components/studio/views/crm.tsx;Matriz automatizada de cobertura. CONFIRMADO_ESTATICO não equivale a teste manual nem a aceitação em hardware real.
DUCK-1706;CRM;consistência de estados;inspeção estática;CONFIRMADO_ESTATICO;src/components/studio/views/crm.tsx;Matriz automatizada de cobertura. CONFIRMADO_ESTATICO não equivale a teste manual nem a aceitação em hardware real.
DUCK-1707;CRM;consistência de estados;prova estrutural;CONFIRMADO_ESTATICO;src/components/studio/views/crm.tsx;Matriz automatizada de cobertura. CONFIRMADO_ESTATICO não equivale a teste manual nem a aceitação em hardware real.
DUCK-1708;CRM;consistência de estados;evidência disponível;CONFIRMADO_ESTATICO;src/components/studio/views/crm.tsx;Matriz automatizada de cobertura. CONFIRMADO_ESTATICO não equivale a teste manual nem a aceitação em hardware real.
DUCK-1709;CRM;consistência de estados;limite operacional;PARCIAL;src/components/studio/views/crm.tsx;Matriz automatizada de cobertura. CONFIRMADO_ESTATICO não equivale a teste manual nem a aceitação em hardware real.
DUCK-1710;CRM;consistência de estados;aceitação de entrega;REVISAO_HUMANA;src/components/studio/views/crm.tsx;Matriz automatizada de cobertura. CONFIRMADO_ESTATICO não equivale a teste manual nem a aceitação em hardware real.
DUCK-1711;CRM;clareza de feedback;inspeção estática;CONFIRMADO_ESTATICO;src/components/studio/views/crm.tsx;Matriz automatizada de cobertura. CONFIRMADO_ESTATICO não equivale a teste manual nem a aceitação em hardware real.
DUCK-1712;CRM;clareza de feedback;prova estrutural;CONFIRMADO_ESTATICO;src/components/studio/views/crm.tsx;Matriz automatizada de cobertura. CONFIRMADO_ESTATICO não equivale a teste manual nem a aceitação em hardware real.
DUCK-1713;CRM;clareza de feedback;evidência disponível;CONFIRMADO_ESTATICO;src/components/studio/views/crm.tsx;Matriz automatizada de cobertura. CONFIRMADO_ESTATICO não equivale a teste manual nem a aceitação em hardware real.
DUCK-1714;CRM;clareza de feedback;limite operacional;PARCIAL;src/components/studio/views/crm.tsx;Matriz automatizada de cobertura. CONFIRMADO_ESTATICO não equivale a teste manual nem a aceitação em hardware real.
DUCK-1715;CRM;clareza de feedback;aceitação de entrega;REVISAO_HUMANA;src/components/studio/views/crm.tsx;Matriz automatizada de cobertura. CONFIRMADO_ESTATICO não equivale a teste manual nem a aceitação em hardware real.
DUCK-1716;CRM;tratamento de erro;inspeção estática;CONFIRMADO_ESTATICO;src/components/studio/views/crm.tsx;Matriz automatizada de cobertura. CONFIRMADO_ESTATICO não equivale a teste manual nem a aceitação em hardware real.
DUCK-1717;CRM;tratamento de erro;prova estrutural;CONFIRMADO_ESTATICO;src/components/studio/views/crm.tsx;Matriz automatizada de cobertura. CONFIRMADO_ESTATICO não equivale a teste manual nem a aceitação em hardware real.
DUCK-1718;CRM;tratamento de erro;evidência disponível;CONFIRMADO_ESTATICO;src/components/studio/views/crm.tsx;Matriz automatizada de cobertura. CONFIRMADO_ESTATICO não equivale a teste manual nem a aceitação em hardware real.
DUCK-1719;CRM;tratamento de erro;limite operacional;PARCIAL;src/components/studio/views/crm.tsx;Matriz automatizada de cobertura. CONFIRMADO_ESTATICO não equivale a teste manual nem a aceitação em hardware real.
DUCK-1720;CRM;tratamento de erro;aceitação de entrega;REVISAO_HUMANA;src/components/studio/views/crm.tsx;Matriz automatizada de cobertura. CONFIRMADO_ESTATICO não equivale a teste manual nem a aceitação em hardware real.
DUCK-1721;CRM;navegação por teclado;inspeção estática;CONFIRMADO_ESTATICO;src/components/studio/views/crm.tsx;Matriz automatizada de cobertura. CONFIRMADO_ESTATICO não equivale a teste manual nem a aceitação em hardware real.
DUCK-1722;CRM;navegação por teclado;prova estrutural;CONFIRMADO_ESTATICO;src/components/studio/views/crm.tsx;Matriz automatizada de cobertura. CONFIRMADO_ESTATICO não equivale a teste manual nem a aceitação em hardware real.
DUCK-1723;CRM;navegação por teclado;evidência disponível;CONFIRMADO_ESTATICO;src/components/studio/views/crm.tsx;Matriz automatizada de cobertura. CONFIRMADO_ESTATICO não equivale a teste manual nem a aceitação em hardware real.
DUCK-1724;CRM;navegação por teclado;limite operacional;PARCIAL;src/components/studio/views/crm.tsx;Matriz automatizada de cobertura. CONFIRMADO_ESTATICO não equivale a teste manual nem a aceitação em hardware real.
DUCK-1725;CRM;navegação por teclado;aceitação de entrega;REVISAO_HUMANA;src/components/studio/views/crm.tsx;Matriz automatizada de cobertura. CONFIRMADO_ESTATICO não equivale a teste manual nem a aceitação em hardware real.
DUCK-1726;CRM;legibilidade;inspeção estática;CONFIRMADO_ESTATICO;src/components/studio/views/crm.tsx;Matriz automatizada de cobertura. CONFIRMADO_ESTATICO não equivale a teste manual nem a aceitação em hardware real.
DUCK-1727;CRM;legibilidade;prova estrutural;CONFIRMADO_ESTATICO;src/components/studio/views/crm.tsx;Matriz automatizada de cobertura. CONFIRMADO_ESTATICO não equivale a teste manual nem a aceitação em hardware real.
DUCK-1728;CRM;legibilidade;evidência disponível;CONFIRMADO_ESTATICO;src/components/studio/views/crm.tsx;Matriz automatizada de cobertura. CONFIRMADO_ESTATICO não equivale a teste manual nem a aceitação em hardware real.
DUCK-1729;CRM;legibilidade;limite operacional;PARCIAL;src/components/studio/views/crm.tsx;Matriz automatizada de cobertura. CONFIRMADO_ESTATICO não equivale a teste manual nem a aceitação em hardware real.
DUCK-1730;CRM;legibilidade;aceitação de entrega;REVISAO_HUMANA;src/components/studio/views/crm.tsx;Matriz automatizada de cobertura. CONFIRMADO_ESTATICO não equivale a teste manual nem a aceitação em hardware real.
DUCK-1731;CRM;contraste;inspeção estática;CONFIRMADO_ESTATICO;src/components/studio/views/crm.tsx;Matriz automatizada de cobertura. CONFIRMADO_ESTATICO não equivale a teste manual nem a aceitação em hardware real.
DUCK-1732;CRM;contraste;prova estrutural;CONFIRMADO_ESTATICO;src/components/studio/views/crm.tsx;Matriz automatizada de cobertura. CONFIRMADO_ESTATICO não equivale a teste manual nem a aceitação em hardware real.
DUCK-1733;CRM;contraste;evidência disponível;CONFIRMADO_ESTATICO;src/components/studio/views/crm.tsx;Matriz automatizada de cobertura. CONFIRMADO_ESTATICO não equivale a teste manual nem a aceitação em hardware real.
DUCK-1734;CRM;contraste;limite operacional;PARCIAL;src/components/studio/views/crm.tsx;Matriz automatizada de cobertura. CONFIRMADO_ESTATICO não equivale a teste manual nem a aceitação em hardware real.
DUCK-1735;CRM;contraste;aceitação de entrega;REVISAO_HUMANA;src/components/studio/views/crm.tsx;Matriz automatizada de cobertura. CONFIRMADO_ESTATICO não equivale a teste manual nem a aceitação em hardware real.
DUCK-1736;CRM;responsividade;inspeção estática;CONFIRMADO_ESTATICO;src/components/studio/views/crm.tsx;Matriz automatizada de cobertura. CONFIRMADO_ESTATICO não equivale a teste manual nem a aceitação em hardware real.
DUCK-1737;CRM;responsividade;prova estrutural;CONFIRMADO_ESTATICO;src/components/studio/views/crm.tsx;Matriz automatizada de cobertura. CONFIRMADO_ESTATICO não equivale a teste manual nem a aceitação em hardware real.
DUCK-1738;CRM;responsividade;evidência disponível;CONFIRMADO_ESTATICO;src/components/studio/views/crm.tsx;Matriz automatizada de cobertura. CONFIRMADO_ESTATICO não equivale a teste manual nem a aceitação em hardware real.
DUCK-1739;CRM;responsividade;limite operacional;PARCIAL;src/components/studio/views/crm.tsx;Matriz automatizada de cobertura. CONFIRMADO_ESTATICO não equivale a teste manual nem a aceitação em hardware real.
DUCK-1740;CRM;responsividade;aceitação de entrega;REVISAO_HUMANA;src/components/studio/views/crm.tsx;Matriz automatizada de cobertura. CONFIRMADO_ESTATICO não equivale a teste manual nem a aceitação em hardware real.
DUCK-1741;CRM;persistência;inspeção estática;CONFIRMADO_ESTATICO;src/components/studio/views/crm.tsx;Matriz automatizada de cobertura. CONFIRMADO_ESTATICO não equivale a teste manual nem a aceitação em hardware real.
DUCK-1742;CRM;persistência;prova estrutural;CONFIRMADO_ESTATICO;src/components/studio/views/crm.tsx;Matriz automatizada de cobertura. CONFIRMADO_ESTATICO não equivale a teste manual nem a aceitação em hardware real.
DUCK-1743;CRM;persistência;evidência disponível;CONFIRMADO_ESTATICO;src/components/studio/views/crm.tsx;Matriz automatizada de cobertura. CONFIRMADO_ESTATICO não equivale a teste manual nem a aceitação em hardware real.
DUCK-1744;CRM;persistência;limite operacional;PARCIAL;src/components/studio/views/crm.tsx;Matriz automatizada de cobertura. CONFIRMADO_ESTATICO não equivale a teste manual nem a aceitação em hardware real.
DUCK-1745;CRM;persistência;aceitação de entrega;REVISAO_HUMANA;src/components/studio/views/crm.tsx;Matriz automatizada de cobertura. CONFIRMADO_ESTATICO não equivale a teste manual nem a aceitação em hardware real.
DUCK-1746;CRM;segurança de entrada;inspeção estática;CONFIRMADO_ESTATICO;src/components/studio/views/crm.tsx;Matriz automatizada de cobertura. CONFIRMADO_ESTATICO não equivale a teste manual nem a aceitação em hardware real.
DUCK-1747;CRM;segurança de entrada;prova estrutural;CONFIRMADO_ESTATICO;src/components/studio/views/crm.tsx;Matriz automatizada de cobertura. CONFIRMADO_ESTATICO não equivale a teste manual nem a aceitação em hardware real.
DUCK-1748;CRM;segurança de entrada;evidência disponível;CONFIRMADO_ESTATICO;src/components/studio/views/crm.tsx;Matriz automatizada de cobertura. CONFIRMADO_ESTATICO não equivale a teste manual nem a aceitação em hardware real.
DUCK-1749;CRM;segurança de entrada;limite operacional;PARCIAL;src/components/studio/views/crm.tsx;Matriz automatizada de cobertura. CONFIRMADO_ESTATICO não equivale a teste manual nem a aceitação em hardware real.
DUCK-1750;CRM;segurança de entrada;aceitação de entrega;REVISAO_HUMANA;src/components/studio/views/crm.tsx;Matriz automatizada de cobertura. CONFIRMADO_ESTATICO não equivale a teste manual nem a aceitação em hardware real.
DUCK-1751;CRM;privacidade;inspeção estática;CONFIRMADO_ESTATICO;src/components/studio/views/crm.tsx;Matriz automatizada de cobertura. CONFIRMADO_ESTATICO não equivale a teste manual nem a aceitação em hardware real.
DUCK-1752;CRM;privacidade;prova estrutural;CONFIRMADO_ESTATICO;src/components/studio/views/crm.tsx;Matriz automatizada de cobertura. CONFIRMADO_ESTATICO não equivale a teste manual nem a aceitação em hardware real.
DUCK-1753;CRM;privacidade;evidência disponível;CONFIRMADO_ESTATICO;src/components/studio/views/crm.tsx;Matriz automatizada de cobertura. CONFIRMADO_ESTATICO não equivale a teste manual nem a aceitação em hardware real.
DUCK-1754;CRM;privacidade;limite operacional;PARCIAL;src/components/studio/views/crm.tsx;Matriz automatizada de cobertura. CONFIRMADO_ESTATICO não equivale a teste manual nem a aceitação em hardware real.
DUCK-1755;CRM;privacidade;aceitação de entrega;REVISAO_HUMANA;src/components/studio/views/crm.tsx;Matriz automatizada de cobertura. CONFIRMADO_ESTATICO não equivale a teste manual nem a aceitação em hardware real.
DUCK-1756;CRM;desempenho;inspeção estática;CONFIRMADO_ESTATICO;src/components/studio/views/crm.tsx;Matriz automatizada de cobertura. CONFIRMADO_ESTATICO não equivale a teste manual nem a aceitação em hardware real.
DUCK-1757;CRM;desempenho;prova estrutural;CONFIRMADO_ESTATICO;src/components/studio/views/crm.tsx;Matriz automatizada de cobertura. CONFIRMADO_ESTATICO não equivale a teste manual nem a aceitação em hardware real.
DUCK-1758;CRM;desempenho;evidência disponível;CONFIRMADO_ESTATICO;src/components/studio/views/crm.tsx;Matriz automatizada de cobertura. CONFIRMADO_ESTATICO não equivale a teste manual nem a aceitação em hardware real.
DUCK-1759;CRM;desempenho;limite operacional;PARCIAL;src/components/studio/views/crm.tsx;Matriz automatizada de cobertura. CONFIRMADO_ESTATICO não equivale a teste manual nem a aceitação em hardware real.
DUCK-1760;CRM;desempenho;aceitação de entrega;REVISAO_HUMANA;src/components/studio/views/crm.tsx;Matriz automatizada de cobertura. CONFIRMADO_ESTATICO não equivale a teste manual nem a aceitação em hardware real.
DUCK-1761;CRM;manutenibilidade;inspeção estática;CONFIRMADO_ESTATICO;src/components/studio/views/crm.tsx;Matriz automatizada de cobertura. CONFIRMADO_ESTATICO não equivale a teste manual nem a aceitação em hardware real.
DUCK-1762;CRM;manutenibilidade;prova estrutural;CONFIRMADO_ESTATICO;src/components/studio/views/crm.tsx;Matriz automatizada de cobertura. CONFIRMADO_ESTATICO não equivale a teste manual nem a aceitação em hardware real.
DUCK-1763;CRM;manutenibilidade;evidência disponível;CONFIRMADO_ESTATICO;src/components/studio/views/crm.tsx;Matriz automatizada de cobertura. CONFIRMADO_ESTATICO não equivale a teste manual nem a aceitação em hardware real.
DUCK-1764;CRM;manutenibilidade;limite operacional;PARCIAL;src/components/studio/views/crm.tsx;Matriz automatizada de cobertura. CONFIRMADO_ESTATICO não equivale a teste manual nem a aceitação em hardware real.
DUCK-1765;CRM;manutenibilidade;aceitação de entrega;REVISAO_HUMANA;src/components/studio/views/crm.tsx;Matriz automatizada de cobertura. CONFIRMADO_ESTATICO não equivale a teste manual nem a aceitação em hardware real.
DUCK-1766;CRM;tipagem;inspeção estática;CONFIRMADO_ESTATICO;src/components/studio/views/crm.tsx;Matriz automatizada de cobertura. CONFIRMADO_ESTATICO não equivale a teste manual nem a aceitação em hardware real.
DUCK-1767;CRM;tipagem;prova estrutural;CONFIRMADO_ESTATICO;src/components/studio/views/crm.tsx;Matriz automatizada de cobertura. CONFIRMADO_ESTATICO não equivale a teste manual nem a aceitação em hardware real.
DUCK-1768;CRM;tipagem;evidência disponível;CONFIRMADO_ESTATICO;src/components/studio/views/crm.tsx;Matriz automatizada de cobertura. CONFIRMADO_ESTATICO não equivale a teste manual nem a aceitação em hardware real.
DUCK-1769;CRM;tipagem;limite operacional;PARCIAL;src/components/studio/views/crm.tsx;Matriz automatizada de cobertura. CONFIRMADO_ESTATICO não equivale a teste manual nem a aceitação em hardware real.
DUCK-1770;CRM;tipagem;aceitação de entrega;REVISAO_HUMANA;src/components/studio/views/crm.tsx;Matriz automatizada de cobertura. CONFIRMADO_ESTATICO não equivale a teste manual nem a aceitação em hardware real.
DUCK-1771;CRM;rastreabilidade;inspeção estática;CONFIRMADO_ESTATICO;src/components/studio/views/crm.tsx;Matriz automatizada de cobertura. CONFIRMADO_ESTATICO não equivale a teste manual nem a aceitação em hardware real.
DUCK-1772;CRM;rastreabilidade;prova estrutural;CONFIRMADO_ESTATICO;src/components/studio/views/crm.tsx;Matriz automatizada de cobertura. CONFIRMADO_ESTATICO não equivale a teste manual nem a aceitação em hardware real.
DUCK-1773;CRM;rastreabilidade;evidência disponível;CONFIRMADO_ESTATICO;src/components/studio/views/crm.tsx;Matriz automatizada de cobertura. CONFIRMADO_ESTATICO não equivale a teste manual nem a aceitação em hardware real.
DUCK-1774;CRM;rastreabilidade;limite operacional;PARCIAL;src/components/studio/views/crm.tsx;Matriz automatizada de cobertura. CONFIRMADO_ESTATICO não equivale a teste manual nem a aceitação em hardware real.
DUCK-1775;CRM;rastreabilidade;aceitação de entrega;REVISAO_HUMANA;src/components/studio/views/crm.tsx;Matriz automatizada de cobertura. CONFIRMADO_ESTATICO não equivale a teste manual nem a aceitação em hardware real.
DUCK-1776;CRM;evidência visual;inspeção estática;CONFIRMADO_ESTATICO;src/components/studio/views/crm.tsx;Matriz automatizada de cobertura. CONFIRMADO_ESTATICO não equivale a teste manual nem a aceitação em hardware real.
DUCK-1777;CRM;evidência visual;prova estrutural;CONFIRMADO_ESTATICO;src/components/studio/views/crm.tsx;Matriz automatizada de cobertura. CONFIRMADO_ESTATICO não equivale a teste manual nem a aceitação em hardware real.
DUCK-1778;CRM;evidência visual;evidência disponível;CONFIRMADO_ESTATICO;src/components/studio/views/crm.tsx;Matriz automatizada de cobertura. CONFIRMADO_ESTATICO não equivale a teste manual nem a aceitação em hardware real.
DUCK-1779;CRM;evidência visual;limite operacional;PARCIAL;src/components/studio/views/crm.tsx;Matriz automatizada de cobertura. CONFIRMADO_ESTATICO não equivale a teste manual nem a aceitação em hardware real.
DUCK-1780;CRM;evidência visual;aceitação de entrega;REVISAO_HUMANA;src/components/studio/views/crm.tsx;Matriz automatizada de cobertura. CONFIRMADO_ESTATICO não equivale a teste manual nem a aceitação em hardware real.
DUCK-1781;CRM;documentação;inspeção estática;CONFIRMADO_ESTATICO;src/components/studio/views/crm.tsx;Matriz automatizada de cobertura. CONFIRMADO_ESTATICO não equivale a teste manual nem a aceitação em hardware real.
DUCK-1782;CRM;documentação;prova estrutural;CONFIRMADO_ESTATICO;src/components/studio/views/crm.tsx;Matriz automatizada de cobertura. CONFIRMADO_ESTATICO não equivale a teste manual nem a aceitação em hardware real.
DUCK-1783;CRM;documentação;evidência disponível;CONFIRMADO_ESTATICO;src/components/studio/views/crm.tsx;Matriz automatizada de cobertura. CONFIRMADO_ESTATICO não equivale a teste manual nem a aceitação em hardware real.
DUCK-1784;CRM;documentação;limite operacional;PARCIAL;src/components/studio/views/crm.tsx;Matriz automatizada de cobertura. CONFIRMADO_ESTATICO não equivale a teste manual nem a aceitação em hardware real.
DUCK-1785;CRM;documentação;aceitação de entrega;REVISAO_HUMANA;src/components/studio/views/crm.tsx;Matriz automatizada de cobertura. CONFIRMADO_ESTATICO não equivale a teste manual nem a aceitação em hardware real.
DUCK-1786;CRM;recuperação;inspeção estática;CONFIRMADO_ESTATICO;src/components/studio/views/crm.tsx;Matriz automatizada de cobertura. CONFIRMADO_ESTATICO não equivale a teste manual nem a aceitação em hardware real.
DUCK-1787;CRM;recuperação;prova estrutural;CONFIRMADO_ESTATICO;src/components/studio/views/crm.tsx;Matriz automatizada de cobertura. CONFIRMADO_ESTATICO não equivale a teste manual nem a aceitação em hardware real.
DUCK-1788;CRM;recuperação;evidência disponível;CONFIRMADO_ESTATICO;src/components/studio/views/crm.tsx;Matriz automatizada de cobertura. CONFIRMADO_ESTATICO não equivale a teste manual nem a aceitação em hardware real.
DUCK-1789;CRM;recuperação;limite operacional;PARCIAL;src/components/studio/views/crm.tsx;Matriz automatizada de cobertura. CONFIRMADO_ESTATICO não equivale a teste manual nem a aceitação em hardware real.
DUCK-1790;CRM;recuperação;aceitação de entrega;REVISAO_HUMANA;src/components/studio/views/crm.tsx;Matriz automatizada de cobertura. CONFIRMADO_ESTATICO não equivale a teste manual nem a aceitação em hardware real.
DUCK-1791;CRM;exportação;inspeção estática;CONFIRMADO_ESTATICO;src/components/studio/views/crm.tsx;Matriz automatizada de cobertura. CONFIRMADO_ESTATICO não equivale a teste manual nem a aceitação em hardware real.
DUCK-1792;CRM;exportação;prova estrutural;CONFIRMADO_ESTATICO;src/components/studio/views/crm.tsx;Matriz automatizada de cobertura. CONFIRMADO_ESTATICO não equivale a teste manual nem a aceitação em hardware real.
DUCK-1793;CRM;exportação;evidência disponível;CONFIRMADO_ESTATICO;src/components/studio/views/crm.tsx;Matriz automatizada de cobertura. CONFIRMADO_ESTATICO não equivale a teste manual nem a aceitação em hardware real.
DUCK-1794;CRM;exportação;limite operacional;PARCIAL;src/components/studio/views/crm.tsx;Matriz automatizada de cobertura. CONFIRMADO_ESTATICO não equivale a teste manual nem a aceitação em hardware real.
DUCK-1795;CRM;exportação;aceitação de entrega;REVISAO_HUMANA;src/components/studio/views/crm.tsx;Matriz automatizada de cobertura. CONFIRMADO_ESTATICO não equivale a teste manual nem a aceitação em hardware real.
DUCK-1796;CRM;entrega;inspeção estática;CONFIRMADO_ESTATICO;src/components/studio/views/crm.tsx;Matriz automatizada de cobertura. CONFIRMADO_ESTATICO não equivale a teste manual nem a aceitação em hardware real.
DUCK-1797;CRM;entrega;prova estrutural;CONFIRMADO_ESTATICO;src/components/studio/views/crm.tsx;Matriz automatizada de cobertura. CONFIRMADO_ESTATICO não equivale a teste manual nem a aceitação em hardware real.
DUCK-1798;CRM;entrega;evidência disponível;CONFIRMADO_ESTATICO;src/components/studio/views/crm.tsx;Matriz automatizada de cobertura. CONFIRMADO_ESTATICO não equivale a teste manual nem a aceitação em hardware real.
DUCK-1799;CRM;entrega;limite operacional;PARCIAL;src/components/studio/views/crm.tsx;Matriz automatizada de cobertura. CONFIRMADO_ESTATICO não equivale a teste manual nem a aceitação em hardware real.
DUCK-1800;CRM;entrega;aceitação de entrega;REVISAO_HUMANA;src/components/studio/views/crm.tsx;Matriz automatizada de cobertura. CONFIRMADO_ESTATICO não equivale a teste manual nem a aceitação em hardware real.
DUCK-1801;Projetos;presença funcional;inspeção estática;CONFIRMADO_ESTATICO;src/components/studio/views/projects.tsx;Matriz automatizada de cobertura. CONFIRMADO_ESTATICO não equivale a teste manual nem a aceitação em hardware real.
DUCK-1802;Projetos;presença funcional;prova estrutural;CONFIRMADO_ESTATICO;src/components/studio/views/projects.tsx;Matriz automatizada de cobertura. CONFIRMADO_ESTATICO não equivale a teste manual nem a aceitação em hardware real.
DUCK-1803;Projetos;presença funcional;evidência disponível;CONFIRMADO_ESTATICO;src/components/studio/views/projects.tsx;Matriz automatizada de cobertura. CONFIRMADO_ESTATICO não equivale a teste manual nem a aceitação em hardware real.
DUCK-1804;Projetos;presença funcional;limite operacional;PARCIAL;src/components/studio/views/projects.tsx;Matriz automatizada de cobertura. CONFIRMADO_ESTATICO não equivale a teste manual nem a aceitação em hardware real.
DUCK-1805;Projetos;presença funcional;aceitação de entrega;REVISAO_HUMANA;src/components/studio/views/projects.tsx;Matriz automatizada de cobertura. CONFIRMADO_ESTATICO não equivale a teste manual nem a aceitação em hardware real.
DUCK-1806;Projetos;consistência de estados;inspeção estática;CONFIRMADO_ESTATICO;src/components/studio/views/projects.tsx;Matriz automatizada de cobertura. CONFIRMADO_ESTATICO não equivale a teste manual nem a aceitação em hardware real.
DUCK-1807;Projetos;consistência de estados;prova estrutural;CONFIRMADO_ESTATICO;src/components/studio/views/projects.tsx;Matriz automatizada de cobertura. CONFIRMADO_ESTATICO não equivale a teste manual nem a aceitação em hardware real.
DUCK-1808;Projetos;consistência de estados;evidência disponível;CONFIRMADO_ESTATICO;src/components/studio/views/projects.tsx;Matriz automatizada de cobertura. CONFIRMADO_ESTATICO não equivale a teste manual nem a aceitação em hardware real.
DUCK-1809;Projetos;consistência de estados;limite operacional;PARCIAL;src/components/studio/views/projects.tsx;Matriz automatizada de cobertura. CONFIRMADO_ESTATICO não equivale a teste manual nem a aceitação em hardware real.
DUCK-1810;Projetos;consistência de estados;aceitação de entrega;REVISAO_HUMANA;src/components/studio/views/projects.tsx;Matriz automatizada de cobertura. CONFIRMADO_ESTATICO não equivale a teste manual nem a aceitação em hardware real.
DUCK-1811;Projetos;clareza de feedback;inspeção estática;CONFIRMADO_ESTATICO;src/components/studio/views/projects.tsx;Matriz automatizada de cobertura. CONFIRMADO_ESTATICO não equivale a teste manual nem a aceitação em hardware real.
DUCK-1812;Projetos;clareza de feedback;prova estrutural;CONFIRMADO_ESTATICO;src/components/studio/views/projects.tsx;Matriz automatizada de cobertura. CONFIRMADO_ESTATICO não equivale a teste manual nem a aceitação em hardware real.
DUCK-1813;Projetos;clareza de feedback;evidência disponível;CONFIRMADO_ESTATICO;src/components/studio/views/projects.tsx;Matriz automatizada de cobertura. CONFIRMADO_ESTATICO não equivale a teste manual nem a aceitação em hardware real.
DUCK-1814;Projetos;clareza de feedback;limite operacional;PARCIAL;src/components/studio/views/projects.tsx;Matriz automatizada de cobertura. CONFIRMADO_ESTATICO não equivale a teste manual nem a aceitação em hardware real.
DUCK-1815;Projetos;clareza de feedback;aceitação de entrega;REVISAO_HUMANA;src/components/studio/views/projects.tsx;Matriz automatizada de cobertura. CONFIRMADO_ESTATICO não equivale a teste manual nem a aceitação em hardware real.
DUCK-1816;Projetos;tratamento de erro;inspeção estática;CONFIRMADO_ESTATICO;src/components/studio/views/projects.tsx;Matriz automatizada de cobertura. CONFIRMADO_ESTATICO não equivale a teste manual nem a aceitação em hardware real.
DUCK-1817;Projetos;tratamento de erro;prova estrutural;CONFIRMADO_ESTATICO;src/components/studio/views/projects.tsx;Matriz automatizada de cobertura. CONFIRMADO_ESTATICO não equivale a teste manual nem a aceitação em hardware real.
DUCK-1818;Projetos;tratamento de erro;evidência disponível;CONFIRMADO_ESTATICO;src/components/studio/views/projects.tsx;Matriz automatizada de cobertura. CONFIRMADO_ESTATICO não equivale a teste manual nem a aceitação em hardware real.
DUCK-1819;Projetos;tratamento de erro;limite operacional;PARCIAL;src/components/studio/views/projects.tsx;Matriz automatizada de cobertura. CONFIRMADO_ESTATICO não equivale a teste manual nem a aceitação em hardware real.
DUCK-1820;Projetos;tratamento de erro;aceitação de entrega;REVISAO_HUMANA;src/components/studio/views/projects.tsx;Matriz automatizada de cobertura. CONFIRMADO_ESTATICO não equivale a teste manual nem a aceitação em hardware real.
DUCK-1821;Projetos;navegação por teclado;inspeção estática;CONFIRMADO_ESTATICO;src/components/studio/views/projects.tsx;Matriz automatizada de cobertura. CONFIRMADO_ESTATICO não equivale a teste manual nem a aceitação em hardware real.
DUCK-1822;Projetos;navegação por teclado;prova estrutural;CONFIRMADO_ESTATICO;src/components/studio/views/projects.tsx;Matriz automatizada de cobertura. CONFIRMADO_ESTATICO não equivale a teste manual nem a aceitação em hardware real.
DUCK-1823;Projetos;navegação por teclado;evidência disponível;CONFIRMADO_ESTATICO;src/components/studio/views/projects.tsx;Matriz automatizada de cobertura. CONFIRMADO_ESTATICO não equivale a teste manual nem a aceitação em hardware real.
DUCK-1824;Projetos;navegação por teclado;limite operacional;PARCIAL;src/components/studio/views/projects.tsx;Matriz automatizada de cobertura. CONFIRMADO_ESTATICO não equivale a teste manual nem a aceitação em hardware real.
DUCK-1825;Projetos;navegação por teclado;aceitação de entrega;REVISAO_HUMANA;src/components/studio/views/projects.tsx;Matriz automatizada de cobertura. CONFIRMADO_ESTATICO não equivale a teste manual nem a aceitação em hardware real.
DUCK-1826;Projetos;legibilidade;inspeção estática;CONFIRMADO_ESTATICO;src/components/studio/views/projects.tsx;Matriz automatizada de cobertura. CONFIRMADO_ESTATICO não equivale a teste manual nem a aceitação em hardware real.
DUCK-1827;Projetos;legibilidade;prova estrutural;CONFIRMADO_ESTATICO;src/components/studio/views/projects.tsx;Matriz automatizada de cobertura. CONFIRMADO_ESTATICO não equivale a teste manual nem a aceitação em hardware real.
DUCK-1828;Projetos;legibilidade;evidência disponível;CONFIRMADO_ESTATICO;src/components/studio/views/projects.tsx;Matriz automatizada de cobertura. CONFIRMADO_ESTATICO não equivale a teste manual nem a aceitação em hardware real.
DUCK-1829;Projetos;legibilidade;limite operacional;PARCIAL;src/components/studio/views/projects.tsx;Matriz automatizada de cobertura. CONFIRMADO_ESTATICO não equivale a teste manual nem a aceitação em hardware real.
DUCK-1830;Projetos;legibilidade;aceitação de entrega;REVISAO_HUMANA;src/components/studio/views/projects.tsx;Matriz automatizada de cobertura. CONFIRMADO_ESTATICO não equivale a teste manual nem a aceitação em hardware real.
DUCK-1831;Projetos;contraste;inspeção estática;CONFIRMADO_ESTATICO;src/components/studio/views/projects.tsx;Matriz automatizada de cobertura. CONFIRMADO_ESTATICO não equivale a teste manual nem a aceitação em hardware real.
DUCK-1832;Projetos;contraste;prova estrutural;CONFIRMADO_ESTATICO;src/components/studio/views/projects.tsx;Matriz automatizada de cobertura. CONFIRMADO_ESTATICO não equivale a teste manual nem a aceitação em hardware real.
DUCK-1833;Projetos;contraste;evidência disponível;CONFIRMADO_ESTATICO;src/components/studio/views/projects.tsx;Matriz automatizada de cobertura. CONFIRMADO_ESTATICO não equivale a teste manual nem a aceitação em hardware real.
DUCK-1834;Projetos;contraste;limite operacional;PARCIAL;src/components/studio/views/projects.tsx;Matriz automatizada de cobertura. CONFIRMADO_ESTATICO não equivale a teste manual nem a aceitação em hardware real.
DUCK-1835;Projetos;contraste;aceitação de entrega;REVISAO_HUMANA;src/components/studio/views/projects.tsx;Matriz automatizada de cobertura. CONFIRMADO_ESTATICO não equivale a teste manual nem a aceitação em hardware real.
DUCK-1836;Projetos;responsividade;inspeção estática;CONFIRMADO_ESTATICO;src/components/studio/views/projects.tsx;Matriz automatizada de cobertura. CONFIRMADO_ESTATICO não equivale a teste manual nem a aceitação em hardware real.
DUCK-1837;Projetos;responsividade;prova estrutural;CONFIRMADO_ESTATICO;src/components/studio/views/projects.tsx;Matriz automatizada de cobertura. CONFIRMADO_ESTATICO não equivale a teste manual nem a aceitação em hardware real.
DUCK-1838;Projetos;responsividade;evidência disponível;CONFIRMADO_ESTATICO;src/components/studio/views/projects.tsx;Matriz automatizada de cobertura. CONFIRMADO_ESTATICO não equivale a teste manual nem a aceitação em hardware real.
DUCK-1839;Projetos;responsividade;limite operacional;PARCIAL;src/components/studio/views/projects.tsx;Matriz automatizada de cobertura. CONFIRMADO_ESTATICO não equivale a teste manual nem a aceitação em hardware real.
DUCK-1840;Projetos;responsividade;aceitação de entrega;REVISAO_HUMANA;src/components/studio/views/projects.tsx;Matriz automatizada de cobertura. CONFIRMADO_ESTATICO não equivale a teste manual nem a aceitação em hardware real.
DUCK-1841;Projetos;persistência;inspeção estática;CONFIRMADO_ESTATICO;src/components/studio/views/projects.tsx;Matriz automatizada de cobertura. CONFIRMADO_ESTATICO não equivale a teste manual nem a aceitação em hardware real.
DUCK-1842;Projetos;persistência;prova estrutural;CONFIRMADO_ESTATICO;src/components/studio/views/projects.tsx;Matriz automatizada de cobertura. CONFIRMADO_ESTATICO não equivale a teste manual nem a aceitação em hardware real.
DUCK-1843;Projetos;persistência;evidência disponível;CONFIRMADO_ESTATICO;src/components/studio/views/projects.tsx;Matriz automatizada de cobertura. CONFIRMADO_ESTATICO não equivale a teste manual nem a aceitação em hardware real.
DUCK-1844;Projetos;persistência;limite operacional;PARCIAL;src/components/studio/views/projects.tsx;Matriz automatizada de cobertura. CONFIRMADO_ESTATICO não equivale a teste manual nem a aceitação em hardware real.
DUCK-1845;Projetos;persistência;aceitação de entrega;REVISAO_HUMANA;src/components/studio/views/projects.tsx;Matriz automatizada de cobertura. CONFIRMADO_ESTATICO não equivale a teste manual nem a aceitação em hardware real.
DUCK-1846;Projetos;segurança de entrada;inspeção estática;CONFIRMADO_ESTATICO;src/components/studio/views/projects.tsx;Matriz automatizada de cobertura. CONFIRMADO_ESTATICO não equivale a teste manual nem a aceitação em hardware real.
DUCK-1847;Projetos;segurança de entrada;prova estrutural;CONFIRMADO_ESTATICO;src/components/studio/views/projects.tsx;Matriz automatizada de cobertura. CONFIRMADO_ESTATICO não equivale a teste manual nem a aceitação em hardware real.
DUCK-1848;Projetos;segurança de entrada;evidência disponível;CONFIRMADO_ESTATICO;src/components/studio/views/projects.tsx;Matriz automatizada de cobertura. CONFIRMADO_ESTATICO não equivale a teste manual nem a aceitação em hardware real.
DUCK-1849;Projetos;segurança de entrada;limite operacional;PARCIAL;src/components/studio/views/projects.tsx;Matriz automatizada de cobertura. CONFIRMADO_ESTATICO não equivale a teste manual nem a aceitação em hardware real.
DUCK-1850;Projetos;segurança de entrada;aceitação de entrega;REVISAO_HUMANA;src/components/studio/views/projects.tsx;Matriz automatizada de cobertura. CONFIRMADO_ESTATICO não equivale a teste manual nem a aceitação em hardware real.
DUCK-1851;Projetos;privacidade;inspeção estática;CONFIRMADO_ESTATICO;src/components/studio/views/projects.tsx;Matriz automatizada de cobertura. CONFIRMADO_ESTATICO não equivale a teste manual nem a aceitação em hardware real.
DUCK-1852;Projetos;privacidade;prova estrutural;CONFIRMADO_ESTATICO;src/components/studio/views/projects.tsx;Matriz automatizada de cobertura. CONFIRMADO_ESTATICO não equivale a teste manual nem a aceitação em hardware real.
DUCK-1853;Projetos;privacidade;evidência disponível;CONFIRMADO_ESTATICO;src/components/studio/views/projects.tsx;Matriz automatizada de cobertura. CONFIRMADO_ESTATICO não equivale a teste manual nem a aceitação em hardware real.
DUCK-1854;Projetos;privacidade;limite operacional;PARCIAL;src/components/studio/views/projects.tsx;Matriz automatizada de cobertura. CONFIRMADO_ESTATICO não equivale a teste manual nem a aceitação em hardware real.
DUCK-1855;Projetos;privacidade;aceitação de entrega;REVISAO_HUMANA;src/components/studio/views/projects.tsx;Matriz automatizada de cobertura. CONFIRMADO_ESTATICO não equivale a teste manual nem a aceitação em hardware real.
DUCK-1856;Projetos;desempenho;inspeção estática;CONFIRMADO_ESTATICO;src/components/studio/views/projects.tsx;Matriz automatizada de cobertura. CONFIRMADO_ESTATICO não equivale a teste manual nem a aceitação em hardware real.
DUCK-1857;Projetos;desempenho;prova estrutural;CONFIRMADO_ESTATICO;src/components/studio/views/projects.tsx;Matriz automatizada de cobertura. CONFIRMADO_ESTATICO não equivale a teste manual nem a aceitação em hardware real.
DUCK-1858;Projetos;desempenho;evidência disponível;CONFIRMADO_ESTATICO;src/components/studio/views/projects.tsx;Matriz automatizada de cobertura. CONFIRMADO_ESTATICO não equivale a teste manual nem a aceitação em hardware real.
DUCK-1859;Projetos;desempenho;limite operacional;PARCIAL;src/components/studio/views/projects.tsx;Matriz automatizada de cobertura. CONFIRMADO_ESTATICO não equivale a teste manual nem a aceitação em hardware real.
DUCK-1860;Projetos;desempenho;aceitação de entrega;REVISAO_HUMANA;src/components/studio/views/projects.tsx;Matriz automatizada de cobertura. CONFIRMADO_ESTATICO não equivale a teste manual nem a aceitação em hardware real.
DUCK-1861;Projetos;manutenibilidade;inspeção estática;CONFIRMADO_ESTATICO;src/components/studio/views/projects.tsx;Matriz automatizada de cobertura. CONFIRMADO_ESTATICO não equivale a teste manual nem a aceitação em hardware real.
DUCK-1862;Projetos;manutenibilidade;prova estrutural;CONFIRMADO_ESTATICO;src/components/studio/views/projects.tsx;Matriz automatizada de cobertura. CONFIRMADO_ESTATICO não equivale a teste manual nem a aceitação em hardware real.
DUCK-1863;Projetos;manutenibilidade;evidência disponível;CONFIRMADO_ESTATICO;src/components/studio/views/projects.tsx;Matriz automatizada de cobertura. CONFIRMADO_ESTATICO não equivale a teste manual nem a aceitação em hardware real.
DUCK-1864;Projetos;manutenibilidade;limite operacional;PARCIAL;src/components/studio/views/projects.tsx;Matriz automatizada de cobertura. CONFIRMADO_ESTATICO não equivale a teste manual nem a aceitação em hardware real.
DUCK-1865;Projetos;manutenibilidade;aceitação de entrega;REVISAO_HUMANA;src/components/studio/views/projects.tsx;Matriz automatizada de cobertura. CONFIRMADO_ESTATICO não equivale a teste manual nem a aceitação em hardware real.
DUCK-1866;Projetos;tipagem;inspeção estática;CONFIRMADO_ESTATICO;src/components/studio/views/projects.tsx;Matriz automatizada de cobertura. CONFIRMADO_ESTATICO não equivale a teste manual nem a aceitação em hardware real.
DUCK-1867;Projetos;tipagem;prova estrutural;CONFIRMADO_ESTATICO;src/components/studio/views/projects.tsx;Matriz automatizada de cobertura. CONFIRMADO_ESTATICO não equivale a teste manual nem a aceitação em hardware real.
DUCK-1868;Projetos;tipagem;evidência disponível;CONFIRMADO_ESTATICO;src/components/studio/views/projects.tsx;Matriz automatizada de cobertura. CONFIRMADO_ESTATICO não equivale a teste manual nem a aceitação em hardware real.
DUCK-1869;Projetos;tipagem;limite operacional;PARCIAL;src/components/studio/views/projects.tsx;Matriz automatizada de cobertura. CONFIRMADO_ESTATICO não equivale a teste manual nem a aceitação em hardware real.
DUCK-1870;Projetos;tipagem;aceitação de entrega;REVISAO_HUMANA;src/components/studio/views/projects.tsx;Matriz automatizada de cobertura. CONFIRMADO_ESTATICO não equivale a teste manual nem a aceitação em hardware real.
DUCK-1871;Projetos;rastreabilidade;inspeção estática;CONFIRMADO_ESTATICO;src/components/studio/views/projects.tsx;Matriz automatizada de cobertura. CONFIRMADO_ESTATICO não equivale a teste manual nem a aceitação em hardware real.
DUCK-1872;Projetos;rastreabilidade;prova estrutural;CONFIRMADO_ESTATICO;src/components/studio/views/projects.tsx;Matriz automatizada de cobertura. CONFIRMADO_ESTATICO não equivale a teste manual nem a aceitação em hardware real.
DUCK-1873;Projetos;rastreabilidade;evidência disponível;CONFIRMADO_ESTATICO;src/components/studio/views/projects.tsx;Matriz automatizada de cobertura. CONFIRMADO_ESTATICO não equivale a teste manual nem a aceitação em hardware real.
DUCK-1874;Projetos;rastreabilidade;limite operacional;PARCIAL;src/components/studio/views/projects.tsx;Matriz automatizada de cobertura. CONFIRMADO_ESTATICO não equivale a teste manual nem a aceitação em hardware real.
DUCK-1875;Projetos;rastreabilidade;aceitação de entrega;REVISAO_HUMANA;src/components/studio/views/projects.tsx;Matriz automatizada de cobertura. CONFIRMADO_ESTATICO não equivale a teste manual nem a aceitação em hardware real.
DUCK-1876;Projetos;evidência visual;inspeção estática;CONFIRMADO_ESTATICO;src/components/studio/views/projects.tsx;Matriz automatizada de cobertura. CONFIRMADO_ESTATICO não equivale a teste manual nem a aceitação em hardware real.
DUCK-1877;Projetos;evidência visual;prova estrutural;CONFIRMADO_ESTATICO;src/components/studio/views/projects.tsx;Matriz automatizada de cobertura. CONFIRMADO_ESTATICO não equivale a teste manual nem a aceitação em hardware real.
DUCK-1878;Projetos;evidência visual;evidência disponível;CONFIRMADO_ESTATICO;src/components/studio/views/projects.tsx;Matriz automatizada de cobertura. CONFIRMADO_ESTATICO não equivale a teste manual nem a aceitação em hardware real.
DUCK-1879;Projetos;evidência visual;limite operacional;PARCIAL;src/components/studio/views/projects.tsx;Matriz automatizada de cobertura. CONFIRMADO_ESTATICO não equivale a teste manual nem a aceitação em hardware real.
DUCK-1880;Projetos;evidência visual;aceitação de entrega;REVISAO_HUMANA;src/components/studio/views/projects.tsx;Matriz automatizada de cobertura. CONFIRMADO_ESTATICO não equivale a teste manual nem a aceitação em hardware real.
DUCK-1881;Projetos;documentação;inspeção estática;CONFIRMADO_ESTATICO;src/components/studio/views/projects.tsx;Matriz automatizada de cobertura. CONFIRMADO_ESTATICO não equivale a teste manual nem a aceitação em hardware real.
DUCK-1882;Projetos;documentação;prova estrutural;CONFIRMADO_ESTATICO;src/components/studio/views/projects.tsx;Matriz automatizada de cobertura. CONFIRMADO_ESTATICO não equivale a teste manual nem a aceitação em hardware real.
DUCK-1883;Projetos;documentação;evidência disponível;CONFIRMADO_ESTATICO;src/components/studio/views/projects.tsx;Matriz automatizada de cobertura. CONFIRMADO_ESTATICO não equivale a teste manual nem a aceitação em hardware real.
DUCK-1884;Projetos;documentação;limite operacional;PARCIAL;src/components/studio/views/projects.tsx;Matriz automatizada de cobertura. CONFIRMADO_ESTATICO não equivale a teste manual nem a aceitação em hardware real.
DUCK-1885;Projetos;documentação;aceitação de entrega;REVISAO_HUMANA;src/components/studio/views/projects.tsx;Matriz automatizada de cobertura. CONFIRMADO_ESTATICO não equivale a teste manual nem a aceitação em hardware real.
DUCK-1886;Projetos;recuperação;inspeção estática;CONFIRMADO_ESTATICO;src/components/studio/views/projects.tsx;Matriz automatizada de cobertura. CONFIRMADO_ESTATICO não equivale a teste manual nem a aceitação em hardware real.
DUCK-1887;Projetos;recuperação;prova estrutural;CONFIRMADO_ESTATICO;src/components/studio/views/projects.tsx;Matriz automatizada de cobertura. CONFIRMADO_ESTATICO não equivale a teste manual nem a aceitação em hardware real.
DUCK-1888;Projetos;recuperação;evidência disponível;CONFIRMADO_ESTATICO;src/components/studio/views/projects.tsx;Matriz automatizada de cobertura. CONFIRMADO_ESTATICO não equivale a teste manual nem a aceitação em hardware real.
DUCK-1889;Projetos;recuperação;limite operacional;PARCIAL;src/components/studio/views/projects.tsx;Matriz automatizada de cobertura. CONFIRMADO_ESTATICO não equivale a teste manual nem a aceitação em hardware real.
DUCK-1890;Projetos;recuperação;aceitação de entrega;REVISAO_HUMANA;src/components/studio/views/projects.tsx;Matriz automatizada de cobertura. CONFIRMADO_ESTATICO não equivale a teste manual nem a aceitação em hardware real.
DUCK-1891;Projetos;exportação;inspeção estática;CONFIRMADO_ESTATICO;src/components/studio/views/projects.tsx;Matriz automatizada de cobertura. CONFIRMADO_ESTATICO não equivale a teste manual nem a aceitação em hardware real.
DUCK-1892;Projetos;exportação;prova estrutural;CONFIRMADO_ESTATICO;src/components/studio/views/projects.tsx;Matriz automatizada de cobertura. CONFIRMADO_ESTATICO não equivale a teste manual nem a aceitação em hardware real.
DUCK-1893;Projetos;exportação;evidência disponível;CONFIRMADO_ESTATICO;src/components/studio/views/projects.tsx;Matriz automatizada de cobertura. CONFIRMADO_ESTATICO não equivale a teste manual nem a aceitação em hardware real.
DUCK-1894;Projetos;exportação;limite operacional;PARCIAL;src/components/studio/views/projects.tsx;Matriz automatizada de cobertura. CONFIRMADO_ESTATICO não equivale a teste manual nem a aceitação em hardware real.
DUCK-1895;Projetos;exportação;aceitação de entrega;REVISAO_HUMANA;src/components/studio/views/projects.tsx;Matriz automatizada de cobertura. CONFIRMADO_ESTATICO não equivale a teste manual nem a aceitação em hardware real.
DUCK-1896;Projetos;entrega;inspeção estática;CONFIRMADO_ESTATICO;src/components/studio/views/projects.tsx;Matriz automatizada de cobertura. CONFIRMADO_ESTATICO não equivale a teste manual nem a aceitação em hardware real.
DUCK-1897;Projetos;entrega;prova estrutural;CONFIRMADO_ESTATICO;src/components/studio/views/projects.tsx;Matriz automatizada de cobertura. CONFIRMADO_ESTATICO não equivale a teste manual nem a aceitação em hardware real.
DUCK-1898;Projetos;entrega;evidência disponível;CONFIRMADO_ESTATICO;src/components/studio/views/projects.tsx;Matriz automatizada de cobertura. CONFIRMADO_ESTATICO não equivale a teste manual nem a aceitação em hardware real.
DUCK-1899;Projetos;entrega;limite operacional;PARCIAL;src/components/studio/views/projects.tsx;Matriz automatizada de cobertura. CONFIRMADO_ESTATICO não equivale a teste manual nem a aceitação em hardware real.
DUCK-1900;Projetos;entrega;aceitação de entrega;REVISAO_HUMANA;src/components/studio/views/projects.tsx;Matriz automatizada de cobertura. CONFIRMADO_ESTATICO não equivale a teste manual nem a aceitação em hardware real.
DUCK-1901;Canal do cliente;presença funcional;inspeção estática;CONFIRMADO_ESTATICO;src/components/studio/views/client-portal.tsx;Matriz automatizada de cobertura. CONFIRMADO_ESTATICO não equivale a teste manual nem a aceitação em hardware real.
DUCK-1902;Canal do cliente;presença funcional;prova estrutural;CONFIRMADO_ESTATICO;src/components/studio/views/client-portal.tsx;Matriz automatizada de cobertura. CONFIRMADO_ESTATICO não equivale a teste manual nem a aceitação em hardware real.
DUCK-1903;Canal do cliente;presença funcional;evidência disponível;CONFIRMADO_ESTATICO;src/components/studio/views/client-portal.tsx;Matriz automatizada de cobertura. CONFIRMADO_ESTATICO não equivale a teste manual nem a aceitação em hardware real.
DUCK-1904;Canal do cliente;presença funcional;limite operacional;PARCIAL;src/components/studio/views/client-portal.tsx;Matriz automatizada de cobertura. CONFIRMADO_ESTATICO não equivale a teste manual nem a aceitação em hardware real.
DUCK-1905;Canal do cliente;presença funcional;aceitação de entrega;REVISAO_HUMANA;src/components/studio/views/client-portal.tsx;Matriz automatizada de cobertura. CONFIRMADO_ESTATICO não equivale a teste manual nem a aceitação em hardware real.
DUCK-1906;Canal do cliente;consistência de estados;inspeção estática;CONFIRMADO_ESTATICO;src/components/studio/views/client-portal.tsx;Matriz automatizada de cobertura. CONFIRMADO_ESTATICO não equivale a teste manual nem a aceitação em hardware real.
DUCK-1907;Canal do cliente;consistência de estados;prova estrutural;CONFIRMADO_ESTATICO;src/components/studio/views/client-portal.tsx;Matriz automatizada de cobertura. CONFIRMADO_ESTATICO não equivale a teste manual nem a aceitação em hardware real.
DUCK-1908;Canal do cliente;consistência de estados;evidência disponível;CONFIRMADO_ESTATICO;src/components/studio/views/client-portal.tsx;Matriz automatizada de cobertura. CONFIRMADO_ESTATICO não equivale a teste manual nem a aceitação em hardware real.
DUCK-1909;Canal do cliente;consistência de estados;limite operacional;PARCIAL;src/components/studio/views/client-portal.tsx;Matriz automatizada de cobertura. CONFIRMADO_ESTATICO não equivale a teste manual nem a aceitação em hardware real.
DUCK-1910;Canal do cliente;consistência de estados;aceitação de entrega;REVISAO_HUMANA;src/components/studio/views/client-portal.tsx;Matriz automatizada de cobertura. CONFIRMADO_ESTATICO não equivale a teste manual nem a aceitação em hardware real.
DUCK-1911;Canal do cliente;clareza de feedback;inspeção estática;CONFIRMADO_ESTATICO;src/components/studio/views/client-portal.tsx;Matriz automatizada de cobertura. CONFIRMADO_ESTATICO não equivale a teste manual nem a aceitação em hardware real.
DUCK-1912;Canal do cliente;clareza de feedback;prova estrutural;CONFIRMADO_ESTATICO;src/components/studio/views/client-portal.tsx;Matriz automatizada de cobertura. CONFIRMADO_ESTATICO não equivale a teste manual nem a aceitação em hardware real.
DUCK-1913;Canal do cliente;clareza de feedback;evidência disponível;CONFIRMADO_ESTATICO;src/components/studio/views/client-portal.tsx;Matriz automatizada de cobertura. CONFIRMADO_ESTATICO não equivale a teste manual nem a aceitação em hardware real.
DUCK-1914;Canal do cliente;clareza de feedback;limite operacional;PARCIAL;src/components/studio/views/client-portal.tsx;Matriz automatizada de cobertura. CONFIRMADO_ESTATICO não equivale a teste manual nem a aceitação em hardware real.
DUCK-1915;Canal do cliente;clareza de feedback;aceitação de entrega;REVISAO_HUMANA;src/components/studio/views/client-portal.tsx;Matriz automatizada de cobertura. CONFIRMADO_ESTATICO não equivale a teste manual nem a aceitação em hardware real.
DUCK-1916;Canal do cliente;tratamento de erro;inspeção estática;CONFIRMADO_ESTATICO;src/components/studio/views/client-portal.tsx;Matriz automatizada de cobertura. CONFIRMADO_ESTATICO não equivale a teste manual nem a aceitação em hardware real.
DUCK-1917;Canal do cliente;tratamento de erro;prova estrutural;CONFIRMADO_ESTATICO;src/components/studio/views/client-portal.tsx;Matriz automatizada de cobertura. CONFIRMADO_ESTATICO não equivale a teste manual nem a aceitação em hardware real.
DUCK-1918;Canal do cliente;tratamento de erro;evidência disponível;CONFIRMADO_ESTATICO;src/components/studio/views/client-portal.tsx;Matriz automatizada de cobertura. CONFIRMADO_ESTATICO não equivale a teste manual nem a aceitação em hardware real.
DUCK-1919;Canal do cliente;tratamento de erro;limite operacional;PARCIAL;src/components/studio/views/client-portal.tsx;Matriz automatizada de cobertura. CONFIRMADO_ESTATICO não equivale a teste manual nem a aceitação em hardware real.
DUCK-1920;Canal do cliente;tratamento de erro;aceitação de entrega;REVISAO_HUMANA;src/components/studio/views/client-portal.tsx;Matriz automatizada de cobertura. CONFIRMADO_ESTATICO não equivale a teste manual nem a aceitação em hardware real.
DUCK-1921;Canal do cliente;navegação por teclado;inspeção estática;CONFIRMADO_ESTATICO;src/components/studio/views/client-portal.tsx;Matriz automatizada de cobertura. CONFIRMADO_ESTATICO não equivale a teste manual nem a aceitação em hardware real.
DUCK-1922;Canal do cliente;navegação por teclado;prova estrutural;CONFIRMADO_ESTATICO;src/components/studio/views/client-portal.tsx;Matriz automatizada de cobertura. CONFIRMADO_ESTATICO não equivale a teste manual nem a aceitação em hardware real.
DUCK-1923;Canal do cliente;navegação por teclado;evidência disponível;CONFIRMADO_ESTATICO;src/components/studio/views/client-portal.tsx;Matriz automatizada de cobertura. CONFIRMADO_ESTATICO não equivale a teste manual nem a aceitação em hardware real.
DUCK-1924;Canal do cliente;navegação por teclado;limite operacional;PARCIAL;src/components/studio/views/client-portal.tsx;Matriz automatizada de cobertura. CONFIRMADO_ESTATICO não equivale a teste manual nem a aceitação em hardware real.
DUCK-1925;Canal do cliente;navegação por teclado;aceitação de entrega;REVISAO_HUMANA;src/components/studio/views/client-portal.tsx;Matriz automatizada de cobertura. CONFIRMADO_ESTATICO não equivale a teste manual nem a aceitação em hardware real.
DUCK-1926;Canal do cliente;legibilidade;inspeção estática;CONFIRMADO_ESTATICO;src/components/studio/views/client-portal.tsx;Matriz automatizada de cobertura. CONFIRMADO_ESTATICO não equivale a teste manual nem a aceitação em hardware real.
DUCK-1927;Canal do cliente;legibilidade;prova estrutural;CONFIRMADO_ESTATICO;src/components/studio/views/client-portal.tsx;Matriz automatizada de cobertura. CONFIRMADO_ESTATICO não equivale a teste manual nem a aceitação em hardware real.
DUCK-1928;Canal do cliente;legibilidade;evidência disponível;CONFIRMADO_ESTATICO;src/components/studio/views/client-portal.tsx;Matriz automatizada de cobertura. CONFIRMADO_ESTATICO não equivale a teste manual nem a aceitação em hardware real.
DUCK-1929;Canal do cliente;legibilidade;limite operacional;PARCIAL;src/components/studio/views/client-portal.tsx;Matriz automatizada de cobertura. CONFIRMADO_ESTATICO não equivale a teste manual nem a aceitação em hardware real.
DUCK-1930;Canal do cliente;legibilidade;aceitação de entrega;REVISAO_HUMANA;src/components/studio/views/client-portal.tsx;Matriz automatizada de cobertura. CONFIRMADO_ESTATICO não equivale a teste manual nem a aceitação em hardware real.
DUCK-1931;Canal do cliente;contraste;inspeção estática;CONFIRMADO_ESTATICO;src/components/studio/views/client-portal.tsx;Matriz automatizada de cobertura. CONFIRMADO_ESTATICO não equivale a teste manual nem a aceitação em hardware real.
DUCK-1932;Canal do cliente;contraste;prova estrutural;CONFIRMADO_ESTATICO;src/components/studio/views/client-portal.tsx;Matriz automatizada de cobertura. CONFIRMADO_ESTATICO não equivale a teste manual nem a aceitação em hardware real.
DUCK-1933;Canal do cliente;contraste;evidência disponível;CONFIRMADO_ESTATICO;src/components/studio/views/client-portal.tsx;Matriz automatizada de cobertura. CONFIRMADO_ESTATICO não equivale a teste manual nem a aceitação em hardware real.
DUCK-1934;Canal do cliente;contraste;limite operacional;PARCIAL;src/components/studio/views/client-portal.tsx;Matriz automatizada de cobertura. CONFIRMADO_ESTATICO não equivale a teste manual nem a aceitação em hardware real.
DUCK-1935;Canal do cliente;contraste;aceitação de entrega;REVISAO_HUMANA;src/components/studio/views/client-portal.tsx;Matriz automatizada de cobertura. CONFIRMADO_ESTATICO não equivale a teste manual nem a aceitação em hardware real.
DUCK-1936;Canal do cliente;responsividade;inspeção estática;CONFIRMADO_ESTATICO;src/components/studio/views/client-portal.tsx;Matriz automatizada de cobertura. CONFIRMADO_ESTATICO não equivale a teste manual nem a aceitação em hardware real.
DUCK-1937;Canal do cliente;responsividade;prova estrutural;CONFIRMADO_ESTATICO;src/components/studio/views/client-portal.tsx;Matriz automatizada de cobertura. CONFIRMADO_ESTATICO não equivale a teste manual nem a aceitação em hardware real.
DUCK-1938;Canal do cliente;responsividade;evidência disponível;CONFIRMADO_ESTATICO;src/components/studio/views/client-portal.tsx;Matriz automatizada de cobertura. CONFIRMADO_ESTATICO não equivale a teste manual nem a aceitação em hardware real.
DUCK-1939;Canal do cliente;responsividade;limite operacional;PARCIAL;src/components/studio/views/client-portal.tsx;Matriz automatizada de cobertura. CONFIRMADO_ESTATICO não equivale a teste manual nem a aceitação em hardware real.
DUCK-1940;Canal do cliente;responsividade;aceitação de entrega;REVISAO_HUMANA;src/components/studio/views/client-portal.tsx;Matriz automatizada de cobertura. CONFIRMADO_ESTATICO não equivale a teste manual nem a aceitação em hardware real.
DUCK-1941;Canal do cliente;persistência;inspeção estática;CONFIRMADO_ESTATICO;src/components/studio/views/client-portal.tsx;Matriz automatizada de cobertura. CONFIRMADO_ESTATICO não equivale a teste manual nem a aceitação em hardware real.
DUCK-1942;Canal do cliente;persistência;prova estrutural;CONFIRMADO_ESTATICO;src/components/studio/views/client-portal.tsx;Matriz automatizada de cobertura. CONFIRMADO_ESTATICO não equivale a teste manual nem a aceitação em hardware real.
DUCK-1943;Canal do cliente;persistência;evidência disponível;CONFIRMADO_ESTATICO;src/components/studio/views/client-portal.tsx;Matriz automatizada de cobertura. CONFIRMADO_ESTATICO não equivale a teste manual nem a aceitação em hardware real.
DUCK-1944;Canal do cliente;persistência;limite operacional;PARCIAL;src/components/studio/views/client-portal.tsx;Matriz automatizada de cobertura. CONFIRMADO_ESTATICO não equivale a teste manual nem a aceitação em hardware real.
DUCK-1945;Canal do cliente;persistência;aceitação de entrega;REVISAO_HUMANA;src/components/studio/views/client-portal.tsx;Matriz automatizada de cobertura. CONFIRMADO_ESTATICO não equivale a teste manual nem a aceitação em hardware real.
DUCK-1946;Canal do cliente;segurança de entrada;inspeção estática;CONFIRMADO_ESTATICO;src/components/studio/views/client-portal.tsx;Matriz automatizada de cobertura. CONFIRMADO_ESTATICO não equivale a teste manual nem a aceitação em hardware real.
DUCK-1947;Canal do cliente;segurança de entrada;prova estrutural;CONFIRMADO_ESTATICO;src/components/studio/views/client-portal.tsx;Matriz automatizada de cobertura. CONFIRMADO_ESTATICO não equivale a teste manual nem a aceitação em hardware real.
DUCK-1948;Canal do cliente;segurança de entrada;evidência disponível;CONFIRMADO_ESTATICO;src/components/studio/views/client-portal.tsx;Matriz automatizada de cobertura. CONFIRMADO_ESTATICO não equivale a teste manual nem a aceitação em hardware real.
DUCK-1949;Canal do cliente;segurança de entrada;limite operacional;PARCIAL;src/components/studio/views/client-portal.tsx;Matriz automatizada de cobertura. CONFIRMADO_ESTATICO não equivale a teste manual nem a aceitação em hardware real.
DUCK-1950;Canal do cliente;segurança de entrada;aceitação de entrega;REVISAO_HUMANA;src/components/studio/views/client-portal.tsx;Matriz automatizada de cobertura. CONFIRMADO_ESTATICO não equivale a teste manual nem a aceitação em hardware real.
DUCK-1951;Canal do cliente;privacidade;inspeção estática;CONFIRMADO_ESTATICO;src/components/studio/views/client-portal.tsx;Matriz automatizada de cobertura. CONFIRMADO_ESTATICO não equivale a teste manual nem a aceitação em hardware real.
DUCK-1952;Canal do cliente;privacidade;prova estrutural;CONFIRMADO_ESTATICO;src/components/studio/views/client-portal.tsx;Matriz automatizada de cobertura. CONFIRMADO_ESTATICO não equivale a teste manual nem a aceitação em hardware real.
DUCK-1953;Canal do cliente;privacidade;evidência disponível;CONFIRMADO_ESTATICO;src/components/studio/views/client-portal.tsx;Matriz automatizada de cobertura. CONFIRMADO_ESTATICO não equivale a teste manual nem a aceitação em hardware real.
DUCK-1954;Canal do cliente;privacidade;limite operacional;PARCIAL;src/components/studio/views/client-portal.tsx;Matriz automatizada de cobertura. CONFIRMADO_ESTATICO não equivale a teste manual nem a aceitação em hardware real.
DUCK-1955;Canal do cliente;privacidade;aceitação de entrega;REVISAO_HUMANA;src/components/studio/views/client-portal.tsx;Matriz automatizada de cobertura. CONFIRMADO_ESTATICO não equivale a teste manual nem a aceitação em hardware real.
DUCK-1956;Canal do cliente;desempenho;inspeção estática;CONFIRMADO_ESTATICO;src/components/studio/views/client-portal.tsx;Matriz automatizada de cobertura. CONFIRMADO_ESTATICO não equivale a teste manual nem a aceitação em hardware real.
DUCK-1957;Canal do cliente;desempenho;prova estrutural;CONFIRMADO_ESTATICO;src/components/studio/views/client-portal.tsx;Matriz automatizada de cobertura. CONFIRMADO_ESTATICO não equivale a teste manual nem a aceitação em hardware real.
DUCK-1958;Canal do cliente;desempenho;evidência disponível;CONFIRMADO_ESTATICO;src/components/studio/views/client-portal.tsx;Matriz automatizada de cobertura. CONFIRMADO_ESTATICO não equivale a teste manual nem a aceitação em hardware real.
DUCK-1959;Canal do cliente;desempenho;limite operacional;PARCIAL;src/components/studio/views/client-portal.tsx;Matriz automatizada de cobertura. CONFIRMADO_ESTATICO não equivale a teste manual nem a aceitação em hardware real.
DUCK-1960;Canal do cliente;desempenho;aceitação de entrega;REVISAO_HUMANA;src/components/studio/views/client-portal.tsx;Matriz automatizada de cobertura. CONFIRMADO_ESTATICO não equivale a teste manual nem a aceitação em hardware real.
DUCK-1961;Canal do cliente;manutenibilidade;inspeção estática;CONFIRMADO_ESTATICO;src/components/studio/views/client-portal.tsx;Matriz automatizada de cobertura. CONFIRMADO_ESTATICO não equivale a teste manual nem a aceitação em hardware real.
DUCK-1962;Canal do cliente;manutenibilidade;prova estrutural;CONFIRMADO_ESTATICO;src/components/studio/views/client-portal.tsx;Matriz automatizada de cobertura. CONFIRMADO_ESTATICO não equivale a teste manual nem a aceitação em hardware real.
DUCK-1963;Canal do cliente;manutenibilidade;evidência disponível;CONFIRMADO_ESTATICO;src/components/studio/views/client-portal.tsx;Matriz automatizada de cobertura. CONFIRMADO_ESTATICO não equivale a teste manual nem a aceitação em hardware real.
DUCK-1964;Canal do cliente;manutenibilidade;limite operacional;PARCIAL;src/components/studio/views/client-portal.tsx;Matriz automatizada de cobertura. CONFIRMADO_ESTATICO não equivale a teste manual nem a aceitação em hardware real.
DUCK-1965;Canal do cliente;manutenibilidade;aceitação de entrega;REVISAO_HUMANA;src/components/studio/views/client-portal.tsx;Matriz automatizada de cobertura. CONFIRMADO_ESTATICO não equivale a teste manual nem a aceitação em hardware real.
DUCK-1966;Canal do cliente;tipagem;inspeção estática;CONFIRMADO_ESTATICO;src/components/studio/views/client-portal.tsx;Matriz automatizada de cobertura. CONFIRMADO_ESTATICO não equivale a teste manual nem a aceitação em hardware real.
DUCK-1967;Canal do cliente;tipagem;prova estrutural;CONFIRMADO_ESTATICO;src/components/studio/views/client-portal.tsx;Matriz automatizada de cobertura. CONFIRMADO_ESTATICO não equivale a teste manual nem a aceitação em hardware real.
DUCK-1968;Canal do cliente;tipagem;evidência disponível;CONFIRMADO_ESTATICO;src/components/studio/views/client-portal.tsx;Matriz automatizada de cobertura. CONFIRMADO_ESTATICO não equivale a teste manual nem a aceitação em hardware real.
DUCK-1969;Canal do cliente;tipagem;limite operacional;PARCIAL;src/components/studio/views/client-portal.tsx;Matriz automatizada de cobertura. CONFIRMADO_ESTATICO não equivale a teste manual nem a aceitação em hardware real.
DUCK-1970;Canal do cliente;tipagem;aceitação de entrega;REVISAO_HUMANA;src/components/studio/views/client-portal.tsx;Matriz automatizada de cobertura. CONFIRMADO_ESTATICO não equivale a teste manual nem a aceitação em hardware real.
DUCK-1971;Canal do cliente;rastreabilidade;inspeção estática;CONFIRMADO_ESTATICO;src/components/studio/views/client-portal.tsx;Matriz automatizada de cobertura. CONFIRMADO_ESTATICO não equivale a teste manual nem a aceitação em hardware real.
DUCK-1972;Canal do cliente;rastreabilidade;prova estrutural;CONFIRMADO_ESTATICO;src/components/studio/views/client-portal.tsx;Matriz automatizada de cobertura. CONFIRMADO_ESTATICO não equivale a teste manual nem a aceitação em hardware real.
DUCK-1973;Canal do cliente;rastreabilidade;evidência disponível;CONFIRMADO_ESTATICO;src/components/studio/views/client-portal.tsx;Matriz automatizada de cobertura. CONFIRMADO_ESTATICO não equivale a teste manual nem a aceitação em hardware real.
DUCK-1974;Canal do cliente;rastreabilidade;limite operacional;PARCIAL;src/components/studio/views/client-portal.tsx;Matriz automatizada de cobertura. CONFIRMADO_ESTATICO não equivale a teste manual nem a aceitação em hardware real.
DUCK-1975;Canal do cliente;rastreabilidade;aceitação de entrega;REVISAO_HUMANA;src/components/studio/views/client-portal.tsx;Matriz automatizada de cobertura. CONFIRMADO_ESTATICO não equivale a teste manual nem a aceitação em hardware real.
DUCK-1976;Canal do cliente;evidência visual;inspeção estática;CONFIRMADO_ESTATICO;src/components/studio/views/client-portal.tsx;Matriz automatizada de cobertura. CONFIRMADO_ESTATICO não equivale a teste manual nem a aceitação em hardware real.
DUCK-1977;Canal do cliente;evidência visual;prova estrutural;CONFIRMADO_ESTATICO;src/components/studio/views/client-portal.tsx;Matriz automatizada de cobertura. CONFIRMADO_ESTATICO não equivale a teste manual nem a aceitação em hardware real.
DUCK-1978;Canal do cliente;evidência visual;evidência disponível;CONFIRMADO_ESTATICO;src/components/studio/views/client-portal.tsx;Matriz automatizada de cobertura. CONFIRMADO_ESTATICO não equivale a teste manual nem a aceitação em hardware real.
DUCK-1979;Canal do cliente;evidência visual;limite operacional;PARCIAL;src/components/studio/views/client-portal.tsx;Matriz automatizada de cobertura. CONFIRMADO_ESTATICO não equivale a teste manual nem a aceitação em hardware real.
DUCK-1980;Canal do cliente;evidência visual;aceitação de entrega;REVISAO_HUMANA;src/components/studio/views/client-portal.tsx;Matriz automatizada de cobertura. CONFIRMADO_ESTATICO não equivale a teste manual nem a aceitação em hardware real.
DUCK-1981;Canal do cliente;documentação;inspeção estática;CONFIRMADO_ESTATICO;src/components/studio/views/client-portal.tsx;Matriz automatizada de cobertura. CONFIRMADO_ESTATICO não equivale a teste manual nem a aceitação em hardware real.
DUCK-1982;Canal do cliente;documentação;prova estrutural;CONFIRMADO_ESTATICO;src/components/studio/views/client-portal.tsx;Matriz automatizada de cobertura. CONFIRMADO_ESTATICO não equivale a teste manual nem a aceitação em hardware real.
DUCK-1983;Canal do cliente;documentação;evidência disponível;CONFIRMADO_ESTATICO;src/components/studio/views/client-portal.tsx;Matriz automatizada de cobertura. CONFIRMADO_ESTATICO não equivale a teste manual nem a aceitação em hardware real.
DUCK-1984;Canal do cliente;documentação;limite operacional;PARCIAL;src/components/studio/views/client-portal.tsx;Matriz automatizada de cobertura. CONFIRMADO_ESTATICO não equivale a teste manual nem a aceitação em hardware real.
DUCK-1985;Canal do cliente;documentação;aceitação de entrega;REVISAO_HUMANA;src/components/studio/views/client-portal.tsx;Matriz automatizada de cobertura. CONFIRMADO_ESTATICO não equivale a teste manual nem a aceitação em hardware real.
DUCK-1986;Canal do cliente;recuperação;inspeção estática;CONFIRMADO_ESTATICO;src/components/studio/views/client-portal.tsx;Matriz automatizada de cobertura. CONFIRMADO_ESTATICO não equivale a teste manual nem a aceitação em hardware real.
DUCK-1987;Canal do cliente;recuperação;prova estrutural;CONFIRMADO_ESTATICO;src/components/studio/views/client-portal.tsx;Matriz automatizada de cobertura. CONFIRMADO_ESTATICO não equivale a teste manual nem a aceitação em hardware real.
DUCK-1988;Canal do cliente;recuperação;evidência disponível;CONFIRMADO_ESTATICO;src/components/studio/views/client-portal.tsx;Matriz automatizada de cobertura. CONFIRMADO_ESTATICO não equivale a teste manual nem a aceitação em hardware real.
DUCK-1989;Canal do cliente;recuperação;limite operacional;PARCIAL;src/components/studio/views/client-portal.tsx;Matriz automatizada de cobertura. CONFIRMADO_ESTATICO não equivale a teste manual nem a aceitação em hardware real.
DUCK-1990;Canal do cliente;recuperação;aceitação de entrega;REVISAO_HUMANA;src/components/studio/views/client-portal.tsx;Matriz automatizada de cobertura. CONFIRMADO_ESTATICO não equivale a teste manual nem a aceitação em hardware real.
DUCK-1991;Canal do cliente;exportação;inspeção estática;CONFIRMADO_ESTATICO;src/components/studio/views/client-portal.tsx;Matriz automatizada de cobertura. CONFIRMADO_ESTATICO não equivale a teste manual nem a aceitação em hardware real.
DUCK-1992;Canal do cliente;exportação;prova estrutural;CONFIRMADO_ESTATICO;src/components/studio/views/client-portal.tsx;Matriz automatizada de cobertura. CONFIRMADO_ESTATICO não equivale a teste manual nem a aceitação em hardware real.
DUCK-1993;Canal do cliente;exportação;evidência disponível;CONFIRMADO_ESTATICO;src/components/studio/views/client-portal.tsx;Matriz automatizada de cobertura. CONFIRMADO_ESTATICO não equivale a teste manual nem a aceitação em hardware real.
DUCK-1994;Canal do cliente;exportação;limite operacional;PARCIAL;src/components/studio/views/client-portal.tsx;Matriz automatizada de cobertura. CONFIRMADO_ESTATICO não equivale a teste manual nem a aceitação em hardware real.
DUCK-1995;Canal do cliente;exportação;aceitação de entrega;REVISAO_HUMANA;src/components/studio/views/client-portal.tsx;Matriz automatizada de cobertura. CONFIRMADO_ESTATICO não equivale a teste manual nem a aceitação em hardware real.
DUCK-1996;Canal do cliente;entrega;inspeção estática;CONFIRMADO_ESTATICO;src/components/studio/views/client-portal.tsx;Matriz automatizada de cobertura. CONFIRMADO_ESTATICO não equivale a teste manual nem a aceitação em hardware real.
DUCK-1997;Canal do cliente;entrega;prova estrutural;CONFIRMADO_ESTATICO;src/components/studio/views/client-portal.tsx;Matriz automatizada de cobertura. CONFIRMADO_ESTATICO não equivale a teste manual nem a aceitação em hardware real.
DUCK-1998;Canal do cliente;entrega;evidência disponível;CONFIRMADO_ESTATICO;src/components/studio/views/client-portal.tsx;Matriz automatizada de cobertura. CONFIRMADO_ESTATICO não equivale a teste manual nem a aceitação em hardware real.
DUCK-1999;Canal do cliente;entrega;limite operacional;PARCIAL;src/components/studio/views/client-portal.tsx;Matriz automatizada de cobertura. CONFIRMADO_ESTATICO não equivale a teste manual nem a aceitação em hardware real.
DUCK-2000;Canal do cliente;entrega;aceitação de entrega;REVISAO_HUMANA;src/components/studio/views/client-portal.tsx;Matriz automatizada de cobertura. CONFIRMADO_ESTATICO não equivale a teste manual nem a aceitação em hardware real.
DUCK-2001;Revisões;presença funcional;inspeção estática;CONFIRMADO_ESTATICO;src/components/studio/views/project-detail.tsx;Matriz automatizada de cobertura. CONFIRMADO_ESTATICO não equivale a teste manual nem a aceitação em hardware real.
DUCK-2002;Revisões;presença funcional;prova estrutural;CONFIRMADO_ESTATICO;src/components/studio/views/project-detail.tsx;Matriz automatizada de cobertura. CONFIRMADO_ESTATICO não equivale a teste manual nem a aceitação em hardware real.
DUCK-2003;Revisões;presença funcional;evidência disponível;CONFIRMADO_ESTATICO;src/components/studio/views/project-detail.tsx;Matriz automatizada de cobertura. CONFIRMADO_ESTATICO não equivale a teste manual nem a aceitação em hardware real.
DUCK-2004;Revisões;presença funcional;limite operacional;PARCIAL;src/components/studio/views/project-detail.tsx;Matriz automatizada de cobertura. CONFIRMADO_ESTATICO não equivale a teste manual nem a aceitação em hardware real.
DUCK-2005;Revisões;presença funcional;aceitação de entrega;REVISAO_HUMANA;src/components/studio/views/project-detail.tsx;Matriz automatizada de cobertura. CONFIRMADO_ESTATICO não equivale a teste manual nem a aceitação em hardware real.
DUCK-2006;Revisões;consistência de estados;inspeção estática;CONFIRMADO_ESTATICO;src/components/studio/views/project-detail.tsx;Matriz automatizada de cobertura. CONFIRMADO_ESTATICO não equivale a teste manual nem a aceitação em hardware real.
DUCK-2007;Revisões;consistência de estados;prova estrutural;CONFIRMADO_ESTATICO;src/components/studio/views/project-detail.tsx;Matriz automatizada de cobertura. CONFIRMADO_ESTATICO não equivale a teste manual nem a aceitação em hardware real.
DUCK-2008;Revisões;consistência de estados;evidência disponível;CONFIRMADO_ESTATICO;src/components/studio/views/project-detail.tsx;Matriz automatizada de cobertura. CONFIRMADO_ESTATICO não equivale a teste manual nem a aceitação em hardware real.
DUCK-2009;Revisões;consistência de estados;limite operacional;PARCIAL;src/components/studio/views/project-detail.tsx;Matriz automatizada de cobertura. CONFIRMADO_ESTATICO não equivale a teste manual nem a aceitação em hardware real.
DUCK-2010;Revisões;consistência de estados;aceitação de entrega;REVISAO_HUMANA;src/components/studio/views/project-detail.tsx;Matriz automatizada de cobertura. CONFIRMADO_ESTATICO não equivale a teste manual nem a aceitação em hardware real.
DUCK-2011;Revisões;clareza de feedback;inspeção estática;CONFIRMADO_ESTATICO;src/components/studio/views/project-detail.tsx;Matriz automatizada de cobertura. CONFIRMADO_ESTATICO não equivale a teste manual nem a aceitação em hardware real.
DUCK-2012;Revisões;clareza de feedback;prova estrutural;CONFIRMADO_ESTATICO;src/components/studio/views/project-detail.tsx;Matriz automatizada de cobertura. CONFIRMADO_ESTATICO não equivale a teste manual nem a aceitação em hardware real.
DUCK-2013;Revisões;clareza de feedback;evidência disponível;CONFIRMADO_ESTATICO;src/components/studio/views/project-detail.tsx;Matriz automatizada de cobertura. CONFIRMADO_ESTATICO não equivale a teste manual nem a aceitação em hardware real.
DUCK-2014;Revisões;clareza de feedback;limite operacional;PARCIAL;src/components/studio/views/project-detail.tsx;Matriz automatizada de cobertura. CONFIRMADO_ESTATICO não equivale a teste manual nem a aceitação em hardware real.
DUCK-2015;Revisões;clareza de feedback;aceitação de entrega;REVISAO_HUMANA;src/components/studio/views/project-detail.tsx;Matriz automatizada de cobertura. CONFIRMADO_ESTATICO não equivale a teste manual nem a aceitação em hardware real.
DUCK-2016;Revisões;tratamento de erro;inspeção estática;CONFIRMADO_ESTATICO;src/components/studio/views/project-detail.tsx;Matriz automatizada de cobertura. CONFIRMADO_ESTATICO não equivale a teste manual nem a aceitação em hardware real.
DUCK-2017;Revisões;tratamento de erro;prova estrutural;CONFIRMADO_ESTATICO;src/components/studio/views/project-detail.tsx;Matriz automatizada de cobertura. CONFIRMADO_ESTATICO não equivale a teste manual nem a aceitação em hardware real.
DUCK-2018;Revisões;tratamento de erro;evidência disponível;CONFIRMADO_ESTATICO;src/components/studio/views/project-detail.tsx;Matriz automatizada de cobertura. CONFIRMADO_ESTATICO não equivale a teste manual nem a aceitação em hardware real.
DUCK-2019;Revisões;tratamento de erro;limite operacional;PARCIAL;src/components/studio/views/project-detail.tsx;Matriz automatizada de cobertura. CONFIRMADO_ESTATICO não equivale a teste manual nem a aceitação em hardware real.
DUCK-2020;Revisões;tratamento de erro;aceitação de entrega;REVISAO_HUMANA;src/components/studio/views/project-detail.tsx;Matriz automatizada de cobertura. CONFIRMADO_ESTATICO não equivale a teste manual nem a aceitação em hardware real.
DUCK-2021;Revisões;navegação por teclado;inspeção estática;CONFIRMADO_ESTATICO;src/components/studio/views/project-detail.tsx;Matriz automatizada de cobertura. CONFIRMADO_ESTATICO não equivale a teste manual nem a aceitação em hardware real.
DUCK-2022;Revisões;navegação por teclado;prova estrutural;CONFIRMADO_ESTATICO;src/components/studio/views/project-detail.tsx;Matriz automatizada de cobertura. CONFIRMADO_ESTATICO não equivale a teste manual nem a aceitação em hardware real.
DUCK-2023;Revisões;navegação por teclado;evidência disponível;CONFIRMADO_ESTATICO;src/components/studio/views/project-detail.tsx;Matriz automatizada de cobertura. CONFIRMADO_ESTATICO não equivale a teste manual nem a aceitação em hardware real.
DUCK-2024;Revisões;navegação por teclado;limite operacional;PARCIAL;src/components/studio/views/project-detail.tsx;Matriz automatizada de cobertura. CONFIRMADO_ESTATICO não equivale a teste manual nem a aceitação em hardware real.
DUCK-2025;Revisões;navegação por teclado;aceitação de entrega;REVISAO_HUMANA;src/components/studio/views/project-detail.tsx;Matriz automatizada de cobertura. CONFIRMADO_ESTATICO não equivale a teste manual nem a aceitação em hardware real.
DUCK-2026;Revisões;legibilidade;inspeção estática;CONFIRMADO_ESTATICO;src/components/studio/views/project-detail.tsx;Matriz automatizada de cobertura. CONFIRMADO_ESTATICO não equivale a teste manual nem a aceitação em hardware real.
DUCK-2027;Revisões;legibilidade;prova estrutural;CONFIRMADO_ESTATICO;src/components/studio/views/project-detail.tsx;Matriz automatizada de cobertura. CONFIRMADO_ESTATICO não equivale a teste manual nem a aceitação em hardware real.
DUCK-2028;Revisões;legibilidade;evidência disponível;CONFIRMADO_ESTATICO;src/components/studio/views/project-detail.tsx;Matriz automatizada de cobertura. CONFIRMADO_ESTATICO não equivale a teste manual nem a aceitação em hardware real.
DUCK-2029;Revisões;legibilidade;limite operacional;PARCIAL;src/components/studio/views/project-detail.tsx;Matriz automatizada de cobertura. CONFIRMADO_ESTATICO não equivale a teste manual nem a aceitação em hardware real.
DUCK-2030;Revisões;legibilidade;aceitação de entrega;REVISAO_HUMANA;src/components/studio/views/project-detail.tsx;Matriz automatizada de cobertura. CONFIRMADO_ESTATICO não equivale a teste manual nem a aceitação em hardware real.
DUCK-2031;Revisões;contraste;inspeção estática;CONFIRMADO_ESTATICO;src/components/studio/views/project-detail.tsx;Matriz automatizada de cobertura. CONFIRMADO_ESTATICO não equivale a teste manual nem a aceitação em hardware real.
DUCK-2032;Revisões;contraste;prova estrutural;CONFIRMADO_ESTATICO;src/components/studio/views/project-detail.tsx;Matriz automatizada de cobertura. CONFIRMADO_ESTATICO não equivale a teste manual nem a aceitação em hardware real.
DUCK-2033;Revisões;contraste;evidência disponível;CONFIRMADO_ESTATICO;src/components/studio/views/project-detail.tsx;Matriz automatizada de cobertura. CONFIRMADO_ESTATICO não equivale a teste manual nem a aceitação em hardware real.
DUCK-2034;Revisões;contraste;limite operacional;PARCIAL;src/components/studio/views/project-detail.tsx;Matriz automatizada de cobertura. CONFIRMADO_ESTATICO não equivale a teste manual nem a aceitação em hardware real.
DUCK-2035;Revisões;contraste;aceitação de entrega;REVISAO_HUMANA;src/components/studio/views/project-detail.tsx;Matriz automatizada de cobertura. CONFIRMADO_ESTATICO não equivale a teste manual nem a aceitação em hardware real.
DUCK-2036;Revisões;responsividade;inspeção estática;CONFIRMADO_ESTATICO;src/components/studio/views/project-detail.tsx;Matriz automatizada de cobertura. CONFIRMADO_ESTATICO não equivale a teste manual nem a aceitação em hardware real.
DUCK-2037;Revisões;responsividade;prova estrutural;CONFIRMADO_ESTATICO;src/components/studio/views/project-detail.tsx;Matriz automatizada de cobertura. CONFIRMADO_ESTATICO não equivale a teste manual nem a aceitação em hardware real.
DUCK-2038;Revisões;responsividade;evidência disponível;CONFIRMADO_ESTATICO;src/components/studio/views/project-detail.tsx;Matriz automatizada de cobertura. CONFIRMADO_ESTATICO não equivale a teste manual nem a aceitação em hardware real.
DUCK-2039;Revisões;responsividade;limite operacional;PARCIAL;src/components/studio/views/project-detail.tsx;Matriz automatizada de cobertura. CONFIRMADO_ESTATICO não equivale a teste manual nem a aceitação em hardware real.
DUCK-2040;Revisões;responsividade;aceitação de entrega;REVISAO_HUMANA;src/components/studio/views/project-detail.tsx;Matriz automatizada de cobertura. CONFIRMADO_ESTATICO não equivale a teste manual nem a aceitação em hardware real.
DUCK-2041;Revisões;persistência;inspeção estática;CONFIRMADO_ESTATICO;src/components/studio/views/project-detail.tsx;Matriz automatizada de cobertura. CONFIRMADO_ESTATICO não equivale a teste manual nem a aceitação em hardware real.
DUCK-2042;Revisões;persistência;prova estrutural;CONFIRMADO_ESTATICO;src/components/studio/views/project-detail.tsx;Matriz automatizada de cobertura. CONFIRMADO_ESTATICO não equivale a teste manual nem a aceitação em hardware real.
DUCK-2043;Revisões;persistência;evidência disponível;CONFIRMADO_ESTATICO;src/components/studio/views/project-detail.tsx;Matriz automatizada de cobertura. CONFIRMADO_ESTATICO não equivale a teste manual nem a aceitação em hardware real.
DUCK-2044;Revisões;persistência;limite operacional;PARCIAL;src/components/studio/views/project-detail.tsx;Matriz automatizada de cobertura. CONFIRMADO_ESTATICO não equivale a teste manual nem a aceitação em hardware real.
DUCK-2045;Revisões;persistência;aceitação de entrega;REVISAO_HUMANA;src/components/studio/views/project-detail.tsx;Matriz automatizada de cobertura. CONFIRMADO_ESTATICO não equivale a teste manual nem a aceitação em hardware real.
DUCK-2046;Revisões;segurança de entrada;inspeção estática;CONFIRMADO_ESTATICO;src/components/studio/views/project-detail.tsx;Matriz automatizada de cobertura. CONFIRMADO_ESTATICO não equivale a teste manual nem a aceitação em hardware real.
DUCK-2047;Revisões;segurança de entrada;prova estrutural;CONFIRMADO_ESTATICO;src/components/studio/views/project-detail.tsx;Matriz automatizada de cobertura. CONFIRMADO_ESTATICO não equivale a teste manual nem a aceitação em hardware real.
DUCK-2048;Revisões;segurança de entrada;evidência disponível;CONFIRMADO_ESTATICO;src/components/studio/views/project-detail.tsx;Matriz automatizada de cobertura. CONFIRMADO_ESTATICO não equivale a teste manual nem a aceitação em hardware real.
DUCK-2049;Revisões;segurança de entrada;limite operacional;PARCIAL;src/components/studio/views/project-detail.tsx;Matriz automatizada de cobertura. CONFIRMADO_ESTATICO não equivale a teste manual nem a aceitação em hardware real.
DUCK-2050;Revisões;segurança de entrada;aceitação de entrega;REVISAO_HUMANA;src/components/studio/views/project-detail.tsx;Matriz automatizada de cobertura. CONFIRMADO_ESTATICO não equivale a teste manual nem a aceitação em hardware real.
DUCK-2051;Revisões;privacidade;inspeção estática;CONFIRMADO_ESTATICO;src/components/studio/views/project-detail.tsx;Matriz automatizada de cobertura. CONFIRMADO_ESTATICO não equivale a teste manual nem a aceitação em hardware real.
DUCK-2052;Revisões;privacidade;prova estrutural;CONFIRMADO_ESTATICO;src/components/studio/views/project-detail.tsx;Matriz automatizada de cobertura. CONFIRMADO_ESTATICO não equivale a teste manual nem a aceitação em hardware real.
DUCK-2053;Revisões;privacidade;evidência disponível;CONFIRMADO_ESTATICO;src/components/studio/views/project-detail.tsx;Matriz automatizada de cobertura. CONFIRMADO_ESTATICO não equivale a teste manual nem a aceitação em hardware real.
DUCK-2054;Revisões;privacidade;limite operacional;PARCIAL;src/components/studio/views/project-detail.tsx;Matriz automatizada de cobertura. CONFIRMADO_ESTATICO não equivale a teste manual nem a aceitação em hardware real.
DUCK-2055;Revisões;privacidade;aceitação de entrega;REVISAO_HUMANA;src/components/studio/views/project-detail.tsx;Matriz automatizada de cobertura. CONFIRMADO_ESTATICO não equivale a teste manual nem a aceitação em hardware real.
DUCK-2056;Revisões;desempenho;inspeção estática;CONFIRMADO_ESTATICO;src/components/studio/views/project-detail.tsx;Matriz automatizada de cobertura. CONFIRMADO_ESTATICO não equivale a teste manual nem a aceitação em hardware real.
DUCK-2057;Revisões;desempenho;prova estrutural;CONFIRMADO_ESTATICO;src/components/studio/views/project-detail.tsx;Matriz automatizada de cobertura. CONFIRMADO_ESTATICO não equivale a teste manual nem a aceitação em hardware real.
DUCK-2058;Revisões;desempenho;evidência disponível;CONFIRMADO_ESTATICO;src/components/studio/views/project-detail.tsx;Matriz automatizada de cobertura. CONFIRMADO_ESTATICO não equivale a teste manual nem a aceitação em hardware real.
DUCK-2059;Revisões;desempenho;limite operacional;PARCIAL;src/components/studio/views/project-detail.tsx;Matriz automatizada de cobertura. CONFIRMADO_ESTATICO não equivale a teste manual nem a aceitação em hardware real.
DUCK-2060;Revisões;desempenho;aceitação de entrega;REVISAO_HUMANA;src/components/studio/views/project-detail.tsx;Matriz automatizada de cobertura. CONFIRMADO_ESTATICO não equivale a teste manual nem a aceitação em hardware real.
DUCK-2061;Revisões;manutenibilidade;inspeção estática;CONFIRMADO_ESTATICO;src/components/studio/views/project-detail.tsx;Matriz automatizada de cobertura. CONFIRMADO_ESTATICO não equivale a teste manual nem a aceitação em hardware real.
DUCK-2062;Revisões;manutenibilidade;prova estrutural;CONFIRMADO_ESTATICO;src/components/studio/views/project-detail.tsx;Matriz automatizada de cobertura. CONFIRMADO_ESTATICO não equivale a teste manual nem a aceitação em hardware real.
DUCK-2063;Revisões;manutenibilidade;evidência disponível;CONFIRMADO_ESTATICO;src/components/studio/views/project-detail.tsx;Matriz automatizada de cobertura. CONFIRMADO_ESTATICO não equivale a teste manual nem a aceitação em hardware real.
DUCK-2064;Revisões;manutenibilidade;limite operacional;PARCIAL;src/components/studio/views/project-detail.tsx;Matriz automatizada de cobertura. CONFIRMADO_ESTATICO não equivale a teste manual nem a aceitação em hardware real.
DUCK-2065;Revisões;manutenibilidade;aceitação de entrega;REVISAO_HUMANA;src/components/studio/views/project-detail.tsx;Matriz automatizada de cobertura. CONFIRMADO_ESTATICO não equivale a teste manual nem a aceitação em hardware real.
DUCK-2066;Revisões;tipagem;inspeção estática;CONFIRMADO_ESTATICO;src/components/studio/views/project-detail.tsx;Matriz automatizada de cobertura. CONFIRMADO_ESTATICO não equivale a teste manual nem a aceitação em hardware real.
DUCK-2067;Revisões;tipagem;prova estrutural;CONFIRMADO_ESTATICO;src/components/studio/views/project-detail.tsx;Matriz automatizada de cobertura. CONFIRMADO_ESTATICO não equivale a teste manual nem a aceitação em hardware real.
DUCK-2068;Revisões;tipagem;evidência disponível;CONFIRMADO_ESTATICO;src/components/studio/views/project-detail.tsx;Matriz automatizada de cobertura. CONFIRMADO_ESTATICO não equivale a teste manual nem a aceitação em hardware real.
DUCK-2069;Revisões;tipagem;limite operacional;PARCIAL;src/components/studio/views/project-detail.tsx;Matriz automatizada de cobertura. CONFIRMADO_ESTATICO não equivale a teste manual nem a aceitação em hardware real.
DUCK-2070;Revisões;tipagem;aceitação de entrega;REVISAO_HUMANA;src/components/studio/views/project-detail.tsx;Matriz automatizada de cobertura. CONFIRMADO_ESTATICO não equivale a teste manual nem a aceitação em hardware real.
DUCK-2071;Revisões;rastreabilidade;inspeção estática;CONFIRMADO_ESTATICO;src/components/studio/views/project-detail.tsx;Matriz automatizada de cobertura. CONFIRMADO_ESTATICO não equivale a teste manual nem a aceitação em hardware real.
DUCK-2072;Revisões;rastreabilidade;prova estrutural;CONFIRMADO_ESTATICO;src/components/studio/views/project-detail.tsx;Matriz automatizada de cobertura. CONFIRMADO_ESTATICO não equivale a teste manual nem a aceitação em hardware real.
DUCK-2073;Revisões;rastreabilidade;evidência disponível;CONFIRMADO_ESTATICO;src/components/studio/views/project-detail.tsx;Matriz automatizada de cobertura. CONFIRMADO_ESTATICO não equivale a teste manual nem a aceitação em hardware real.
DUCK-2074;Revisões;rastreabilidade;limite operacional;PARCIAL;src/components/studio/views/project-detail.tsx;Matriz automatizada de cobertura. CONFIRMADO_ESTATICO não equivale a teste manual nem a aceitação em hardware real.
DUCK-2075;Revisões;rastreabilidade;aceitação de entrega;REVISAO_HUMANA;src/components/studio/views/project-detail.tsx;Matriz automatizada de cobertura. CONFIRMADO_ESTATICO não equivale a teste manual nem a aceitação em hardware real.
DUCK-2076;Revisões;evidência visual;inspeção estática;CONFIRMADO_ESTATICO;src/components/studio/views/project-detail.tsx;Matriz automatizada de cobertura. CONFIRMADO_ESTATICO não equivale a teste manual nem a aceitação em hardware real.
DUCK-2077;Revisões;evidência visual;prova estrutural;CONFIRMADO_ESTATICO;src/components/studio/views/project-detail.tsx;Matriz automatizada de cobertura. CONFIRMADO_ESTATICO não equivale a teste manual nem a aceitação em hardware real.
DUCK-2078;Revisões;evidência visual;evidência disponível;CONFIRMADO_ESTATICO;src/components/studio/views/project-detail.tsx;Matriz automatizada de cobertura. CONFIRMADO_ESTATICO não equivale a teste manual nem a aceitação em hardware real.
DUCK-2079;Revisões;evidência visual;limite operacional;PARCIAL;src/components/studio/views/project-detail.tsx;Matriz automatizada de cobertura. CONFIRMADO_ESTATICO não equivale a teste manual nem a aceitação em hardware real.
DUCK-2080;Revisões;evidência visual;aceitação de entrega;REVISAO_HUMANA;src/components/studio/views/project-detail.tsx;Matriz automatizada de cobertura. CONFIRMADO_ESTATICO não equivale a teste manual nem a aceitação em hardware real.
DUCK-2081;Revisões;documentação;inspeção estática;CONFIRMADO_ESTATICO;src/components/studio/views/project-detail.tsx;Matriz automatizada de cobertura. CONFIRMADO_ESTATICO não equivale a teste manual nem a aceitação em hardware real.
DUCK-2082;Revisões;documentação;prova estrutural;CONFIRMADO_ESTATICO;src/components/studio/views/project-detail.tsx;Matriz automatizada de cobertura. CONFIRMADO_ESTATICO não equivale a teste manual nem a aceitação em hardware real.
DUCK-2083;Revisões;documentação;evidência disponível;CONFIRMADO_ESTATICO;src/components/studio/views/project-detail.tsx;Matriz automatizada de cobertura. CONFIRMADO_ESTATICO não equivale a teste manual nem a aceitação em hardware real.
DUCK-2084;Revisões;documentação;limite operacional;PARCIAL;src/components/studio/views/project-detail.tsx;Matriz automatizada de cobertura. CONFIRMADO_ESTATICO não equivale a teste manual nem a aceitação em hardware real.
DUCK-2085;Revisões;documentação;aceitação de entrega;REVISAO_HUMANA;src/components/studio/views/project-detail.tsx;Matriz automatizada de cobertura. CONFIRMADO_ESTATICO não equivale a teste manual nem a aceitação em hardware real.
DUCK-2086;Revisões;recuperação;inspeção estática;CONFIRMADO_ESTATICO;src/components/studio/views/project-detail.tsx;Matriz automatizada de cobertura. CONFIRMADO_ESTATICO não equivale a teste manual nem a aceitação em hardware real.
DUCK-2087;Revisões;recuperação;prova estrutural;CONFIRMADO_ESTATICO;src/components/studio/views/project-detail.tsx;Matriz automatizada de cobertura. CONFIRMADO_ESTATICO não equivale a teste manual nem a aceitação em hardware real.
DUCK-2088;Revisões;recuperação;evidência disponível;CONFIRMADO_ESTATICO;src/components/studio/views/project-detail.tsx;Matriz automatizada de cobertura. CONFIRMADO_ESTATICO não equivale a teste manual nem a aceitação em hardware real.
DUCK-2089;Revisões;recuperação;limite operacional;PARCIAL;src/components/studio/views/project-detail.tsx;Matriz automatizada de cobertura. CONFIRMADO_ESTATICO não equivale a teste manual nem a aceitação em hardware real.
DUCK-2090;Revisões;recuperação;aceitação de entrega;REVISAO_HUMANA;src/components/studio/views/project-detail.tsx;Matriz automatizada de cobertura. CONFIRMADO_ESTATICO não equivale a teste manual nem a aceitação em hardware real.
DUCK-2091;Revisões;exportação;inspeção estática;CONFIRMADO_ESTATICO;src/components/studio/views/project-detail.tsx;Matriz automatizada de cobertura. CONFIRMADO_ESTATICO não equivale a teste manual nem a aceitação em hardware real.
DUCK-2092;Revisões;exportação;prova estrutural;CONFIRMADO_ESTATICO;src/components/studio/views/project-detail.tsx;Matriz automatizada de cobertura. CONFIRMADO_ESTATICO não equivale a teste manual nem a aceitação em hardware real.
DUCK-2093;Revisões;exportação;evidência disponível;CONFIRMADO_ESTATICO;src/components/studio/views/project-detail.tsx;Matriz automatizada de cobertura. CONFIRMADO_ESTATICO não equivale a teste manual nem a aceitação em hardware real.
DUCK-2094;Revisões;exportação;limite operacional;PARCIAL;src/components/studio/views/project-detail.tsx;Matriz automatizada de cobertura. CONFIRMADO_ESTATICO não equivale a teste manual nem a aceitação em hardware real.
DUCK-2095;Revisões;exportação;aceitação de entrega;REVISAO_HUMANA;src/components/studio/views/project-detail.tsx;Matriz automatizada de cobertura. CONFIRMADO_ESTATICO não equivale a teste manual nem a aceitação em hardware real.
DUCK-2096;Revisões;entrega;inspeção estática;CONFIRMADO_ESTATICO;src/components/studio/views/project-detail.tsx;Matriz automatizada de cobertura. CONFIRMADO_ESTATICO não equivale a teste manual nem a aceitação em hardware real.
DUCK-2097;Revisões;entrega;prova estrutural;CONFIRMADO_ESTATICO;src/components/studio/views/project-detail.tsx;Matriz automatizada de cobertura. CONFIRMADO_ESTATICO não equivale a teste manual nem a aceitação em hardware real.
DUCK-2098;Revisões;entrega;evidência disponível;CONFIRMADO_ESTATICO;src/components/studio/views/project-detail.tsx;Matriz automatizada de cobertura. CONFIRMADO_ESTATICO não equivale a teste manual nem a aceitação em hardware real.
DUCK-2099;Revisões;entrega;limite operacional;PARCIAL;src/components/studio/views/project-detail.tsx;Matriz automatizada de cobertura. CONFIRMADO_ESTATICO não equivale a teste manual nem a aceitação em hardware real.
DUCK-2100;Revisões;entrega;aceitação de entrega;REVISAO_HUMANA;src/components/studio/views/project-detail.tsx;Matriz automatizada de cobertura. CONFIRMADO_ESTATICO não equivale a teste manual nem a aceitação em hardware real.
DUCK-2101;Waveform;presença funcional;inspeção estática;CONFIRMADO_ESTATICO;src/components/studio/waveform-player.tsx;Matriz automatizada de cobertura. CONFIRMADO_ESTATICO não equivale a teste manual nem a aceitação em hardware real.
DUCK-2102;Waveform;presença funcional;prova estrutural;CONFIRMADO_ESTATICO;src/components/studio/waveform-player.tsx;Matriz automatizada de cobertura. CONFIRMADO_ESTATICO não equivale a teste manual nem a aceitação em hardware real.
DUCK-2103;Waveform;presença funcional;evidência disponível;CONFIRMADO_ESTATICO;src/components/studio/waveform-player.tsx;Matriz automatizada de cobertura. CONFIRMADO_ESTATICO não equivale a teste manual nem a aceitação em hardware real.
DUCK-2104;Waveform;presença funcional;limite operacional;PARCIAL;src/components/studio/waveform-player.tsx;Matriz automatizada de cobertura. CONFIRMADO_ESTATICO não equivale a teste manual nem a aceitação em hardware real.
DUCK-2105;Waveform;presença funcional;aceitação de entrega;REVISAO_HUMANA;src/components/studio/waveform-player.tsx;Matriz automatizada de cobertura. CONFIRMADO_ESTATICO não equivale a teste manual nem a aceitação em hardware real.
DUCK-2106;Waveform;consistência de estados;inspeção estática;CONFIRMADO_ESTATICO;src/components/studio/waveform-player.tsx;Matriz automatizada de cobertura. CONFIRMADO_ESTATICO não equivale a teste manual nem a aceitação em hardware real.
DUCK-2107;Waveform;consistência de estados;prova estrutural;CONFIRMADO_ESTATICO;src/components/studio/waveform-player.tsx;Matriz automatizada de cobertura. CONFIRMADO_ESTATICO não equivale a teste manual nem a aceitação em hardware real.
DUCK-2108;Waveform;consistência de estados;evidência disponível;CONFIRMADO_ESTATICO;src/components/studio/waveform-player.tsx;Matriz automatizada de cobertura. CONFIRMADO_ESTATICO não equivale a teste manual nem a aceitação em hardware real.
DUCK-2109;Waveform;consistência de estados;limite operacional;PARCIAL;src/components/studio/waveform-player.tsx;Matriz automatizada de cobertura. CONFIRMADO_ESTATICO não equivale a teste manual nem a aceitação em hardware real.
DUCK-2110;Waveform;consistência de estados;aceitação de entrega;REVISAO_HUMANA;src/components/studio/waveform-player.tsx;Matriz automatizada de cobertura. CONFIRMADO_ESTATICO não equivale a teste manual nem a aceitação em hardware real.
DUCK-2111;Waveform;clareza de feedback;inspeção estática;CONFIRMADO_ESTATICO;src/components/studio/waveform-player.tsx;Matriz automatizada de cobertura. CONFIRMADO_ESTATICO não equivale a teste manual nem a aceitação em hardware real.
DUCK-2112;Waveform;clareza de feedback;prova estrutural;CONFIRMADO_ESTATICO;src/components/studio/waveform-player.tsx;Matriz automatizada de cobertura. CONFIRMADO_ESTATICO não equivale a teste manual nem a aceitação em hardware real.
DUCK-2113;Waveform;clareza de feedback;evidência disponível;CONFIRMADO_ESTATICO;src/components/studio/waveform-player.tsx;Matriz automatizada de cobertura. CONFIRMADO_ESTATICO não equivale a teste manual nem a aceitação em hardware real.
DUCK-2114;Waveform;clareza de feedback;limite operacional;PARCIAL;src/components/studio/waveform-player.tsx;Matriz automatizada de cobertura. CONFIRMADO_ESTATICO não equivale a teste manual nem a aceitação em hardware real.
DUCK-2115;Waveform;clareza de feedback;aceitação de entrega;REVISAO_HUMANA;src/components/studio/waveform-player.tsx;Matriz automatizada de cobertura. CONFIRMADO_ESTATICO não equivale a teste manual nem a aceitação em hardware real.
DUCK-2116;Waveform;tratamento de erro;inspeção estática;CONFIRMADO_ESTATICO;src/components/studio/waveform-player.tsx;Matriz automatizada de cobertura. CONFIRMADO_ESTATICO não equivale a teste manual nem a aceitação em hardware real.
DUCK-2117;Waveform;tratamento de erro;prova estrutural;CONFIRMADO_ESTATICO;src/components/studio/waveform-player.tsx;Matriz automatizada de cobertura. CONFIRMADO_ESTATICO não equivale a teste manual nem a aceitação em hardware real.
DUCK-2118;Waveform;tratamento de erro;evidência disponível;CONFIRMADO_ESTATICO;src/components/studio/waveform-player.tsx;Matriz automatizada de cobertura. CONFIRMADO_ESTATICO não equivale a teste manual nem a aceitação em hardware real.
DUCK-2119;Waveform;tratamento de erro;limite operacional;PARCIAL;src/components/studio/waveform-player.tsx;Matriz automatizada de cobertura. CONFIRMADO_ESTATICO não equivale a teste manual nem a aceitação em hardware real.
DUCK-2120;Waveform;tratamento de erro;aceitação de entrega;REVISAO_HUMANA;src/components/studio/waveform-player.tsx;Matriz automatizada de cobertura. CONFIRMADO_ESTATICO não equivale a teste manual nem a aceitação em hardware real.
DUCK-2121;Waveform;navegação por teclado;inspeção estática;CONFIRMADO_ESTATICO;src/components/studio/waveform-player.tsx;Matriz automatizada de cobertura. CONFIRMADO_ESTATICO não equivale a teste manual nem a aceitação em hardware real.
DUCK-2122;Waveform;navegação por teclado;prova estrutural;CONFIRMADO_ESTATICO;src/components/studio/waveform-player.tsx;Matriz automatizada de cobertura. CONFIRMADO_ESTATICO não equivale a teste manual nem a aceitação em hardware real.
DUCK-2123;Waveform;navegação por teclado;evidência disponível;CONFIRMADO_ESTATICO;src/components/studio/waveform-player.tsx;Matriz automatizada de cobertura. CONFIRMADO_ESTATICO não equivale a teste manual nem a aceitação em hardware real.
DUCK-2124;Waveform;navegação por teclado;limite operacional;PARCIAL;src/components/studio/waveform-player.tsx;Matriz automatizada de cobertura. CONFIRMADO_ESTATICO não equivale a teste manual nem a aceitação em hardware real.
DUCK-2125;Waveform;navegação por teclado;aceitação de entrega;REVISAO_HUMANA;src/components/studio/waveform-player.tsx;Matriz automatizada de cobertura. CONFIRMADO_ESTATICO não equivale a teste manual nem a aceitação em hardware real.
DUCK-2126;Waveform;legibilidade;inspeção estática;CONFIRMADO_ESTATICO;src/components/studio/waveform-player.tsx;Matriz automatizada de cobertura. CONFIRMADO_ESTATICO não equivale a teste manual nem a aceitação em hardware real.
DUCK-2127;Waveform;legibilidade;prova estrutural;CONFIRMADO_ESTATICO;src/components/studio/waveform-player.tsx;Matriz automatizada de cobertura. CONFIRMADO_ESTATICO não equivale a teste manual nem a aceitação em hardware real.
DUCK-2128;Waveform;legibilidade;evidência disponível;CONFIRMADO_ESTATICO;src/components/studio/waveform-player.tsx;Matriz automatizada de cobertura. CONFIRMADO_ESTATICO não equivale a teste manual nem a aceitação em hardware real.
DUCK-2129;Waveform;legibilidade;limite operacional;PARCIAL;src/components/studio/waveform-player.tsx;Matriz automatizada de cobertura. CONFIRMADO_ESTATICO não equivale a teste manual nem a aceitação em hardware real.
DUCK-2130;Waveform;legibilidade;aceitação de entrega;REVISAO_HUMANA;src/components/studio/waveform-player.tsx;Matriz automatizada de cobertura. CONFIRMADO_ESTATICO não equivale a teste manual nem a aceitação em hardware real.
DUCK-2131;Waveform;contraste;inspeção estática;CONFIRMADO_ESTATICO;src/components/studio/waveform-player.tsx;Matriz automatizada de cobertura. CONFIRMADO_ESTATICO não equivale a teste manual nem a aceitação em hardware real.
DUCK-2132;Waveform;contraste;prova estrutural;CONFIRMADO_ESTATICO;src/components/studio/waveform-player.tsx;Matriz automatizada de cobertura. CONFIRMADO_ESTATICO não equivale a teste manual nem a aceitação em hardware real.
DUCK-2133;Waveform;contraste;evidência disponível;CONFIRMADO_ESTATICO;src/components/studio/waveform-player.tsx;Matriz automatizada de cobertura. CONFIRMADO_ESTATICO não equivale a teste manual nem a aceitação em hardware real.
DUCK-2134;Waveform;contraste;limite operacional;PARCIAL;src/components/studio/waveform-player.tsx;Matriz automatizada de cobertura. CONFIRMADO_ESTATICO não equivale a teste manual nem a aceitação em hardware real.
DUCK-2135;Waveform;contraste;aceitação de entrega;REVISAO_HUMANA;src/components/studio/waveform-player.tsx;Matriz automatizada de cobertura. CONFIRMADO_ESTATICO não equivale a teste manual nem a aceitação em hardware real.
DUCK-2136;Waveform;responsividade;inspeção estática;CONFIRMADO_ESTATICO;src/components/studio/waveform-player.tsx;Matriz automatizada de cobertura. CONFIRMADO_ESTATICO não equivale a teste manual nem a aceitação em hardware real.
DUCK-2137;Waveform;responsividade;prova estrutural;CONFIRMADO_ESTATICO;src/components/studio/waveform-player.tsx;Matriz automatizada de cobertura. CONFIRMADO_ESTATICO não equivale a teste manual nem a aceitação em hardware real.
DUCK-2138;Waveform;responsividade;evidência disponível;CONFIRMADO_ESTATICO;src/components/studio/waveform-player.tsx;Matriz automatizada de cobertura. CONFIRMADO_ESTATICO não equivale a teste manual nem a aceitação em hardware real.
DUCK-2139;Waveform;responsividade;limite operacional;PARCIAL;src/components/studio/waveform-player.tsx;Matriz automatizada de cobertura. CONFIRMADO_ESTATICO não equivale a teste manual nem a aceitação em hardware real.
DUCK-2140;Waveform;responsividade;aceitação de entrega;REVISAO_HUMANA;src/components/studio/waveform-player.tsx;Matriz automatizada de cobertura. CONFIRMADO_ESTATICO não equivale a teste manual nem a aceitação em hardware real.
DUCK-2141;Waveform;persistência;inspeção estática;CONFIRMADO_ESTATICO;src/components/studio/waveform-player.tsx;Matriz automatizada de cobertura. CONFIRMADO_ESTATICO não equivale a teste manual nem a aceitação em hardware real.
DUCK-2142;Waveform;persistência;prova estrutural;CONFIRMADO_ESTATICO;src/components/studio/waveform-player.tsx;Matriz automatizada de cobertura. CONFIRMADO_ESTATICO não equivale a teste manual nem a aceitação em hardware real.
DUCK-2143;Waveform;persistência;evidência disponível;CONFIRMADO_ESTATICO;src/components/studio/waveform-player.tsx;Matriz automatizada de cobertura. CONFIRMADO_ESTATICO não equivale a teste manual nem a aceitação em hardware real.
DUCK-2144;Waveform;persistência;limite operacional;PARCIAL;src/components/studio/waveform-player.tsx;Matriz automatizada de cobertura. CONFIRMADO_ESTATICO não equivale a teste manual nem a aceitação em hardware real.
DUCK-2145;Waveform;persistência;aceitação de entrega;REVISAO_HUMANA;src/components/studio/waveform-player.tsx;Matriz automatizada de cobertura. CONFIRMADO_ESTATICO não equivale a teste manual nem a aceitação em hardware real.
DUCK-2146;Waveform;segurança de entrada;inspeção estática;CONFIRMADO_ESTATICO;src/components/studio/waveform-player.tsx;Matriz automatizada de cobertura. CONFIRMADO_ESTATICO não equivale a teste manual nem a aceitação em hardware real.
DUCK-2147;Waveform;segurança de entrada;prova estrutural;CONFIRMADO_ESTATICO;src/components/studio/waveform-player.tsx;Matriz automatizada de cobertura. CONFIRMADO_ESTATICO não equivale a teste manual nem a aceitação em hardware real.
DUCK-2148;Waveform;segurança de entrada;evidência disponível;CONFIRMADO_ESTATICO;src/components/studio/waveform-player.tsx;Matriz automatizada de cobertura. CONFIRMADO_ESTATICO não equivale a teste manual nem a aceitação em hardware real.
DUCK-2149;Waveform;segurança de entrada;limite operacional;PARCIAL;src/components/studio/waveform-player.tsx;Matriz automatizada de cobertura. CONFIRMADO_ESTATICO não equivale a teste manual nem a aceitação em hardware real.
DUCK-2150;Waveform;segurança de entrada;aceitação de entrega;REVISAO_HUMANA;src/components/studio/waveform-player.tsx;Matriz automatizada de cobertura. CONFIRMADO_ESTATICO não equivale a teste manual nem a aceitação em hardware real.
DUCK-2151;Waveform;privacidade;inspeção estática;CONFIRMADO_ESTATICO;src/components/studio/waveform-player.tsx;Matriz automatizada de cobertura. CONFIRMADO_ESTATICO não equivale a teste manual nem a aceitação em hardware real.
DUCK-2152;Waveform;privacidade;prova estrutural;CONFIRMADO_ESTATICO;src/components/studio/waveform-player.tsx;Matriz automatizada de cobertura. CONFIRMADO_ESTATICO não equivale a teste manual nem a aceitação em hardware real.
DUCK-2153;Waveform;privacidade;evidência disponível;CONFIRMADO_ESTATICO;src/components/studio/waveform-player.tsx;Matriz automatizada de cobertura. CONFIRMADO_ESTATICO não equivale a teste manual nem a aceitação em hardware real.
DUCK-2154;Waveform;privacidade;limite operacional;PARCIAL;src/components/studio/waveform-player.tsx;Matriz automatizada de cobertura. CONFIRMADO_ESTATICO não equivale a teste manual nem a aceitação em hardware real.
DUCK-2155;Waveform;privacidade;aceitação de entrega;REVISAO_HUMANA;src/components/studio/waveform-player.tsx;Matriz automatizada de cobertura. CONFIRMADO_ESTATICO não equivale a teste manual nem a aceitação em hardware real.
DUCK-2156;Waveform;desempenho;inspeção estática;CONFIRMADO_ESTATICO;src/components/studio/waveform-player.tsx;Matriz automatizada de cobertura. CONFIRMADO_ESTATICO não equivale a teste manual nem a aceitação em hardware real.
DUCK-2157;Waveform;desempenho;prova estrutural;CONFIRMADO_ESTATICO;src/components/studio/waveform-player.tsx;Matriz automatizada de cobertura. CONFIRMADO_ESTATICO não equivale a teste manual nem a aceitação em hardware real.
DUCK-2158;Waveform;desempenho;evidência disponível;CONFIRMADO_ESTATICO;src/components/studio/waveform-player.tsx;Matriz automatizada de cobertura. CONFIRMADO_ESTATICO não equivale a teste manual nem a aceitação em hardware real.
DUCK-2159;Waveform;desempenho;limite operacional;PARCIAL;src/components/studio/waveform-player.tsx;Matriz automatizada de cobertura. CONFIRMADO_ESTATICO não equivale a teste manual nem a aceitação em hardware real.
DUCK-2160;Waveform;desempenho;aceitação de entrega;REVISAO_HUMANA;src/components/studio/waveform-player.tsx;Matriz automatizada de cobertura. CONFIRMADO_ESTATICO não equivale a teste manual nem a aceitação em hardware real.
DUCK-2161;Waveform;manutenibilidade;inspeção estática;CONFIRMADO_ESTATICO;src/components/studio/waveform-player.tsx;Matriz automatizada de cobertura. CONFIRMADO_ESTATICO não equivale a teste manual nem a aceitação em hardware real.
DUCK-2162;Waveform;manutenibilidade;prova estrutural;CONFIRMADO_ESTATICO;src/components/studio/waveform-player.tsx;Matriz automatizada de cobertura. CONFIRMADO_ESTATICO não equivale a teste manual nem a aceitação em hardware real.
DUCK-2163;Waveform;manutenibilidade;evidência disponível;CONFIRMADO_ESTATICO;src/components/studio/waveform-player.tsx;Matriz automatizada de cobertura. CONFIRMADO_ESTATICO não equivale a teste manual nem a aceitação em hardware real.
DUCK-2164;Waveform;manutenibilidade;limite operacional;PARCIAL;src/components/studio/waveform-player.tsx;Matriz automatizada de cobertura. CONFIRMADO_ESTATICO não equivale a teste manual nem a aceitação em hardware real.
DUCK-2165;Waveform;manutenibilidade;aceitação de entrega;REVISAO_HUMANA;src/components/studio/waveform-player.tsx;Matriz automatizada de cobertura. CONFIRMADO_ESTATICO não equivale a teste manual nem a aceitação em hardware real.
DUCK-2166;Waveform;tipagem;inspeção estática;CONFIRMADO_ESTATICO;src/components/studio/waveform-player.tsx;Matriz automatizada de cobertura. CONFIRMADO_ESTATICO não equivale a teste manual nem a aceitação em hardware real.
DUCK-2167;Waveform;tipagem;prova estrutural;CONFIRMADO_ESTATICO;src/components/studio/waveform-player.tsx;Matriz automatizada de cobertura. CONFIRMADO_ESTATICO não equivale a teste manual nem a aceitação em hardware real.
DUCK-2168;Waveform;tipagem;evidência disponível;CONFIRMADO_ESTATICO;src/components/studio/waveform-player.tsx;Matriz automatizada de cobertura. CONFIRMADO_ESTATICO não equivale a teste manual nem a aceitação em hardware real.
DUCK-2169;Waveform;tipagem;limite operacional;PARCIAL;src/components/studio/waveform-player.tsx;Matriz automatizada de cobertura. CONFIRMADO_ESTATICO não equivale a teste manual nem a aceitação em hardware real.
DUCK-2170;Waveform;tipagem;aceitação de entrega;REVISAO_HUMANA;src/components/studio/waveform-player.tsx;Matriz automatizada de cobertura. CONFIRMADO_ESTATICO não equivale a teste manual nem a aceitação em hardware real.
DUCK-2171;Waveform;rastreabilidade;inspeção estática;CONFIRMADO_ESTATICO;src/components/studio/waveform-player.tsx;Matriz automatizada de cobertura. CONFIRMADO_ESTATICO não equivale a teste manual nem a aceitação em hardware real.
DUCK-2172;Waveform;rastreabilidade;prova estrutural;CONFIRMADO_ESTATICO;src/components/studio/waveform-player.tsx;Matriz automatizada de cobertura. CONFIRMADO_ESTATICO não equivale a teste manual nem a aceitação em hardware real.
DUCK-2173;Waveform;rastreabilidade;evidência disponível;CONFIRMADO_ESTATICO;src/components/studio/waveform-player.tsx;Matriz automatizada de cobertura. CONFIRMADO_ESTATICO não equivale a teste manual nem a aceitação em hardware real.
DUCK-2174;Waveform;rastreabilidade;limite operacional;PARCIAL;src/components/studio/waveform-player.tsx;Matriz automatizada de cobertura. CONFIRMADO_ESTATICO não equivale a teste manual nem a aceitação em hardware real.
DUCK-2175;Waveform;rastreabilidade;aceitação de entrega;REVISAO_HUMANA;src/components/studio/waveform-player.tsx;Matriz automatizada de cobertura. CONFIRMADO_ESTATICO não equivale a teste manual nem a aceitação em hardware real.
DUCK-2176;Waveform;evidência visual;inspeção estática;CONFIRMADO_ESTATICO;src/components/studio/waveform-player.tsx;Matriz automatizada de cobertura. CONFIRMADO_ESTATICO não equivale a teste manual nem a aceitação em hardware real.
DUCK-2177;Waveform;evidência visual;prova estrutural;CONFIRMADO_ESTATICO;src/components/studio/waveform-player.tsx;Matriz automatizada de cobertura. CONFIRMADO_ESTATICO não equivale a teste manual nem a aceitação em hardware real.
DUCK-2178;Waveform;evidência visual;evidência disponível;CONFIRMADO_ESTATICO;src/components/studio/waveform-player.tsx;Matriz automatizada de cobertura. CONFIRMADO_ESTATICO não equivale a teste manual nem a aceitação em hardware real.
DUCK-2179;Waveform;evidência visual;limite operacional;PARCIAL;src/components/studio/waveform-player.tsx;Matriz automatizada de cobertura. CONFIRMADO_ESTATICO não equivale a teste manual nem a aceitação em hardware real.
DUCK-2180;Waveform;evidência visual;aceitação de entrega;REVISAO_HUMANA;src/components/studio/waveform-player.tsx;Matriz automatizada de cobertura. CONFIRMADO_ESTATICO não equivale a teste manual nem a aceitação em hardware real.
DUCK-2181;Waveform;documentação;inspeção estática;CONFIRMADO_ESTATICO;src/components/studio/waveform-player.tsx;Matriz automatizada de cobertura. CONFIRMADO_ESTATICO não equivale a teste manual nem a aceitação em hardware real.
DUCK-2182;Waveform;documentação;prova estrutural;CONFIRMADO_ESTATICO;src/components/studio/waveform-player.tsx;Matriz automatizada de cobertura. CONFIRMADO_ESTATICO não equivale a teste manual nem a aceitação em hardware real.
DUCK-2183;Waveform;documentação;evidência disponível;CONFIRMADO_ESTATICO;src/components/studio/waveform-player.tsx;Matriz automatizada de cobertura. CONFIRMADO_ESTATICO não equivale a teste manual nem a aceitação em hardware real.
DUCK-2184;Waveform;documentação;limite operacional;PARCIAL;src/components/studio/waveform-player.tsx;Matriz automatizada de cobertura. CONFIRMADO_ESTATICO não equivale a teste manual nem a aceitação em hardware real.
DUCK-2185;Waveform;documentação;aceitação de entrega;REVISAO_HUMANA;src/components/studio/waveform-player.tsx;Matriz automatizada de cobertura. CONFIRMADO_ESTATICO não equivale a teste manual nem a aceitação em hardware real.
DUCK-2186;Waveform;recuperação;inspeção estática;CONFIRMADO_ESTATICO;src/components/studio/waveform-player.tsx;Matriz automatizada de cobertura. CONFIRMADO_ESTATICO não equivale a teste manual nem a aceitação em hardware real.
DUCK-2187;Waveform;recuperação;prova estrutural;CONFIRMADO_ESTATICO;src/components/studio/waveform-player.tsx;Matriz automatizada de cobertura. CONFIRMADO_ESTATICO não equivale a teste manual nem a aceitação em hardware real.
DUCK-2188;Waveform;recuperação;evidência disponível;CONFIRMADO_ESTATICO;src/components/studio/waveform-player.tsx;Matriz automatizada de cobertura. CONFIRMADO_ESTATICO não equivale a teste manual nem a aceitação em hardware real.
DUCK-2189;Waveform;recuperação;limite operacional;PARCIAL;src/components/studio/waveform-player.tsx;Matriz automatizada de cobertura. CONFIRMADO_ESTATICO não equivale a teste manual nem a aceitação em hardware real.
DUCK-2190;Waveform;recuperação;aceitação de entrega;REVISAO_HUMANA;src/components/studio/waveform-player.tsx;Matriz automatizada de cobertura. CONFIRMADO_ESTATICO não equivale a teste manual nem a aceitação em hardware real.
DUCK-2191;Waveform;exportação;inspeção estática;CONFIRMADO_ESTATICO;src/components/studio/waveform-player.tsx;Matriz automatizada de cobertura. CONFIRMADO_ESTATICO não equivale a teste manual nem a aceitação em hardware real.
DUCK-2192;Waveform;exportação;prova estrutural;CONFIRMADO_ESTATICO;src/components/studio/waveform-player.tsx;Matriz automatizada de cobertura. CONFIRMADO_ESTATICO não equivale a teste manual nem a aceitação em hardware real.
DUCK-2193;Waveform;exportação;evidência disponível;CONFIRMADO_ESTATICO;src/components/studio/waveform-player.tsx;Matriz automatizada de cobertura. CONFIRMADO_ESTATICO não equivale a teste manual nem a aceitação em hardware real.
DUCK-2194;Waveform;exportação;limite operacional;PARCIAL;src/components/studio/waveform-player.tsx;Matriz automatizada de cobertura. CONFIRMADO_ESTATICO não equivale a teste manual nem a aceitação em hardware real.
DUCK-2195;Waveform;exportação;aceitação de entrega;REVISAO_HUMANA;src/components/studio/waveform-player.tsx;Matriz automatizada de cobertura. CONFIRMADO_ESTATICO não equivale a teste manual nem a aceitação em hardware real.
DUCK-2196;Waveform;entrega;inspeção estática;CONFIRMADO_ESTATICO;src/components/studio/waveform-player.tsx;Matriz automatizada de cobertura. CONFIRMADO_ESTATICO não equivale a teste manual nem a aceitação em hardware real.
DUCK-2197;Waveform;entrega;prova estrutural;CONFIRMADO_ESTATICO;src/components/studio/waveform-player.tsx;Matriz automatizada de cobertura. CONFIRMADO_ESTATICO não equivale a teste manual nem a aceitação em hardware real.
DUCK-2198;Waveform;entrega;evidência disponível;CONFIRMADO_ESTATICO;src/components/studio/waveform-player.tsx;Matriz automatizada de cobertura. CONFIRMADO_ESTATICO não equivale a teste manual nem a aceitação em hardware real.
DUCK-2199;Waveform;entrega;limite operacional;PARCIAL;src/components/studio/waveform-player.tsx;Matriz automatizada de cobertura. CONFIRMADO_ESTATICO não equivale a teste manual nem a aceitação em hardware real.
DUCK-2200;Waveform;entrega;aceitação de entrega;REVISAO_HUMANA;src/components/studio/waveform-player.tsx;Matriz automatizada de cobertura. CONFIRMADO_ESTATICO não equivale a teste manual nem a aceitação em hardware real.
DUCK-2201;Mastering Rack;presença funcional;inspeção estática;CONFIRMADO_ESTATICO;src/components/studio/tools/mastering-rack.tsx;Matriz automatizada de cobertura. CONFIRMADO_ESTATICO não equivale a teste manual nem a aceitação em hardware real.
DUCK-2202;Mastering Rack;presença funcional;prova estrutural;CONFIRMADO_ESTATICO;src/components/studio/tools/mastering-rack.tsx;Matriz automatizada de cobertura. CONFIRMADO_ESTATICO não equivale a teste manual nem a aceitação em hardware real.
DUCK-2203;Mastering Rack;presença funcional;evidência disponível;CONFIRMADO_ESTATICO;src/components/studio/tools/mastering-rack.tsx;Matriz automatizada de cobertura. CONFIRMADO_ESTATICO não equivale a teste manual nem a aceitação em hardware real.
DUCK-2204;Mastering Rack;presença funcional;limite operacional;PARCIAL;src/components/studio/tools/mastering-rack.tsx;Matriz automatizada de cobertura. CONFIRMADO_ESTATICO não equivale a teste manual nem a aceitação em hardware real.
DUCK-2205;Mastering Rack;presença funcional;aceitação de entrega;REVISAO_HUMANA;src/components/studio/tools/mastering-rack.tsx;Matriz automatizada de cobertura. CONFIRMADO_ESTATICO não equivale a teste manual nem a aceitação em hardware real.
DUCK-2206;Mastering Rack;consistência de estados;inspeção estática;CONFIRMADO_ESTATICO;src/components/studio/tools/mastering-rack.tsx;Matriz automatizada de cobertura. CONFIRMADO_ESTATICO não equivale a teste manual nem a aceitação em hardware real.
DUCK-2207;Mastering Rack;consistência de estados;prova estrutural;CONFIRMADO_ESTATICO;src/components/studio/tools/mastering-rack.tsx;Matriz automatizada de cobertura. CONFIRMADO_ESTATICO não equivale a teste manual nem a aceitação em hardware real.
DUCK-2208;Mastering Rack;consistência de estados;evidência disponível;CONFIRMADO_ESTATICO;src/components/studio/tools/mastering-rack.tsx;Matriz automatizada de cobertura. CONFIRMADO_ESTATICO não equivale a teste manual nem a aceitação em hardware real.
DUCK-2209;Mastering Rack;consistência de estados;limite operacional;PARCIAL;src/components/studio/tools/mastering-rack.tsx;Matriz automatizada de cobertura. CONFIRMADO_ESTATICO não equivale a teste manual nem a aceitação em hardware real.
DUCK-2210;Mastering Rack;consistência de estados;aceitação de entrega;REVISAO_HUMANA;src/components/studio/tools/mastering-rack.tsx;Matriz automatizada de cobertura. CONFIRMADO_ESTATICO não equivale a teste manual nem a aceitação em hardware real.
DUCK-2211;Mastering Rack;clareza de feedback;inspeção estática;CONFIRMADO_ESTATICO;src/components/studio/tools/mastering-rack.tsx;Matriz automatizada de cobertura. CONFIRMADO_ESTATICO não equivale a teste manual nem a aceitação em hardware real.
DUCK-2212;Mastering Rack;clareza de feedback;prova estrutural;CONFIRMADO_ESTATICO;src/components/studio/tools/mastering-rack.tsx;Matriz automatizada de cobertura. CONFIRMADO_ESTATICO não equivale a teste manual nem a aceitação em hardware real.
DUCK-2213;Mastering Rack;clareza de feedback;evidência disponível;CONFIRMADO_ESTATICO;src/components/studio/tools/mastering-rack.tsx;Matriz automatizada de cobertura. CONFIRMADO_ESTATICO não equivale a teste manual nem a aceitação em hardware real.
DUCK-2214;Mastering Rack;clareza de feedback;limite operacional;PARCIAL;src/components/studio/tools/mastering-rack.tsx;Matriz automatizada de cobertura. CONFIRMADO_ESTATICO não equivale a teste manual nem a aceitação em hardware real.
DUCK-2215;Mastering Rack;clareza de feedback;aceitação de entrega;REVISAO_HUMANA;src/components/studio/tools/mastering-rack.tsx;Matriz automatizada de cobertura. CONFIRMADO_ESTATICO não equivale a teste manual nem a aceitação em hardware real.
DUCK-2216;Mastering Rack;tratamento de erro;inspeção estática;CONFIRMADO_ESTATICO;src/components/studio/tools/mastering-rack.tsx;Matriz automatizada de cobertura. CONFIRMADO_ESTATICO não equivale a teste manual nem a aceitação em hardware real.
DUCK-2217;Mastering Rack;tratamento de erro;prova estrutural;CONFIRMADO_ESTATICO;src/components/studio/tools/mastering-rack.tsx;Matriz automatizada de cobertura. CONFIRMADO_ESTATICO não equivale a teste manual nem a aceitação em hardware real.
DUCK-2218;Mastering Rack;tratamento de erro;evidência disponível;CONFIRMADO_ESTATICO;src/components/studio/tools/mastering-rack.tsx;Matriz automatizada de cobertura. CONFIRMADO_ESTATICO não equivale a teste manual nem a aceitação em hardware real.
DUCK-2219;Mastering Rack;tratamento de erro;limite operacional;PARCIAL;src/components/studio/tools/mastering-rack.tsx;Matriz automatizada de cobertura. CONFIRMADO_ESTATICO não equivale a teste manual nem a aceitação em hardware real.
DUCK-2220;Mastering Rack;tratamento de erro;aceitação de entrega;REVISAO_HUMANA;src/components/studio/tools/mastering-rack.tsx;Matriz automatizada de cobertura. CONFIRMADO_ESTATICO não equivale a teste manual nem a aceitação em hardware real.
DUCK-2221;Mastering Rack;navegação por teclado;inspeção estática;CONFIRMADO_ESTATICO;src/components/studio/tools/mastering-rack.tsx;Matriz automatizada de cobertura. CONFIRMADO_ESTATICO não equivale a teste manual nem a aceitação em hardware real.
DUCK-2222;Mastering Rack;navegação por teclado;prova estrutural;CONFIRMADO_ESTATICO;src/components/studio/tools/mastering-rack.tsx;Matriz automatizada de cobertura. CONFIRMADO_ESTATICO não equivale a teste manual nem a aceitação em hardware real.
DUCK-2223;Mastering Rack;navegação por teclado;evidência disponível;CONFIRMADO_ESTATICO;src/components/studio/tools/mastering-rack.tsx;Matriz automatizada de cobertura. CONFIRMADO_ESTATICO não equivale a teste manual nem a aceitação em hardware real.
DUCK-2224;Mastering Rack;navegação por teclado;limite operacional;PARCIAL;src/components/studio/tools/mastering-rack.tsx;Matriz automatizada de cobertura. CONFIRMADO_ESTATICO não equivale a teste manual nem a aceitação em hardware real.
DUCK-2225;Mastering Rack;navegação por teclado;aceitação de entrega;REVISAO_HUMANA;src/components/studio/tools/mastering-rack.tsx;Matriz automatizada de cobertura. CONFIRMADO_ESTATICO não equivale a teste manual nem a aceitação em hardware real.
DUCK-2226;Mastering Rack;legibilidade;inspeção estática;CONFIRMADO_ESTATICO;src/components/studio/tools/mastering-rack.tsx;Matriz automatizada de cobertura. CONFIRMADO_ESTATICO não equivale a teste manual nem a aceitação em hardware real.
DUCK-2227;Mastering Rack;legibilidade;prova estrutural;CONFIRMADO_ESTATICO;src/components/studio/tools/mastering-rack.tsx;Matriz automatizada de cobertura. CONFIRMADO_ESTATICO não equivale a teste manual nem a aceitação em hardware real.
DUCK-2228;Mastering Rack;legibilidade;evidência disponível;CONFIRMADO_ESTATICO;src/components/studio/tools/mastering-rack.tsx;Matriz automatizada de cobertura. CONFIRMADO_ESTATICO não equivale a teste manual nem a aceitação em hardware real.
DUCK-2229;Mastering Rack;legibilidade;limite operacional;PARCIAL;src/components/studio/tools/mastering-rack.tsx;Matriz automatizada de cobertura. CONFIRMADO_ESTATICO não equivale a teste manual nem a aceitação em hardware real.
DUCK-2230;Mastering Rack;legibilidade;aceitação de entrega;REVISAO_HUMANA;src/components/studio/tools/mastering-rack.tsx;Matriz automatizada de cobertura. CONFIRMADO_ESTATICO não equivale a teste manual nem a aceitação em hardware real.
DUCK-2231;Mastering Rack;contraste;inspeção estática;CONFIRMADO_ESTATICO;src/components/studio/tools/mastering-rack.tsx;Matriz automatizada de cobertura. CONFIRMADO_ESTATICO não equivale a teste manual nem a aceitação em hardware real.
DUCK-2232;Mastering Rack;contraste;prova estrutural;CONFIRMADO_ESTATICO;src/components/studio/tools/mastering-rack.tsx;Matriz automatizada de cobertura. CONFIRMADO_ESTATICO não equivale a teste manual nem a aceitação em hardware real.
DUCK-2233;Mastering Rack;contraste;evidência disponível;CONFIRMADO_ESTATICO;src/components/studio/tools/mastering-rack.tsx;Matriz automatizada de cobertura. CONFIRMADO_ESTATICO não equivale a teste manual nem a aceitação em hardware real.
DUCK-2234;Mastering Rack;contraste;limite operacional;PARCIAL;src/components/studio/tools/mastering-rack.tsx;Matriz automatizada de cobertura. CONFIRMADO_ESTATICO não equivale a teste manual nem a aceitação em hardware real.
DUCK-2235;Mastering Rack;contraste;aceitação de entrega;REVISAO_HUMANA;src/components/studio/tools/mastering-rack.tsx;Matriz automatizada de cobertura. CONFIRMADO_ESTATICO não equivale a teste manual nem a aceitação em hardware real.
DUCK-2236;Mastering Rack;responsividade;inspeção estática;CONFIRMADO_ESTATICO;src/components/studio/tools/mastering-rack.tsx;Matriz automatizada de cobertura. CONFIRMADO_ESTATICO não equivale a teste manual nem a aceitação em hardware real.
DUCK-2237;Mastering Rack;responsividade;prova estrutural;CONFIRMADO_ESTATICO;src/components/studio/tools/mastering-rack.tsx;Matriz automatizada de cobertura. CONFIRMADO_ESTATICO não equivale a teste manual nem a aceitação em hardware real.
DUCK-2238;Mastering Rack;responsividade;evidência disponível;CONFIRMADO_ESTATICO;src/components/studio/tools/mastering-rack.tsx;Matriz automatizada de cobertura. CONFIRMADO_ESTATICO não equivale a teste manual nem a aceitação em hardware real.
DUCK-2239;Mastering Rack;responsividade;limite operacional;PARCIAL;src/components/studio/tools/mastering-rack.tsx;Matriz automatizada de cobertura. CONFIRMADO_ESTATICO não equivale a teste manual nem a aceitação em hardware real.
DUCK-2240;Mastering Rack;responsividade;aceitação de entrega;REVISAO_HUMANA;src/components/studio/tools/mastering-rack.tsx;Matriz automatizada de cobertura. CONFIRMADO_ESTATICO não equivale a teste manual nem a aceitação em hardware real.
DUCK-2241;Mastering Rack;persistência;inspeção estática;CONFIRMADO_ESTATICO;src/components/studio/tools/mastering-rack.tsx;Matriz automatizada de cobertura. CONFIRMADO_ESTATICO não equivale a teste manual nem a aceitação em hardware real.
DUCK-2242;Mastering Rack;persistência;prova estrutural;CONFIRMADO_ESTATICO;src/components/studio/tools/mastering-rack.tsx;Matriz automatizada de cobertura. CONFIRMADO_ESTATICO não equivale a teste manual nem a aceitação em hardware real.
DUCK-2243;Mastering Rack;persistência;evidência disponível;CONFIRMADO_ESTATICO;src/components/studio/tools/mastering-rack.tsx;Matriz automatizada de cobertura. CONFIRMADO_ESTATICO não equivale a teste manual nem a aceitação em hardware real.
DUCK-2244;Mastering Rack;persistência;limite operacional;PARCIAL;src/components/studio/tools/mastering-rack.tsx;Matriz automatizada de cobertura. CONFIRMADO_ESTATICO não equivale a teste manual nem a aceitação em hardware real.
DUCK-2245;Mastering Rack;persistência;aceitação de entrega;REVISAO_HUMANA;src/components/studio/tools/mastering-rack.tsx;Matriz automatizada de cobertura. CONFIRMADO_ESTATICO não equivale a teste manual nem a aceitação em hardware real.
DUCK-2246;Mastering Rack;segurança de entrada;inspeção estática;CONFIRMADO_ESTATICO;src/components/studio/tools/mastering-rack.tsx;Matriz automatizada de cobertura. CONFIRMADO_ESTATICO não equivale a teste manual nem a aceitação em hardware real.
DUCK-2247;Mastering Rack;segurança de entrada;prova estrutural;CONFIRMADO_ESTATICO;src/components/studio/tools/mastering-rack.tsx;Matriz automatizada de cobertura. CONFIRMADO_ESTATICO não equivale a teste manual nem a aceitação em hardware real.
DUCK-2248;Mastering Rack;segurança de entrada;evidência disponível;CONFIRMADO_ESTATICO;src/components/studio/tools/mastering-rack.tsx;Matriz automatizada de cobertura. CONFIRMADO_ESTATICO não equivale a teste manual nem a aceitação em hardware real.
DUCK-2249;Mastering Rack;segurança de entrada;limite operacional;PARCIAL;src/components/studio/tools/mastering-rack.tsx;Matriz automatizada de cobertura. CONFIRMADO_ESTATICO não equivale a teste manual nem a aceitação em hardware real.
DUCK-2250;Mastering Rack;segurança de entrada;aceitação de entrega;REVISAO_HUMANA;src/components/studio/tools/mastering-rack.tsx;Matriz automatizada de cobertura. CONFIRMADO_ESTATICO não equivale a teste manual nem a aceitação em hardware real.
DUCK-2251;Mastering Rack;privacidade;inspeção estática;CONFIRMADO_ESTATICO;src/components/studio/tools/mastering-rack.tsx;Matriz automatizada de cobertura. CONFIRMADO_ESTATICO não equivale a teste manual nem a aceitação em hardware real.
DUCK-2252;Mastering Rack;privacidade;prova estrutural;CONFIRMADO_ESTATICO;src/components/studio/tools/mastering-rack.tsx;Matriz automatizada de cobertura. CONFIRMADO_ESTATICO não equivale a teste manual nem a aceitação em hardware real.
DUCK-2253;Mastering Rack;privacidade;evidência disponível;CONFIRMADO_ESTATICO;src/components/studio/tools/mastering-rack.tsx;Matriz automatizada de cobertura. CONFIRMADO_ESTATICO não equivale a teste manual nem a aceitação em hardware real.
DUCK-2254;Mastering Rack;privacidade;limite operacional;PARCIAL;src/components/studio/tools/mastering-rack.tsx;Matriz automatizada de cobertura. CONFIRMADO_ESTATICO não equivale a teste manual nem a aceitação em hardware real.
DUCK-2255;Mastering Rack;privacidade;aceitação de entrega;REVISAO_HUMANA;src/components/studio/tools/mastering-rack.tsx;Matriz automatizada de cobertura. CONFIRMADO_ESTATICO não equivale a teste manual nem a aceitação em hardware real.
DUCK-2256;Mastering Rack;desempenho;inspeção estática;CONFIRMADO_ESTATICO;src/components/studio/tools/mastering-rack.tsx;Matriz automatizada de cobertura. CONFIRMADO_ESTATICO não equivale a teste manual nem a aceitação em hardware real.
DUCK-2257;Mastering Rack;desempenho;prova estrutural;CONFIRMADO_ESTATICO;src/components/studio/tools/mastering-rack.tsx;Matriz automatizada de cobertura. CONFIRMADO_ESTATICO não equivale a teste manual nem a aceitação em hardware real.
DUCK-2258;Mastering Rack;desempenho;evidência disponível;CONFIRMADO_ESTATICO;src/components/studio/tools/mastering-rack.tsx;Matriz automatizada de cobertura. CONFIRMADO_ESTATICO não equivale a teste manual nem a aceitação em hardware real.
DUCK-2259;Mastering Rack;desempenho;limite operacional;PARCIAL;src/components/studio/tools/mastering-rack.tsx;Matriz automatizada de cobertura. CONFIRMADO_ESTATICO não equivale a teste manual nem a aceitação em hardware real.
DUCK-2260;Mastering Rack;desempenho;aceitação de entrega;REVISAO_HUMANA;src/components/studio/tools/mastering-rack.tsx;Matriz automatizada de cobertura. CONFIRMADO_ESTATICO não equivale a teste manual nem a aceitação em hardware real.
DUCK-2261;Mastering Rack;manutenibilidade;inspeção estática;CONFIRMADO_ESTATICO;src/components/studio/tools/mastering-rack.tsx;Matriz automatizada de cobertura. CONFIRMADO_ESTATICO não equivale a teste manual nem a aceitação em hardware real.
DUCK-2262;Mastering Rack;manutenibilidade;prova estrutural;CONFIRMADO_ESTATICO;src/components/studio/tools/mastering-rack.tsx;Matriz automatizada de cobertura. CONFIRMADO_ESTATICO não equivale a teste manual nem a aceitação em hardware real.
DUCK-2263;Mastering Rack;manutenibilidade;evidência disponível;CONFIRMADO_ESTATICO;src/components/studio/tools/mastering-rack.tsx;Matriz automatizada de cobertura. CONFIRMADO_ESTATICO não equivale a teste manual nem a aceitação em hardware real.
DUCK-2264;Mastering Rack;manutenibilidade;limite operacional;PARCIAL;src/components/studio/tools/mastering-rack.tsx;Matriz automatizada de cobertura. CONFIRMADO_ESTATICO não equivale a teste manual nem a aceitação em hardware real.
DUCK-2265;Mastering Rack;manutenibilidade;aceitação de entrega;REVISAO_HUMANA;src/components/studio/tools/mastering-rack.tsx;Matriz automatizada de cobertura. CONFIRMADO_ESTATICO não equivale a teste manual nem a aceitação em hardware real.
DUCK-2266;Mastering Rack;tipagem;inspeção estática;CONFIRMADO_ESTATICO;src/components/studio/tools/mastering-rack.tsx;Matriz automatizada de cobertura. CONFIRMADO_ESTATICO não equivale a teste manual nem a aceitação em hardware real.
DUCK-2267;Mastering Rack;tipagem;prova estrutural;CONFIRMADO_ESTATICO;src/components/studio/tools/mastering-rack.tsx;Matriz automatizada de cobertura. CONFIRMADO_ESTATICO não equivale a teste manual nem a aceitação em hardware real.
DUCK-2268;Mastering Rack;tipagem;evidência disponível;CONFIRMADO_ESTATICO;src/components/studio/tools/mastering-rack.tsx;Matriz automatizada de cobertura. CONFIRMADO_ESTATICO não equivale a teste manual nem a aceitação em hardware real.
DUCK-2269;Mastering Rack;tipagem;limite operacional;PARCIAL;src/components/studio/tools/mastering-rack.tsx;Matriz automatizada de cobertura. CONFIRMADO_ESTATICO não equivale a teste manual nem a aceitação em hardware real.
DUCK-2270;Mastering Rack;tipagem;aceitação de entrega;REVISAO_HUMANA;src/components/studio/tools/mastering-rack.tsx;Matriz automatizada de cobertura. CONFIRMADO_ESTATICO não equivale a teste manual nem a aceitação em hardware real.
DUCK-2271;Mastering Rack;rastreabilidade;inspeção estática;CONFIRMADO_ESTATICO;src/components/studio/tools/mastering-rack.tsx;Matriz automatizada de cobertura. CONFIRMADO_ESTATICO não equivale a teste manual nem a aceitação em hardware real.
DUCK-2272;Mastering Rack;rastreabilidade;prova estrutural;CONFIRMADO_ESTATICO;src/components/studio/tools/mastering-rack.tsx;Matriz automatizada de cobertura. CONFIRMADO_ESTATICO não equivale a teste manual nem a aceitação em hardware real.
DUCK-2273;Mastering Rack;rastreabilidade;evidência disponível;CONFIRMADO_ESTATICO;src/components/studio/tools/mastering-rack.tsx;Matriz automatizada de cobertura. CONFIRMADO_ESTATICO não equivale a teste manual nem a aceitação em hardware real.
DUCK-2274;Mastering Rack;rastreabilidade;limite operacional;PARCIAL;src/components/studio/tools/mastering-rack.tsx;Matriz automatizada de cobertura. CONFIRMADO_ESTATICO não equivale a teste manual nem a aceitação em hardware real.
DUCK-2275;Mastering Rack;rastreabilidade;aceitação de entrega;REVISAO_HUMANA;src/components/studio/tools/mastering-rack.tsx;Matriz automatizada de cobertura. CONFIRMADO_ESTATICO não equivale a teste manual nem a aceitação em hardware real.
DUCK-2276;Mastering Rack;evidência visual;inspeção estática;CONFIRMADO_ESTATICO;src/components/studio/tools/mastering-rack.tsx;Matriz automatizada de cobertura. CONFIRMADO_ESTATICO não equivale a teste manual nem a aceitação em hardware real.
DUCK-2277;Mastering Rack;evidência visual;prova estrutural;CONFIRMADO_ESTATICO;src/components/studio/tools/mastering-rack.tsx;Matriz automatizada de cobertura. CONFIRMADO_ESTATICO não equivale a teste manual nem a aceitação em hardware real.
DUCK-2278;Mastering Rack;evidência visual;evidência disponível;CONFIRMADO_ESTATICO;src/components/studio/tools/mastering-rack.tsx;Matriz automatizada de cobertura. CONFIRMADO_ESTATICO não equivale a teste manual nem a aceitação em hardware real.
DUCK-2279;Mastering Rack;evidência visual;limite operacional;PARCIAL;src/components/studio/tools/mastering-rack.tsx;Matriz automatizada de cobertura. CONFIRMADO_ESTATICO não equivale a teste manual nem a aceitação em hardware real.
DUCK-2280;Mastering Rack;evidência visual;aceitação de entrega;REVISAO_HUMANA;src/components/studio/tools/mastering-rack.tsx;Matriz automatizada de cobertura. CONFIRMADO_ESTATICO não equivale a teste manual nem a aceitação em hardware real.
DUCK-2281;Mastering Rack;documentação;inspeção estática;CONFIRMADO_ESTATICO;src/components/studio/tools/mastering-rack.tsx;Matriz automatizada de cobertura. CONFIRMADO_ESTATICO não equivale a teste manual nem a aceitação em hardware real.
DUCK-2282;Mastering Rack;documentação;prova estrutural;CONFIRMADO_ESTATICO;src/components/studio/tools/mastering-rack.tsx;Matriz automatizada de cobertura. CONFIRMADO_ESTATICO não equivale a teste manual nem a aceitação em hardware real.
DUCK-2283;Mastering Rack;documentação;evidência disponível;CONFIRMADO_ESTATICO;src/components/studio/tools/mastering-rack.tsx;Matriz automatizada de cobertura. CONFIRMADO_ESTATICO não equivale a teste manual nem a aceitação em hardware real.
DUCK-2284;Mastering Rack;documentação;limite operacional;PARCIAL;src/components/studio/tools/mastering-rack.tsx;Matriz automatizada de cobertura. CONFIRMADO_ESTATICO não equivale a teste manual nem a aceitação em hardware real.
DUCK-2285;Mastering Rack;documentação;aceitação de entrega;REVISAO_HUMANA;src/components/studio/tools/mastering-rack.tsx;Matriz automatizada de cobertura. CONFIRMADO_ESTATICO não equivale a teste manual nem a aceitação em hardware real.
DUCK-2286;Mastering Rack;recuperação;inspeção estática;CONFIRMADO_ESTATICO;src/components/studio/tools/mastering-rack.tsx;Matriz automatizada de cobertura. CONFIRMADO_ESTATICO não equivale a teste manual nem a aceitação em hardware real.
DUCK-2287;Mastering Rack;recuperação;prova estrutural;CONFIRMADO_ESTATICO;src/components/studio/tools/mastering-rack.tsx;Matriz automatizada de cobertura. CONFIRMADO_ESTATICO não equivale a teste manual nem a aceitação em hardware real.
DUCK-2288;Mastering Rack;recuperação;evidência disponível;CONFIRMADO_ESTATICO;src/components/studio/tools/mastering-rack.tsx;Matriz automatizada de cobertura. CONFIRMADO_ESTATICO não equivale a teste manual nem a aceitação em hardware real.
DUCK-2289;Mastering Rack;recuperação;limite operacional;PARCIAL;src/components/studio/tools/mastering-rack.tsx;Matriz automatizada de cobertura. CONFIRMADO_ESTATICO não equivale a teste manual nem a aceitação em hardware real.
DUCK-2290;Mastering Rack;recuperação;aceitação de entrega;REVISAO_HUMANA;src/components/studio/tools/mastering-rack.tsx;Matriz automatizada de cobertura. CONFIRMADO_ESTATICO não equivale a teste manual nem a aceitação em hardware real.
DUCK-2291;Mastering Rack;exportação;inspeção estática;CONFIRMADO_ESTATICO;src/components/studio/tools/mastering-rack.tsx;Matriz automatizada de cobertura. CONFIRMADO_ESTATICO não equivale a teste manual nem a aceitação em hardware real.
DUCK-2292;Mastering Rack;exportação;prova estrutural;CONFIRMADO_ESTATICO;src/components/studio/tools/mastering-rack.tsx;Matriz automatizada de cobertura. CONFIRMADO_ESTATICO não equivale a teste manual nem a aceitação em hardware real.
DUCK-2293;Mastering Rack;exportação;evidência disponível;CONFIRMADO_ESTATICO;src/components/studio/tools/mastering-rack.tsx;Matriz automatizada de cobertura. CONFIRMADO_ESTATICO não equivale a teste manual nem a aceitação em hardware real.
DUCK-2294;Mastering Rack;exportação;limite operacional;PARCIAL;src/components/studio/tools/mastering-rack.tsx;Matriz automatizada de cobertura. CONFIRMADO_ESTATICO não equivale a teste manual nem a aceitação em hardware real.
DUCK-2295;Mastering Rack;exportação;aceitação de entrega;REVISAO_HUMANA;src/components/studio/tools/mastering-rack.tsx;Matriz automatizada de cobertura. CONFIRMADO_ESTATICO não equivale a teste manual nem a aceitação em hardware real.
DUCK-2296;Mastering Rack;entrega;inspeção estática;CONFIRMADO_ESTATICO;src/components/studio/tools/mastering-rack.tsx;Matriz automatizada de cobertura. CONFIRMADO_ESTATICO não equivale a teste manual nem a aceitação em hardware real.
DUCK-2297;Mastering Rack;entrega;prova estrutural;CONFIRMADO_ESTATICO;src/components/studio/tools/mastering-rack.tsx;Matriz automatizada de cobertura. CONFIRMADO_ESTATICO não equivale a teste manual nem a aceitação em hardware real.
DUCK-2298;Mastering Rack;entrega;evidência disponível;CONFIRMADO_ESTATICO;src/components/studio/tools/mastering-rack.tsx;Matriz automatizada de cobertura. CONFIRMADO_ESTATICO não equivale a teste manual nem a aceitação em hardware real.
DUCK-2299;Mastering Rack;entrega;limite operacional;PARCIAL;src/components/studio/tools/mastering-rack.tsx;Matriz automatizada de cobertura. CONFIRMADO_ESTATICO não equivale a teste manual nem a aceitação em hardware real.
DUCK-2300;Mastering Rack;entrega;aceitação de entrega;REVISAO_HUMANA;src/components/studio/tools/mastering-rack.tsx;Matriz automatizada de cobertura. CONFIRMADO_ESTATICO não equivale a teste manual nem a aceitação em hardware real.
DUCK-2301;Afinador;presença funcional;inspeção estática;CONFIRMADO_ESTATICO;src/components/studio/tools/tuner.tsx;Matriz automatizada de cobertura. CONFIRMADO_ESTATICO não equivale a teste manual nem a aceitação em hardware real.
DUCK-2302;Afinador;presença funcional;prova estrutural;CONFIRMADO_ESTATICO;src/components/studio/tools/tuner.tsx;Matriz automatizada de cobertura. CONFIRMADO_ESTATICO não equivale a teste manual nem a aceitação em hardware real.
DUCK-2303;Afinador;presença funcional;evidência disponível;CONFIRMADO_ESTATICO;src/components/studio/tools/tuner.tsx;Matriz automatizada de cobertura. CONFIRMADO_ESTATICO não equivale a teste manual nem a aceitação em hardware real.
DUCK-2304;Afinador;presença funcional;limite operacional;PARCIAL;src/components/studio/tools/tuner.tsx;Matriz automatizada de cobertura. CONFIRMADO_ESTATICO não equivale a teste manual nem a aceitação em hardware real.
DUCK-2305;Afinador;presença funcional;aceitação de entrega;REVISAO_HUMANA;src/components/studio/tools/tuner.tsx;Matriz automatizada de cobertura. CONFIRMADO_ESTATICO não equivale a teste manual nem a aceitação em hardware real.
DUCK-2306;Afinador;consistência de estados;inspeção estática;CONFIRMADO_ESTATICO;src/components/studio/tools/tuner.tsx;Matriz automatizada de cobertura. CONFIRMADO_ESTATICO não equivale a teste manual nem a aceitação em hardware real.
DUCK-2307;Afinador;consistência de estados;prova estrutural;CONFIRMADO_ESTATICO;src/components/studio/tools/tuner.tsx;Matriz automatizada de cobertura. CONFIRMADO_ESTATICO não equivale a teste manual nem a aceitação em hardware real.
DUCK-2308;Afinador;consistência de estados;evidência disponível;CONFIRMADO_ESTATICO;src/components/studio/tools/tuner.tsx;Matriz automatizada de cobertura. CONFIRMADO_ESTATICO não equivale a teste manual nem a aceitação em hardware real.
DUCK-2309;Afinador;consistência de estados;limite operacional;PARCIAL;src/components/studio/tools/tuner.tsx;Matriz automatizada de cobertura. CONFIRMADO_ESTATICO não equivale a teste manual nem a aceitação em hardware real.
DUCK-2310;Afinador;consistência de estados;aceitação de entrega;REVISAO_HUMANA;src/components/studio/tools/tuner.tsx;Matriz automatizada de cobertura. CONFIRMADO_ESTATICO não equivale a teste manual nem a aceitação em hardware real.
DUCK-2311;Afinador;clareza de feedback;inspeção estática;CONFIRMADO_ESTATICO;src/components/studio/tools/tuner.tsx;Matriz automatizada de cobertura. CONFIRMADO_ESTATICO não equivale a teste manual nem a aceitação em hardware real.
DUCK-2312;Afinador;clareza de feedback;prova estrutural;CONFIRMADO_ESTATICO;src/components/studio/tools/tuner.tsx;Matriz automatizada de cobertura. CONFIRMADO_ESTATICO não equivale a teste manual nem a aceitação em hardware real.
DUCK-2313;Afinador;clareza de feedback;evidência disponível;CONFIRMADO_ESTATICO;src/components/studio/tools/tuner.tsx;Matriz automatizada de cobertura. CONFIRMADO_ESTATICO não equivale a teste manual nem a aceitação em hardware real.
DUCK-2314;Afinador;clareza de feedback;limite operacional;PARCIAL;src/components/studio/tools/tuner.tsx;Matriz automatizada de cobertura. CONFIRMADO_ESTATICO não equivale a teste manual nem a aceitação em hardware real.
DUCK-2315;Afinador;clareza de feedback;aceitação de entrega;REVISAO_HUMANA;src/components/studio/tools/tuner.tsx;Matriz automatizada de cobertura. CONFIRMADO_ESTATICO não equivale a teste manual nem a aceitação em hardware real.
DUCK-2316;Afinador;tratamento de erro;inspeção estática;CONFIRMADO_ESTATICO;src/components/studio/tools/tuner.tsx;Matriz automatizada de cobertura. CONFIRMADO_ESTATICO não equivale a teste manual nem a aceitação em hardware real.
DUCK-2317;Afinador;tratamento de erro;prova estrutural;CONFIRMADO_ESTATICO;src/components/studio/tools/tuner.tsx;Matriz automatizada de cobertura. CONFIRMADO_ESTATICO não equivale a teste manual nem a aceitação em hardware real.
DUCK-2318;Afinador;tratamento de erro;evidência disponível;CONFIRMADO_ESTATICO;src/components/studio/tools/tuner.tsx;Matriz automatizada de cobertura. CONFIRMADO_ESTATICO não equivale a teste manual nem a aceitação em hardware real.
DUCK-2319;Afinador;tratamento de erro;limite operacional;PARCIAL;src/components/studio/tools/tuner.tsx;Matriz automatizada de cobertura. CONFIRMADO_ESTATICO não equivale a teste manual nem a aceitação em hardware real.
DUCK-2320;Afinador;tratamento de erro;aceitação de entrega;REVISAO_HUMANA;src/components/studio/tools/tuner.tsx;Matriz automatizada de cobertura. CONFIRMADO_ESTATICO não equivale a teste manual nem a aceitação em hardware real.
DUCK-2321;Afinador;navegação por teclado;inspeção estática;CONFIRMADO_ESTATICO;src/components/studio/tools/tuner.tsx;Matriz automatizada de cobertura. CONFIRMADO_ESTATICO não equivale a teste manual nem a aceitação em hardware real.
DUCK-2322;Afinador;navegação por teclado;prova estrutural;CONFIRMADO_ESTATICO;src/components/studio/tools/tuner.tsx;Matriz automatizada de cobertura. CONFIRMADO_ESTATICO não equivale a teste manual nem a aceitação em hardware real.
DUCK-2323;Afinador;navegação por teclado;evidência disponível;CONFIRMADO_ESTATICO;src/components/studio/tools/tuner.tsx;Matriz automatizada de cobertura. CONFIRMADO_ESTATICO não equivale a teste manual nem a aceitação em hardware real.
DUCK-2324;Afinador;navegação por teclado;limite operacional;PARCIAL;src/components/studio/tools/tuner.tsx;Matriz automatizada de cobertura. CONFIRMADO_ESTATICO não equivale a teste manual nem a aceitação em hardware real.
DUCK-2325;Afinador;navegação por teclado;aceitação de entrega;REVISAO_HUMANA;src/components/studio/tools/tuner.tsx;Matriz automatizada de cobertura. CONFIRMADO_ESTATICO não equivale a teste manual nem a aceitação em hardware real.
DUCK-2326;Afinador;legibilidade;inspeção estática;CONFIRMADO_ESTATICO;src/components/studio/tools/tuner.tsx;Matriz automatizada de cobertura. CONFIRMADO_ESTATICO não equivale a teste manual nem a aceitação em hardware real.
DUCK-2327;Afinador;legibilidade;prova estrutural;CONFIRMADO_ESTATICO;src/components/studio/tools/tuner.tsx;Matriz automatizada de cobertura. CONFIRMADO_ESTATICO não equivale a teste manual nem a aceitação em hardware real.
DUCK-2328;Afinador;legibilidade;evidência disponível;CONFIRMADO_ESTATICO;src/components/studio/tools/tuner.tsx;Matriz automatizada de cobertura. CONFIRMADO_ESTATICO não equivale a teste manual nem a aceitação em hardware real.
DUCK-2329;Afinador;legibilidade;limite operacional;PARCIAL;src/components/studio/tools/tuner.tsx;Matriz automatizada de cobertura. CONFIRMADO_ESTATICO não equivale a teste manual nem a aceitação em hardware real.
DUCK-2330;Afinador;legibilidade;aceitação de entrega;REVISAO_HUMANA;src/components/studio/tools/tuner.tsx;Matriz automatizada de cobertura. CONFIRMADO_ESTATICO não equivale a teste manual nem a aceitação em hardware real.
DUCK-2331;Afinador;contraste;inspeção estática;CONFIRMADO_ESTATICO;src/components/studio/tools/tuner.tsx;Matriz automatizada de cobertura. CONFIRMADO_ESTATICO não equivale a teste manual nem a aceitação em hardware real.
DUCK-2332;Afinador;contraste;prova estrutural;CONFIRMADO_ESTATICO;src/components/studio/tools/tuner.tsx;Matriz automatizada de cobertura. CONFIRMADO_ESTATICO não equivale a teste manual nem a aceitação em hardware real.
DUCK-2333;Afinador;contraste;evidência disponível;CONFIRMADO_ESTATICO;src/components/studio/tools/tuner.tsx;Matriz automatizada de cobertura. CONFIRMADO_ESTATICO não equivale a teste manual nem a aceitação em hardware real.
DUCK-2334;Afinador;contraste;limite operacional;PARCIAL;src/components/studio/tools/tuner.tsx;Matriz automatizada de cobertura. CONFIRMADO_ESTATICO não equivale a teste manual nem a aceitação em hardware real.
DUCK-2335;Afinador;contraste;aceitação de entrega;REVISAO_HUMANA;src/components/studio/tools/tuner.tsx;Matriz automatizada de cobertura. CONFIRMADO_ESTATICO não equivale a teste manual nem a aceitação em hardware real.
DUCK-2336;Afinador;responsividade;inspeção estática;CONFIRMADO_ESTATICO;src/components/studio/tools/tuner.tsx;Matriz automatizada de cobertura. CONFIRMADO_ESTATICO não equivale a teste manual nem a aceitação em hardware real.
DUCK-2337;Afinador;responsividade;prova estrutural;CONFIRMADO_ESTATICO;src/components/studio/tools/tuner.tsx;Matriz automatizada de cobertura. CONFIRMADO_ESTATICO não equivale a teste manual nem a aceitação em hardware real.
DUCK-2338;Afinador;responsividade;evidência disponível;CONFIRMADO_ESTATICO;src/components/studio/tools/tuner.tsx;Matriz automatizada de cobertura. CONFIRMADO_ESTATICO não equivale a teste manual nem a aceitação em hardware real.
DUCK-2339;Afinador;responsividade;limite operacional;PARCIAL;src/components/studio/tools/tuner.tsx;Matriz automatizada de cobertura. CONFIRMADO_ESTATICO não equivale a teste manual nem a aceitação em hardware real.
DUCK-2340;Afinador;responsividade;aceitação de entrega;REVISAO_HUMANA;src/components/studio/tools/tuner.tsx;Matriz automatizada de cobertura. CONFIRMADO_ESTATICO não equivale a teste manual nem a aceitação em hardware real.
DUCK-2341;Afinador;persistência;inspeção estática;CONFIRMADO_ESTATICO;src/components/studio/tools/tuner.tsx;Matriz automatizada de cobertura. CONFIRMADO_ESTATICO não equivale a teste manual nem a aceitação em hardware real.
DUCK-2342;Afinador;persistência;prova estrutural;CONFIRMADO_ESTATICO;src/components/studio/tools/tuner.tsx;Matriz automatizada de cobertura. CONFIRMADO_ESTATICO não equivale a teste manual nem a aceitação em hardware real.
DUCK-2343;Afinador;persistência;evidência disponível;CONFIRMADO_ESTATICO;src/components/studio/tools/tuner.tsx;Matriz automatizada de cobertura. CONFIRMADO_ESTATICO não equivale a teste manual nem a aceitação em hardware real.
DUCK-2344;Afinador;persistência;limite operacional;PARCIAL;src/components/studio/tools/tuner.tsx;Matriz automatizada de cobertura. CONFIRMADO_ESTATICO não equivale a teste manual nem a aceitação em hardware real.
DUCK-2345;Afinador;persistência;aceitação de entrega;REVISAO_HUMANA;src/components/studio/tools/tuner.tsx;Matriz automatizada de cobertura. CONFIRMADO_ESTATICO não equivale a teste manual nem a aceitação em hardware real.
DUCK-2346;Afinador;segurança de entrada;inspeção estática;CONFIRMADO_ESTATICO;src/components/studio/tools/tuner.tsx;Matriz automatizada de cobertura. CONFIRMADO_ESTATICO não equivale a teste manual nem a aceitação em hardware real.
DUCK-2347;Afinador;segurança de entrada;prova estrutural;CONFIRMADO_ESTATICO;src/components/studio/tools/tuner.tsx;Matriz automatizada de cobertura. CONFIRMADO_ESTATICO não equivale a teste manual nem a aceitação em hardware real.
DUCK-2348;Afinador;segurança de entrada;evidência disponível;CONFIRMADO_ESTATICO;src/components/studio/tools/tuner.tsx;Matriz automatizada de cobertura. CONFIRMADO_ESTATICO não equivale a teste manual nem a aceitação em hardware real.
DUCK-2349;Afinador;segurança de entrada;limite operacional;PARCIAL;src/components/studio/tools/tuner.tsx;Matriz automatizada de cobertura. CONFIRMADO_ESTATICO não equivale a teste manual nem a aceitação em hardware real.
DUCK-2350;Afinador;segurança de entrada;aceitação de entrega;REVISAO_HUMANA;src/components/studio/tools/tuner.tsx;Matriz automatizada de cobertura. CONFIRMADO_ESTATICO não equivale a teste manual nem a aceitação em hardware real.
DUCK-2351;Afinador;privacidade;inspeção estática;CONFIRMADO_ESTATICO;src/components/studio/tools/tuner.tsx;Matriz automatizada de cobertura. CONFIRMADO_ESTATICO não equivale a teste manual nem a aceitação em hardware real.
DUCK-2352;Afinador;privacidade;prova estrutural;CONFIRMADO_ESTATICO;src/components/studio/tools/tuner.tsx;Matriz automatizada de cobertura. CONFIRMADO_ESTATICO não equivale a teste manual nem a aceitação em hardware real.
DUCK-2353;Afinador;privacidade;evidência disponível;CONFIRMADO_ESTATICO;src/components/studio/tools/tuner.tsx;Matriz automatizada de cobertura. CONFIRMADO_ESTATICO não equivale a teste manual nem a aceitação em hardware real.
DUCK-2354;Afinador;privacidade;limite operacional;PARCIAL;src/components/studio/tools/tuner.tsx;Matriz automatizada de cobertura. CONFIRMADO_ESTATICO não equivale a teste manual nem a aceitação em hardware real.
DUCK-2355;Afinador;privacidade;aceitação de entrega;REVISAO_HUMANA;src/components/studio/tools/tuner.tsx;Matriz automatizada de cobertura. CONFIRMADO_ESTATICO não equivale a teste manual nem a aceitação em hardware real.
DUCK-2356;Afinador;desempenho;inspeção estática;CONFIRMADO_ESTATICO;src/components/studio/tools/tuner.tsx;Matriz automatizada de cobertura. CONFIRMADO_ESTATICO não equivale a teste manual nem a aceitação em hardware real.
DUCK-2357;Afinador;desempenho;prova estrutural;CONFIRMADO_ESTATICO;src/components/studio/tools/tuner.tsx;Matriz automatizada de cobertura. CONFIRMADO_ESTATICO não equivale a teste manual nem a aceitação em hardware real.
DUCK-2358;Afinador;desempenho;evidência disponível;CONFIRMADO_ESTATICO;src/components/studio/tools/tuner.tsx;Matriz automatizada de cobertura. CONFIRMADO_ESTATICO não equivale a teste manual nem a aceitação em hardware real.
DUCK-2359;Afinador;desempenho;limite operacional;PARCIAL;src/components/studio/tools/tuner.tsx;Matriz automatizada de cobertura. CONFIRMADO_ESTATICO não equivale a teste manual nem a aceitação em hardware real.
DUCK-2360;Afinador;desempenho;aceitação de entrega;REVISAO_HUMANA;src/components/studio/tools/tuner.tsx;Matriz automatizada de cobertura. CONFIRMADO_ESTATICO não equivale a teste manual nem a aceitação em hardware real.
DUCK-2361;Afinador;manutenibilidade;inspeção estática;CONFIRMADO_ESTATICO;src/components/studio/tools/tuner.tsx;Matriz automatizada de cobertura. CONFIRMADO_ESTATICO não equivale a teste manual nem a aceitação em hardware real.
DUCK-2362;Afinador;manutenibilidade;prova estrutural;CONFIRMADO_ESTATICO;src/components/studio/tools/tuner.tsx;Matriz automatizada de cobertura. CONFIRMADO_ESTATICO não equivale a teste manual nem a aceitação em hardware real.
DUCK-2363;Afinador;manutenibilidade;evidência disponível;CONFIRMADO_ESTATICO;src/components/studio/tools/tuner.tsx;Matriz automatizada de cobertura. CONFIRMADO_ESTATICO não equivale a teste manual nem a aceitação em hardware real.
DUCK-2364;Afinador;manutenibilidade;limite operacional;PARCIAL;src/components/studio/tools/tuner.tsx;Matriz automatizada de cobertura. CONFIRMADO_ESTATICO não equivale a teste manual nem a aceitação em hardware real.
DUCK-2365;Afinador;manutenibilidade;aceitação de entrega;REVISAO_HUMANA;src/components/studio/tools/tuner.tsx;Matriz automatizada de cobertura. CONFIRMADO_ESTATICO não equivale a teste manual nem a aceitação em hardware real.
DUCK-2366;Afinador;tipagem;inspeção estática;CONFIRMADO_ESTATICO;src/components/studio/tools/tuner.tsx;Matriz automatizada de cobertura. CONFIRMADO_ESTATICO não equivale a teste manual nem a aceitação em hardware real.
DUCK-2367;Afinador;tipagem;prova estrutural;CONFIRMADO_ESTATICO;src/components/studio/tools/tuner.tsx;Matriz automatizada de cobertura. CONFIRMADO_ESTATICO não equivale a teste manual nem a aceitação em hardware real.
DUCK-2368;Afinador;tipagem;evidência disponível;CONFIRMADO_ESTATICO;src/components/studio/tools/tuner.tsx;Matriz automatizada de cobertura. CONFIRMADO_ESTATICO não equivale a teste manual nem a aceitação em hardware real.
DUCK-2369;Afinador;tipagem;limite operacional;PARCIAL;src/components/studio/tools/tuner.tsx;Matriz automatizada de cobertura. CONFIRMADO_ESTATICO não equivale a teste manual nem a aceitação em hardware real.
DUCK-2370;Afinador;tipagem;aceitação de entrega;REVISAO_HUMANA;src/components/studio/tools/tuner.tsx;Matriz automatizada de cobertura. CONFIRMADO_ESTATICO não equivale a teste manual nem a aceitação em hardware real.
DUCK-2371;Afinador;rastreabilidade;inspeção estática;CONFIRMADO_ESTATICO;src/components/studio/tools/tuner.tsx;Matriz automatizada de cobertura. CONFIRMADO_ESTATICO não equivale a teste manual nem a aceitação em hardware real.
DUCK-2372;Afinador;rastreabilidade;prova estrutural;CONFIRMADO_ESTATICO;src/components/studio/tools/tuner.tsx;Matriz automatizada de cobertura. CONFIRMADO_ESTATICO não equivale a teste manual nem a aceitação em hardware real.
DUCK-2373;Afinador;rastreabilidade;evidência disponível;CONFIRMADO_ESTATICO;src/components/studio/tools/tuner.tsx;Matriz automatizada de cobertura. CONFIRMADO_ESTATICO não equivale a teste manual nem a aceitação em hardware real.
DUCK-2374;Afinador;rastreabilidade;limite operacional;PARCIAL;src/components/studio/tools/tuner.tsx;Matriz automatizada de cobertura. CONFIRMADO_ESTATICO não equivale a teste manual nem a aceitação em hardware real.
DUCK-2375;Afinador;rastreabilidade;aceitação de entrega;REVISAO_HUMANA;src/components/studio/tools/tuner.tsx;Matriz automatizada de cobertura. CONFIRMADO_ESTATICO não equivale a teste manual nem a aceitação em hardware real.
DUCK-2376;Afinador;evidência visual;inspeção estática;CONFIRMADO_ESTATICO;src/components/studio/tools/tuner.tsx;Matriz automatizada de cobertura. CONFIRMADO_ESTATICO não equivale a teste manual nem a aceitação em hardware real.
DUCK-2377;Afinador;evidência visual;prova estrutural;CONFIRMADO_ESTATICO;src/components/studio/tools/tuner.tsx;Matriz automatizada de cobertura. CONFIRMADO_ESTATICO não equivale a teste manual nem a aceitação em hardware real.
DUCK-2378;Afinador;evidência visual;evidência disponível;CONFIRMADO_ESTATICO;src/components/studio/tools/tuner.tsx;Matriz automatizada de cobertura. CONFIRMADO_ESTATICO não equivale a teste manual nem a aceitação em hardware real.
DUCK-2379;Afinador;evidência visual;limite operacional;PARCIAL;src/components/studio/tools/tuner.tsx;Matriz automatizada de cobertura. CONFIRMADO_ESTATICO não equivale a teste manual nem a aceitação em hardware real.
DUCK-2380;Afinador;evidência visual;aceitação de entrega;REVISAO_HUMANA;src/components/studio/tools/tuner.tsx;Matriz automatizada de cobertura. CONFIRMADO_ESTATICO não equivale a teste manual nem a aceitação em hardware real.
DUCK-2381;Afinador;documentação;inspeção estática;CONFIRMADO_ESTATICO;src/components/studio/tools/tuner.tsx;Matriz automatizada de cobertura. CONFIRMADO_ESTATICO não equivale a teste manual nem a aceitação em hardware real.
DUCK-2382;Afinador;documentação;prova estrutural;CONFIRMADO_ESTATICO;src/components/studio/tools/tuner.tsx;Matriz automatizada de cobertura. CONFIRMADO_ESTATICO não equivale a teste manual nem a aceitação em hardware real.
DUCK-2383;Afinador;documentação;evidência disponível;CONFIRMADO_ESTATICO;src/components/studio/tools/tuner.tsx;Matriz automatizada de cobertura. CONFIRMADO_ESTATICO não equivale a teste manual nem a aceitação em hardware real.
DUCK-2384;Afinador;documentação;limite operacional;PARCIAL;src/components/studio/tools/tuner.tsx;Matriz automatizada de cobertura. CONFIRMADO_ESTATICO não equivale a teste manual nem a aceitação em hardware real.
DUCK-2385;Afinador;documentação;aceitação de entrega;REVISAO_HUMANA;src/components/studio/tools/tuner.tsx;Matriz automatizada de cobertura. CONFIRMADO_ESTATICO não equivale a teste manual nem a aceitação em hardware real.
DUCK-2386;Afinador;recuperação;inspeção estática;CONFIRMADO_ESTATICO;src/components/studio/tools/tuner.tsx;Matriz automatizada de cobertura. CONFIRMADO_ESTATICO não equivale a teste manual nem a aceitação em hardware real.
DUCK-2387;Afinador;recuperação;prova estrutural;CONFIRMADO_ESTATICO;src/components/studio/tools/tuner.tsx;Matriz automatizada de cobertura. CONFIRMADO_ESTATICO não equivale a teste manual nem a aceitação em hardware real.
DUCK-2388;Afinador;recuperação;evidência disponível;CONFIRMADO_ESTATICO;src/components/studio/tools/tuner.tsx;Matriz automatizada de cobertura. CONFIRMADO_ESTATICO não equivale a teste manual nem a aceitação em hardware real.
DUCK-2389;Afinador;recuperação;limite operacional;PARCIAL;src/components/studio/tools/tuner.tsx;Matriz automatizada de cobertura. CONFIRMADO_ESTATICO não equivale a teste manual nem a aceitação em hardware real.
DUCK-2390;Afinador;recuperação;aceitação de entrega;REVISAO_HUMANA;src/components/studio/tools/tuner.tsx;Matriz automatizada de cobertura. CONFIRMADO_ESTATICO não equivale a teste manual nem a aceitação em hardware real.
DUCK-2391;Afinador;exportação;inspeção estática;CONFIRMADO_ESTATICO;src/components/studio/tools/tuner.tsx;Matriz automatizada de cobertura. CONFIRMADO_ESTATICO não equivale a teste manual nem a aceitação em hardware real.
DUCK-2392;Afinador;exportação;prova estrutural;CONFIRMADO_ESTATICO;src/components/studio/tools/tuner.tsx;Matriz automatizada de cobertura. CONFIRMADO_ESTATICO não equivale a teste manual nem a aceitação em hardware real.
DUCK-2393;Afinador;exportação;evidência disponível;CONFIRMADO_ESTATICO;src/components/studio/tools/tuner.tsx;Matriz automatizada de cobertura. CONFIRMADO_ESTATICO não equivale a teste manual nem a aceitação em hardware real.
DUCK-2394;Afinador;exportação;limite operacional;PARCIAL;src/components/studio/tools/tuner.tsx;Matriz automatizada de cobertura. CONFIRMADO_ESTATICO não equivale a teste manual nem a aceitação em hardware real.
DUCK-2395;Afinador;exportação;aceitação de entrega;REVISAO_HUMANA;src/components/studio/tools/tuner.tsx;Matriz automatizada de cobertura. CONFIRMADO_ESTATICO não equivale a teste manual nem a aceitação em hardware real.
DUCK-2396;Afinador;entrega;inspeção estática;CONFIRMADO_ESTATICO;src/components/studio/tools/tuner.tsx;Matriz automatizada de cobertura. CONFIRMADO_ESTATICO não equivale a teste manual nem a aceitação em hardware real.
DUCK-2397;Afinador;entrega;prova estrutural;CONFIRMADO_ESTATICO;src/components/studio/tools/tuner.tsx;Matriz automatizada de cobertura. CONFIRMADO_ESTATICO não equivale a teste manual nem a aceitação em hardware real.
DUCK-2398;Afinador;entrega;evidência disponível;CONFIRMADO_ESTATICO;src/components/studio/tools/tuner.tsx;Matriz automatizada de cobertura. CONFIRMADO_ESTATICO não equivale a teste manual nem a aceitação em hardware real.
DUCK-2399;Afinador;entrega;limite operacional;PARCIAL;src/components/studio/tools/tuner.tsx;Matriz automatizada de cobertura. CONFIRMADO_ESTATICO não equivale a teste manual nem a aceitação em hardware real.
DUCK-2400;Afinador;entrega;aceitação de entrega;REVISAO_HUMANA;src/components/studio/tools/tuner.tsx;Matriz automatizada de cobertura. CONFIRMADO_ESTATICO não equivale a teste manual nem a aceitação em hardware real.
DUCK-2401;Loudness;presença funcional;inspeção estática;CONFIRMADO_ESTATICO;src/components/studio/tools/power-detector.tsx;Matriz automatizada de cobertura. CONFIRMADO_ESTATICO não equivale a teste manual nem a aceitação em hardware real.
DUCK-2402;Loudness;presença funcional;prova estrutural;CONFIRMADO_ESTATICO;src/components/studio/tools/power-detector.tsx;Matriz automatizada de cobertura. CONFIRMADO_ESTATICO não equivale a teste manual nem a aceitação em hardware real.
DUCK-2403;Loudness;presença funcional;evidência disponível;CONFIRMADO_ESTATICO;src/components/studio/tools/power-detector.tsx;Matriz automatizada de cobertura. CONFIRMADO_ESTATICO não equivale a teste manual nem a aceitação em hardware real.
DUCK-2404;Loudness;presença funcional;limite operacional;PARCIAL;src/components/studio/tools/power-detector.tsx;Matriz automatizada de cobertura. CONFIRMADO_ESTATICO não equivale a teste manual nem a aceitação em hardware real.
DUCK-2405;Loudness;presença funcional;aceitação de entrega;REVISAO_HUMANA;src/components/studio/tools/power-detector.tsx;Matriz automatizada de cobertura. CONFIRMADO_ESTATICO não equivale a teste manual nem a aceitação em hardware real.
DUCK-2406;Loudness;consistência de estados;inspeção estática;CONFIRMADO_ESTATICO;src/components/studio/tools/power-detector.tsx;Matriz automatizada de cobertura. CONFIRMADO_ESTATICO não equivale a teste manual nem a aceitação em hardware real.
DUCK-2407;Loudness;consistência de estados;prova estrutural;CONFIRMADO_ESTATICO;src/components/studio/tools/power-detector.tsx;Matriz automatizada de cobertura. CONFIRMADO_ESTATICO não equivale a teste manual nem a aceitação em hardware real.
DUCK-2408;Loudness;consistência de estados;evidência disponível;CONFIRMADO_ESTATICO;src/components/studio/tools/power-detector.tsx;Matriz automatizada de cobertura. CONFIRMADO_ESTATICO não equivale a teste manual nem a aceitação em hardware real.
DUCK-2409;Loudness;consistência de estados;limite operacional;PARCIAL;src/components/studio/tools/power-detector.tsx;Matriz automatizada de cobertura. CONFIRMADO_ESTATICO não equivale a teste manual nem a aceitação em hardware real.
DUCK-2410;Loudness;consistência de estados;aceitação de entrega;REVISAO_HUMANA;src/components/studio/tools/power-detector.tsx;Matriz automatizada de cobertura. CONFIRMADO_ESTATICO não equivale a teste manual nem a aceitação em hardware real.
DUCK-2411;Loudness;clareza de feedback;inspeção estática;CONFIRMADO_ESTATICO;src/components/studio/tools/power-detector.tsx;Matriz automatizada de cobertura. CONFIRMADO_ESTATICO não equivale a teste manual nem a aceitação em hardware real.
DUCK-2412;Loudness;clareza de feedback;prova estrutural;CONFIRMADO_ESTATICO;src/components/studio/tools/power-detector.tsx;Matriz automatizada de cobertura. CONFIRMADO_ESTATICO não equivale a teste manual nem a aceitação em hardware real.
DUCK-2413;Loudness;clareza de feedback;evidência disponível;CONFIRMADO_ESTATICO;src/components/studio/tools/power-detector.tsx;Matriz automatizada de cobertura. CONFIRMADO_ESTATICO não equivale a teste manual nem a aceitação em hardware real.
DUCK-2414;Loudness;clareza de feedback;limite operacional;PARCIAL;src/components/studio/tools/power-detector.tsx;Matriz automatizada de cobertura. CONFIRMADO_ESTATICO não equivale a teste manual nem a aceitação em hardware real.
DUCK-2415;Loudness;clareza de feedback;aceitação de entrega;REVISAO_HUMANA;src/components/studio/tools/power-detector.tsx;Matriz automatizada de cobertura. CONFIRMADO_ESTATICO não equivale a teste manual nem a aceitação em hardware real.
DUCK-2416;Loudness;tratamento de erro;inspeção estática;CONFIRMADO_ESTATICO;src/components/studio/tools/power-detector.tsx;Matriz automatizada de cobertura. CONFIRMADO_ESTATICO não equivale a teste manual nem a aceitação em hardware real.
DUCK-2417;Loudness;tratamento de erro;prova estrutural;CONFIRMADO_ESTATICO;src/components/studio/tools/power-detector.tsx;Matriz automatizada de cobertura. CONFIRMADO_ESTATICO não equivale a teste manual nem a aceitação em hardware real.
DUCK-2418;Loudness;tratamento de erro;evidência disponível;CONFIRMADO_ESTATICO;src/components/studio/tools/power-detector.tsx;Matriz automatizada de cobertura. CONFIRMADO_ESTATICO não equivale a teste manual nem a aceitação em hardware real.
DUCK-2419;Loudness;tratamento de erro;limite operacional;PARCIAL;src/components/studio/tools/power-detector.tsx;Matriz automatizada de cobertura. CONFIRMADO_ESTATICO não equivale a teste manual nem a aceitação em hardware real.
DUCK-2420;Loudness;tratamento de erro;aceitação de entrega;REVISAO_HUMANA;src/components/studio/tools/power-detector.tsx;Matriz automatizada de cobertura. CONFIRMADO_ESTATICO não equivale a teste manual nem a aceitação em hardware real.
DUCK-2421;Loudness;navegação por teclado;inspeção estática;CONFIRMADO_ESTATICO;src/components/studio/tools/power-detector.tsx;Matriz automatizada de cobertura. CONFIRMADO_ESTATICO não equivale a teste manual nem a aceitação em hardware real.
DUCK-2422;Loudness;navegação por teclado;prova estrutural;CONFIRMADO_ESTATICO;src/components/studio/tools/power-detector.tsx;Matriz automatizada de cobertura. CONFIRMADO_ESTATICO não equivale a teste manual nem a aceitação em hardware real.
DUCK-2423;Loudness;navegação por teclado;evidência disponível;CONFIRMADO_ESTATICO;src/components/studio/tools/power-detector.tsx;Matriz automatizada de cobertura. CONFIRMADO_ESTATICO não equivale a teste manual nem a aceitação em hardware real.
DUCK-2424;Loudness;navegação por teclado;limite operacional;PARCIAL;src/components/studio/tools/power-detector.tsx;Matriz automatizada de cobertura. CONFIRMADO_ESTATICO não equivale a teste manual nem a aceitação em hardware real.
DUCK-2425;Loudness;navegação por teclado;aceitação de entrega;REVISAO_HUMANA;src/components/studio/tools/power-detector.tsx;Matriz automatizada de cobertura. CONFIRMADO_ESTATICO não equivale a teste manual nem a aceitação em hardware real.
DUCK-2426;Loudness;legibilidade;inspeção estática;CONFIRMADO_ESTATICO;src/components/studio/tools/power-detector.tsx;Matriz automatizada de cobertura. CONFIRMADO_ESTATICO não equivale a teste manual nem a aceitação em hardware real.
DUCK-2427;Loudness;legibilidade;prova estrutural;CONFIRMADO_ESTATICO;src/components/studio/tools/power-detector.tsx;Matriz automatizada de cobertura. CONFIRMADO_ESTATICO não equivale a teste manual nem a aceitação em hardware real.
DUCK-2428;Loudness;legibilidade;evidência disponível;CONFIRMADO_ESTATICO;src/components/studio/tools/power-detector.tsx;Matriz automatizada de cobertura. CONFIRMADO_ESTATICO não equivale a teste manual nem a aceitação em hardware real.
DUCK-2429;Loudness;legibilidade;limite operacional;PARCIAL;src/components/studio/tools/power-detector.tsx;Matriz automatizada de cobertura. CONFIRMADO_ESTATICO não equivale a teste manual nem a aceitação em hardware real.
DUCK-2430;Loudness;legibilidade;aceitação de entrega;REVISAO_HUMANA;src/components/studio/tools/power-detector.tsx;Matriz automatizada de cobertura. CONFIRMADO_ESTATICO não equivale a teste manual nem a aceitação em hardware real.
DUCK-2431;Loudness;contraste;inspeção estática;CONFIRMADO_ESTATICO;src/components/studio/tools/power-detector.tsx;Matriz automatizada de cobertura. CONFIRMADO_ESTATICO não equivale a teste manual nem a aceitação em hardware real.
DUCK-2432;Loudness;contraste;prova estrutural;CONFIRMADO_ESTATICO;src/components/studio/tools/power-detector.tsx;Matriz automatizada de cobertura. CONFIRMADO_ESTATICO não equivale a teste manual nem a aceitação em hardware real.
DUCK-2433;Loudness;contraste;evidência disponível;CONFIRMADO_ESTATICO;src/components/studio/tools/power-detector.tsx;Matriz automatizada de cobertura. CONFIRMADO_ESTATICO não equivale a teste manual nem a aceitação em hardware real.
DUCK-2434;Loudness;contraste;limite operacional;PARCIAL;src/components/studio/tools/power-detector.tsx;Matriz automatizada de cobertura. CONFIRMADO_ESTATICO não equivale a teste manual nem a aceitação em hardware real.
DUCK-2435;Loudness;contraste;aceitação de entrega;REVISAO_HUMANA;src/components/studio/tools/power-detector.tsx;Matriz automatizada de cobertura. CONFIRMADO_ESTATICO não equivale a teste manual nem a aceitação em hardware real.
DUCK-2436;Loudness;responsividade;inspeção estática;CONFIRMADO_ESTATICO;src/components/studio/tools/power-detector.tsx;Matriz automatizada de cobertura. CONFIRMADO_ESTATICO não equivale a teste manual nem a aceitação em hardware real.
DUCK-2437;Loudness;responsividade;prova estrutural;CONFIRMADO_ESTATICO;src/components/studio/tools/power-detector.tsx;Matriz automatizada de cobertura. CONFIRMADO_ESTATICO não equivale a teste manual nem a aceitação em hardware real.
DUCK-2438;Loudness;responsividade;evidência disponível;CONFIRMADO_ESTATICO;src/components/studio/tools/power-detector.tsx;Matriz automatizada de cobertura. CONFIRMADO_ESTATICO não equivale a teste manual nem a aceitação em hardware real.
DUCK-2439;Loudness;responsividade;limite operacional;PARCIAL;src/components/studio/tools/power-detector.tsx;Matriz automatizada de cobertura. CONFIRMADO_ESTATICO não equivale a teste manual nem a aceitação em hardware real.
DUCK-2440;Loudness;responsividade;aceitação de entrega;REVISAO_HUMANA;src/components/studio/tools/power-detector.tsx;Matriz automatizada de cobertura. CONFIRMADO_ESTATICO não equivale a teste manual nem a aceitação em hardware real.
DUCK-2441;Loudness;persistência;inspeção estática;CONFIRMADO_ESTATICO;src/components/studio/tools/power-detector.tsx;Matriz automatizada de cobertura. CONFIRMADO_ESTATICO não equivale a teste manual nem a aceitação em hardware real.
DUCK-2442;Loudness;persistência;prova estrutural;CONFIRMADO_ESTATICO;src/components/studio/tools/power-detector.tsx;Matriz automatizada de cobertura. CONFIRMADO_ESTATICO não equivale a teste manual nem a aceitação em hardware real.
DUCK-2443;Loudness;persistência;evidência disponível;CONFIRMADO_ESTATICO;src/components/studio/tools/power-detector.tsx;Matriz automatizada de cobertura. CONFIRMADO_ESTATICO não equivale a teste manual nem a aceitação em hardware real.
DUCK-2444;Loudness;persistência;limite operacional;PARCIAL;src/components/studio/tools/power-detector.tsx;Matriz automatizada de cobertura. CONFIRMADO_ESTATICO não equivale a teste manual nem a aceitação em hardware real.
DUCK-2445;Loudness;persistência;aceitação de entrega;REVISAO_HUMANA;src/components/studio/tools/power-detector.tsx;Matriz automatizada de cobertura. CONFIRMADO_ESTATICO não equivale a teste manual nem a aceitação em hardware real.
DUCK-2446;Loudness;segurança de entrada;inspeção estática;CONFIRMADO_ESTATICO;src/components/studio/tools/power-detector.tsx;Matriz automatizada de cobertura. CONFIRMADO_ESTATICO não equivale a teste manual nem a aceitação em hardware real.
DUCK-2447;Loudness;segurança de entrada;prova estrutural;CONFIRMADO_ESTATICO;src/components/studio/tools/power-detector.tsx;Matriz automatizada de cobertura. CONFIRMADO_ESTATICO não equivale a teste manual nem a aceitação em hardware real.
DUCK-2448;Loudness;segurança de entrada;evidência disponível;CONFIRMADO_ESTATICO;src/components/studio/tools/power-detector.tsx;Matriz automatizada de cobertura. CONFIRMADO_ESTATICO não equivale a teste manual nem a aceitação em hardware real.
DUCK-2449;Loudness;segurança de entrada;limite operacional;PARCIAL;src/components/studio/tools/power-detector.tsx;Matriz automatizada de cobertura. CONFIRMADO_ESTATICO não equivale a teste manual nem a aceitação em hardware real.
DUCK-2450;Loudness;segurança de entrada;aceitação de entrega;REVISAO_HUMANA;src/components/studio/tools/power-detector.tsx;Matriz automatizada de cobertura. CONFIRMADO_ESTATICO não equivale a teste manual nem a aceitação em hardware real.
DUCK-2451;Loudness;privacidade;inspeção estática;CONFIRMADO_ESTATICO;src/components/studio/tools/power-detector.tsx;Matriz automatizada de cobertura. CONFIRMADO_ESTATICO não equivale a teste manual nem a aceitação em hardware real.
DUCK-2452;Loudness;privacidade;prova estrutural;CONFIRMADO_ESTATICO;src/components/studio/tools/power-detector.tsx;Matriz automatizada de cobertura. CONFIRMADO_ESTATICO não equivale a teste manual nem a aceitação em hardware real.
DUCK-2453;Loudness;privacidade;evidência disponível;CONFIRMADO_ESTATICO;src/components/studio/tools/power-detector.tsx;Matriz automatizada de cobertura. CONFIRMADO_ESTATICO não equivale a teste manual nem a aceitação em hardware real.
DUCK-2454;Loudness;privacidade;limite operacional;PARCIAL;src/components/studio/tools/power-detector.tsx;Matriz automatizada de cobertura. CONFIRMADO_ESTATICO não equivale a teste manual nem a aceitação em hardware real.
DUCK-2455;Loudness;privacidade;aceitação de entrega;REVISAO_HUMANA;src/components/studio/tools/power-detector.tsx;Matriz automatizada de cobertura. CONFIRMADO_ESTATICO não equivale a teste manual nem a aceitação em hardware real.
DUCK-2456;Loudness;desempenho;inspeção estática;CONFIRMADO_ESTATICO;src/components/studio/tools/power-detector.tsx;Matriz automatizada de cobertura. CONFIRMADO_ESTATICO não equivale a teste manual nem a aceitação em hardware real.
DUCK-2457;Loudness;desempenho;prova estrutural;CONFIRMADO_ESTATICO;src/components/studio/tools/power-detector.tsx;Matriz automatizada de cobertura. CONFIRMADO_ESTATICO não equivale a teste manual nem a aceitação em hardware real.
DUCK-2458;Loudness;desempenho;evidência disponível;CONFIRMADO_ESTATICO;src/components/studio/tools/power-detector.tsx;Matriz automatizada de cobertura. CONFIRMADO_ESTATICO não equivale a teste manual nem a aceitação em hardware real.
DUCK-2459;Loudness;desempenho;limite operacional;PARCIAL;src/components/studio/tools/power-detector.tsx;Matriz automatizada de cobertura. CONFIRMADO_ESTATICO não equivale a teste manual nem a aceitação em hardware real.
DUCK-2460;Loudness;desempenho;aceitação de entrega;REVISAO_HUMANA;src/components/studio/tools/power-detector.tsx;Matriz automatizada de cobertura. CONFIRMADO_ESTATICO não equivale a teste manual nem a aceitação em hardware real.
DUCK-2461;Loudness;manutenibilidade;inspeção estática;CONFIRMADO_ESTATICO;src/components/studio/tools/power-detector.tsx;Matriz automatizada de cobertura. CONFIRMADO_ESTATICO não equivale a teste manual nem a aceitação em hardware real.
DUCK-2462;Loudness;manutenibilidade;prova estrutural;CONFIRMADO_ESTATICO;src/components/studio/tools/power-detector.tsx;Matriz automatizada de cobertura. CONFIRMADO_ESTATICO não equivale a teste manual nem a aceitação em hardware real.
DUCK-2463;Loudness;manutenibilidade;evidência disponível;CONFIRMADO_ESTATICO;src/components/studio/tools/power-detector.tsx;Matriz automatizada de cobertura. CONFIRMADO_ESTATICO não equivale a teste manual nem a aceitação em hardware real.
DUCK-2464;Loudness;manutenibilidade;limite operacional;PARCIAL;src/components/studio/tools/power-detector.tsx;Matriz automatizada de cobertura. CONFIRMADO_ESTATICO não equivale a teste manual nem a aceitação em hardware real.
DUCK-2465;Loudness;manutenibilidade;aceitação de entrega;REVISAO_HUMANA;src/components/studio/tools/power-detector.tsx;Matriz automatizada de cobertura. CONFIRMADO_ESTATICO não equivale a teste manual nem a aceitação em hardware real.
DUCK-2466;Loudness;tipagem;inspeção estática;CONFIRMADO_ESTATICO;src/components/studio/tools/power-detector.tsx;Matriz automatizada de cobertura. CONFIRMADO_ESTATICO não equivale a teste manual nem a aceitação em hardware real.
DUCK-2467;Loudness;tipagem;prova estrutural;CONFIRMADO_ESTATICO;src/components/studio/tools/power-detector.tsx;Matriz automatizada de cobertura. CONFIRMADO_ESTATICO não equivale a teste manual nem a aceitação em hardware real.
DUCK-2468;Loudness;tipagem;evidência disponível;CONFIRMADO_ESTATICO;src/components/studio/tools/power-detector.tsx;Matriz automatizada de cobertura. CONFIRMADO_ESTATICO não equivale a teste manual nem a aceitação em hardware real.
DUCK-2469;Loudness;tipagem;limite operacional;PARCIAL;src/components/studio/tools/power-detector.tsx;Matriz automatizada de cobertura. CONFIRMADO_ESTATICO não equivale a teste manual nem a aceitação em hardware real.
DUCK-2470;Loudness;tipagem;aceitação de entrega;REVISAO_HUMANA;src/components/studio/tools/power-detector.tsx;Matriz automatizada de cobertura. CONFIRMADO_ESTATICO não equivale a teste manual nem a aceitação em hardware real.
DUCK-2471;Loudness;rastreabilidade;inspeção estática;CONFIRMADO_ESTATICO;src/components/studio/tools/power-detector.tsx;Matriz automatizada de cobertura. CONFIRMADO_ESTATICO não equivale a teste manual nem a aceitação em hardware real.
DUCK-2472;Loudness;rastreabilidade;prova estrutural;CONFIRMADO_ESTATICO;src/components/studio/tools/power-detector.tsx;Matriz automatizada de cobertura. CONFIRMADO_ESTATICO não equivale a teste manual nem a aceitação em hardware real.
DUCK-2473;Loudness;rastreabilidade;evidência disponível;CONFIRMADO_ESTATICO;src/components/studio/tools/power-detector.tsx;Matriz automatizada de cobertura. CONFIRMADO_ESTATICO não equivale a teste manual nem a aceitação em hardware real.
DUCK-2474;Loudness;rastreabilidade;limite operacional;PARCIAL;src/components/studio/tools/power-detector.tsx;Matriz automatizada de cobertura. CONFIRMADO_ESTATICO não equivale a teste manual nem a aceitação em hardware real.
DUCK-2475;Loudness;rastreabilidade;aceitação de entrega;REVISAO_HUMANA;src/components/studio/tools/power-detector.tsx;Matriz automatizada de cobertura. CONFIRMADO_ESTATICO não equivale a teste manual nem a aceitação em hardware real.
DUCK-2476;Loudness;evidência visual;inspeção estática;CONFIRMADO_ESTATICO;src/components/studio/tools/power-detector.tsx;Matriz automatizada de cobertura. CONFIRMADO_ESTATICO não equivale a teste manual nem a aceitação em hardware real.
DUCK-2477;Loudness;evidência visual;prova estrutural;CONFIRMADO_ESTATICO;src/components/studio/tools/power-detector.tsx;Matriz automatizada de cobertura. CONFIRMADO_ESTATICO não equivale a teste manual nem a aceitação em hardware real.
DUCK-2478;Loudness;evidência visual;evidência disponível;CONFIRMADO_ESTATICO;src/components/studio/tools/power-detector.tsx;Matriz automatizada de cobertura. CONFIRMADO_ESTATICO não equivale a teste manual nem a aceitação em hardware real.
DUCK-2479;Loudness;evidência visual;limite operacional;PARCIAL;src/components/studio/tools/power-detector.tsx;Matriz automatizada de cobertura. CONFIRMADO_ESTATICO não equivale a teste manual nem a aceitação em hardware real.
DUCK-2480;Loudness;evidência visual;aceitação de entrega;REVISAO_HUMANA;src/components/studio/tools/power-detector.tsx;Matriz automatizada de cobertura. CONFIRMADO_ESTATICO não equivale a teste manual nem a aceitação em hardware real.
DUCK-2481;Loudness;documentação;inspeção estática;CONFIRMADO_ESTATICO;src/components/studio/tools/power-detector.tsx;Matriz automatizada de cobertura. CONFIRMADO_ESTATICO não equivale a teste manual nem a aceitação em hardware real.
DUCK-2482;Loudness;documentação;prova estrutural;CONFIRMADO_ESTATICO;src/components/studio/tools/power-detector.tsx;Matriz automatizada de cobertura. CONFIRMADO_ESTATICO não equivale a teste manual nem a aceitação em hardware real.
DUCK-2483;Loudness;documentação;evidência disponível;CONFIRMADO_ESTATICO;src/components/studio/tools/power-detector.tsx;Matriz automatizada de cobertura. CONFIRMADO_ESTATICO não equivale a teste manual nem a aceitação em hardware real.
DUCK-2484;Loudness;documentação;limite operacional;PARCIAL;src/components/studio/tools/power-detector.tsx;Matriz automatizada de cobertura. CONFIRMADO_ESTATICO não equivale a teste manual nem a aceitação em hardware real.
DUCK-2485;Loudness;documentação;aceitação de entrega;REVISAO_HUMANA;src/components/studio/tools/power-detector.tsx;Matriz automatizada de cobertura. CONFIRMADO_ESTATICO não equivale a teste manual nem a aceitação em hardware real.
DUCK-2486;Loudness;recuperação;inspeção estática;CONFIRMADO_ESTATICO;src/components/studio/tools/power-detector.tsx;Matriz automatizada de cobertura. CONFIRMADO_ESTATICO não equivale a teste manual nem a aceitação em hardware real.
DUCK-2487;Loudness;recuperação;prova estrutural;CONFIRMADO_ESTATICO;src/components/studio/tools/power-detector.tsx;Matriz automatizada de cobertura. CONFIRMADO_ESTATICO não equivale a teste manual nem a aceitação em hardware real.
DUCK-2488;Loudness;recuperação;evidência disponível;CONFIRMADO_ESTATICO;src/components/studio/tools/power-detector.tsx;Matriz automatizada de cobertura. CONFIRMADO_ESTATICO não equivale a teste manual nem a aceitação em hardware real.
DUCK-2489;Loudness;recuperação;limite operacional;PARCIAL;src/components/studio/tools/power-detector.tsx;Matriz automatizada de cobertura. CONFIRMADO_ESTATICO não equivale a teste manual nem a aceitação em hardware real.
DUCK-2490;Loudness;recuperação;aceitação de entrega;REVISAO_HUMANA;src/components/studio/tools/power-detector.tsx;Matriz automatizada de cobertura. CONFIRMADO_ESTATICO não equivale a teste manual nem a aceitação em hardware real.
DUCK-2491;Loudness;exportação;inspeção estática;CONFIRMADO_ESTATICO;src/components/studio/tools/power-detector.tsx;Matriz automatizada de cobertura. CONFIRMADO_ESTATICO não equivale a teste manual nem a aceitação em hardware real.
DUCK-2492;Loudness;exportação;prova estrutural;CONFIRMADO_ESTATICO;src/components/studio/tools/power-detector.tsx;Matriz automatizada de cobertura. CONFIRMADO_ESTATICO não equivale a teste manual nem a aceitação em hardware real.
DUCK-2493;Loudness;exportação;evidência disponível;CONFIRMADO_ESTATICO;src/components/studio/tools/power-detector.tsx;Matriz automatizada de cobertura. CONFIRMADO_ESTATICO não equivale a teste manual nem a aceitação em hardware real.
DUCK-2494;Loudness;exportação;limite operacional;PARCIAL;src/components/studio/tools/power-detector.tsx;Matriz automatizada de cobertura. CONFIRMADO_ESTATICO não equivale a teste manual nem a aceitação em hardware real.
DUCK-2495;Loudness;exportação;aceitação de entrega;REVISAO_HUMANA;src/components/studio/tools/power-detector.tsx;Matriz automatizada de cobertura. CONFIRMADO_ESTATICO não equivale a teste manual nem a aceitação em hardware real.
DUCK-2496;Loudness;entrega;inspeção estática;CONFIRMADO_ESTATICO;src/components/studio/tools/power-detector.tsx;Matriz automatizada de cobertura. CONFIRMADO_ESTATICO não equivale a teste manual nem a aceitação em hardware real.
DUCK-2497;Loudness;entrega;prova estrutural;CONFIRMADO_ESTATICO;src/components/studio/tools/power-detector.tsx;Matriz automatizada de cobertura. CONFIRMADO_ESTATICO não equivale a teste manual nem a aceitação em hardware real.
DUCK-2498;Loudness;entrega;evidência disponível;CONFIRMADO_ESTATICO;src/components/studio/tools/power-detector.tsx;Matriz automatizada de cobertura. CONFIRMADO_ESTATICO não equivale a teste manual nem a aceitação em hardware real.
DUCK-2499;Loudness;entrega;limite operacional;PARCIAL;src/components/studio/tools/power-detector.tsx;Matriz automatizada de cobertura. CONFIRMADO_ESTATICO não equivale a teste manual nem a aceitação em hardware real.
DUCK-2500;Loudness;entrega;aceitação de entrega;REVISAO_HUMANA;src/components/studio/tools/power-detector.tsx;Matriz automatizada de cobertura. CONFIRMADO_ESTATICO não equivale a teste manual nem a aceitação em hardware real.
DUCK-2501;Harmônicos;presença funcional;inspeção estática;CONFIRMADO_ESTATICO;src/components/studio/tools/harmonic-catalog.tsx;Matriz automatizada de cobertura. CONFIRMADO_ESTATICO não equivale a teste manual nem a aceitação em hardware real.
DUCK-2502;Harmônicos;presença funcional;prova estrutural;CONFIRMADO_ESTATICO;src/components/studio/tools/harmonic-catalog.tsx;Matriz automatizada de cobertura. CONFIRMADO_ESTATICO não equivale a teste manual nem a aceitação em hardware real.
DUCK-2503;Harmônicos;presença funcional;evidência disponível;CONFIRMADO_ESTATICO;src/components/studio/tools/harmonic-catalog.tsx;Matriz automatizada de cobertura. CONFIRMADO_ESTATICO não equivale a teste manual nem a aceitação em hardware real.
DUCK-2504;Harmônicos;presença funcional;limite operacional;PARCIAL;src/components/studio/tools/harmonic-catalog.tsx;Matriz automatizada de cobertura. CONFIRMADO_ESTATICO não equivale a teste manual nem a aceitação em hardware real.
DUCK-2505;Harmônicos;presença funcional;aceitação de entrega;REVISAO_HUMANA;src/components/studio/tools/harmonic-catalog.tsx;Matriz automatizada de cobertura. CONFIRMADO_ESTATICO não equivale a teste manual nem a aceitação em hardware real.
DUCK-2506;Harmônicos;consistência de estados;inspeção estática;CONFIRMADO_ESTATICO;src/components/studio/tools/harmonic-catalog.tsx;Matriz automatizada de cobertura. CONFIRMADO_ESTATICO não equivale a teste manual nem a aceitação em hardware real.
DUCK-2507;Harmônicos;consistência de estados;prova estrutural;CONFIRMADO_ESTATICO;src/components/studio/tools/harmonic-catalog.tsx;Matriz automatizada de cobertura. CONFIRMADO_ESTATICO não equivale a teste manual nem a aceitação em hardware real.
DUCK-2508;Harmônicos;consistência de estados;evidência disponível;CONFIRMADO_ESTATICO;src/components/studio/tools/harmonic-catalog.tsx;Matriz automatizada de cobertura. CONFIRMADO_ESTATICO não equivale a teste manual nem a aceitação em hardware real.
DUCK-2509;Harmônicos;consistência de estados;limite operacional;PARCIAL;src/components/studio/tools/harmonic-catalog.tsx;Matriz automatizada de cobertura. CONFIRMADO_ESTATICO não equivale a teste manual nem a aceitação em hardware real.
DUCK-2510;Harmônicos;consistência de estados;aceitação de entrega;REVISAO_HUMANA;src/components/studio/tools/harmonic-catalog.tsx;Matriz automatizada de cobertura. CONFIRMADO_ESTATICO não equivale a teste manual nem a aceitação em hardware real.
DUCK-2511;Harmônicos;clareza de feedback;inspeção estática;CONFIRMADO_ESTATICO;src/components/studio/tools/harmonic-catalog.tsx;Matriz automatizada de cobertura. CONFIRMADO_ESTATICO não equivale a teste manual nem a aceitação em hardware real.
DUCK-2512;Harmônicos;clareza de feedback;prova estrutural;CONFIRMADO_ESTATICO;src/components/studio/tools/harmonic-catalog.tsx;Matriz automatizada de cobertura. CONFIRMADO_ESTATICO não equivale a teste manual nem a aceitação em hardware real.
DUCK-2513;Harmônicos;clareza de feedback;evidência disponível;CONFIRMADO_ESTATICO;src/components/studio/tools/harmonic-catalog.tsx;Matriz automatizada de cobertura. CONFIRMADO_ESTATICO não equivale a teste manual nem a aceitação em hardware real.
DUCK-2514;Harmônicos;clareza de feedback;limite operacional;PARCIAL;src/components/studio/tools/harmonic-catalog.tsx;Matriz automatizada de cobertura. CONFIRMADO_ESTATICO não equivale a teste manual nem a aceitação em hardware real.
DUCK-2515;Harmônicos;clareza de feedback;aceitação de entrega;REVISAO_HUMANA;src/components/studio/tools/harmonic-catalog.tsx;Matriz automatizada de cobertura. CONFIRMADO_ESTATICO não equivale a teste manual nem a aceitação em hardware real.
DUCK-2516;Harmônicos;tratamento de erro;inspeção estática;CONFIRMADO_ESTATICO;src/components/studio/tools/harmonic-catalog.tsx;Matriz automatizada de cobertura. CONFIRMADO_ESTATICO não equivale a teste manual nem a aceitação em hardware real.
DUCK-2517;Harmônicos;tratamento de erro;prova estrutural;CONFIRMADO_ESTATICO;src/components/studio/tools/harmonic-catalog.tsx;Matriz automatizada de cobertura. CONFIRMADO_ESTATICO não equivale a teste manual nem a aceitação em hardware real.
DUCK-2518;Harmônicos;tratamento de erro;evidência disponível;CONFIRMADO_ESTATICO;src/components/studio/tools/harmonic-catalog.tsx;Matriz automatizada de cobertura. CONFIRMADO_ESTATICO não equivale a teste manual nem a aceitação em hardware real.
DUCK-2519;Harmônicos;tratamento de erro;limite operacional;PARCIAL;src/components/studio/tools/harmonic-catalog.tsx;Matriz automatizada de cobertura. CONFIRMADO_ESTATICO não equivale a teste manual nem a aceitação em hardware real.
DUCK-2520;Harmônicos;tratamento de erro;aceitação de entrega;REVISAO_HUMANA;src/components/studio/tools/harmonic-catalog.tsx;Matriz automatizada de cobertura. CONFIRMADO_ESTATICO não equivale a teste manual nem a aceitação em hardware real.
DUCK-2521;Harmônicos;navegação por teclado;inspeção estática;CONFIRMADO_ESTATICO;src/components/studio/tools/harmonic-catalog.tsx;Matriz automatizada de cobertura. CONFIRMADO_ESTATICO não equivale a teste manual nem a aceitação em hardware real.
DUCK-2522;Harmônicos;navegação por teclado;prova estrutural;CONFIRMADO_ESTATICO;src/components/studio/tools/harmonic-catalog.tsx;Matriz automatizada de cobertura. CONFIRMADO_ESTATICO não equivale a teste manual nem a aceitação em hardware real.
DUCK-2523;Harmônicos;navegação por teclado;evidência disponível;CONFIRMADO_ESTATICO;src/components/studio/tools/harmonic-catalog.tsx;Matriz automatizada de cobertura. CONFIRMADO_ESTATICO não equivale a teste manual nem a aceitação em hardware real.
DUCK-2524;Harmônicos;navegação por teclado;limite operacional;PARCIAL;src/components/studio/tools/harmonic-catalog.tsx;Matriz automatizada de cobertura. CONFIRMADO_ESTATICO não equivale a teste manual nem a aceitação em hardware real.
DUCK-2525;Harmônicos;navegação por teclado;aceitação de entrega;REVISAO_HUMANA;src/components/studio/tools/harmonic-catalog.tsx;Matriz automatizada de cobertura. CONFIRMADO_ESTATICO não equivale a teste manual nem a aceitação em hardware real.
DUCK-2526;Harmônicos;legibilidade;inspeção estática;CONFIRMADO_ESTATICO;src/components/studio/tools/harmonic-catalog.tsx;Matriz automatizada de cobertura. CONFIRMADO_ESTATICO não equivale a teste manual nem a aceitação em hardware real.
DUCK-2527;Harmônicos;legibilidade;prova estrutural;CONFIRMADO_ESTATICO;src/components/studio/tools/harmonic-catalog.tsx;Matriz automatizada de cobertura. CONFIRMADO_ESTATICO não equivale a teste manual nem a aceitação em hardware real.
DUCK-2528;Harmônicos;legibilidade;evidência disponível;CONFIRMADO_ESTATICO;src/components/studio/tools/harmonic-catalog.tsx;Matriz automatizada de cobertura. CONFIRMADO_ESTATICO não equivale a teste manual nem a aceitação em hardware real.
DUCK-2529;Harmônicos;legibilidade;limite operacional;PARCIAL;src/components/studio/tools/harmonic-catalog.tsx;Matriz automatizada de cobertura. CONFIRMADO_ESTATICO não equivale a teste manual nem a aceitação em hardware real.
DUCK-2530;Harmônicos;legibilidade;aceitação de entrega;REVISAO_HUMANA;src/components/studio/tools/harmonic-catalog.tsx;Matriz automatizada de cobertura. CONFIRMADO_ESTATICO não equivale a teste manual nem a aceitação em hardware real.
DUCK-2531;Harmônicos;contraste;inspeção estática;CONFIRMADO_ESTATICO;src/components/studio/tools/harmonic-catalog.tsx;Matriz automatizada de cobertura. CONFIRMADO_ESTATICO não equivale a teste manual nem a aceitação em hardware real.
DUCK-2532;Harmônicos;contraste;prova estrutural;CONFIRMADO_ESTATICO;src/components/studio/tools/harmonic-catalog.tsx;Matriz automatizada de cobertura. CONFIRMADO_ESTATICO não equivale a teste manual nem a aceitação em hardware real.
DUCK-2533;Harmônicos;contraste;evidência disponível;CONFIRMADO_ESTATICO;src/components/studio/tools/harmonic-catalog.tsx;Matriz automatizada de cobertura. CONFIRMADO_ESTATICO não equivale a teste manual nem a aceitação em hardware real.
DUCK-2534;Harmônicos;contraste;limite operacional;PARCIAL;src/components/studio/tools/harmonic-catalog.tsx;Matriz automatizada de cobertura. CONFIRMADO_ESTATICO não equivale a teste manual nem a aceitação em hardware real.
DUCK-2535;Harmônicos;contraste;aceitação de entrega;REVISAO_HUMANA;src/components/studio/tools/harmonic-catalog.tsx;Matriz automatizada de cobertura. CONFIRMADO_ESTATICO não equivale a teste manual nem a aceitação em hardware real.
DUCK-2536;Harmônicos;responsividade;inspeção estática;CONFIRMADO_ESTATICO;src/components/studio/tools/harmonic-catalog.tsx;Matriz automatizada de cobertura. CONFIRMADO_ESTATICO não equivale a teste manual nem a aceitação em hardware real.
DUCK-2537;Harmônicos;responsividade;prova estrutural;CONFIRMADO_ESTATICO;src/components/studio/tools/harmonic-catalog.tsx;Matriz automatizada de cobertura. CONFIRMADO_ESTATICO não equivale a teste manual nem a aceitação em hardware real.
DUCK-2538;Harmônicos;responsividade;evidência disponível;CONFIRMADO_ESTATICO;src/components/studio/tools/harmonic-catalog.tsx;Matriz automatizada de cobertura. CONFIRMADO_ESTATICO não equivale a teste manual nem a aceitação em hardware real.
DUCK-2539;Harmônicos;responsividade;limite operacional;PARCIAL;src/components/studio/tools/harmonic-catalog.tsx;Matriz automatizada de cobertura. CONFIRMADO_ESTATICO não equivale a teste manual nem a aceitação em hardware real.
DUCK-2540;Harmônicos;responsividade;aceitação de entrega;REVISAO_HUMANA;src/components/studio/tools/harmonic-catalog.tsx;Matriz automatizada de cobertura. CONFIRMADO_ESTATICO não equivale a teste manual nem a aceitação em hardware real.
DUCK-2541;Harmônicos;persistência;inspeção estática;CONFIRMADO_ESTATICO;src/components/studio/tools/harmonic-catalog.tsx;Matriz automatizada de cobertura. CONFIRMADO_ESTATICO não equivale a teste manual nem a aceitação em hardware real.
DUCK-2542;Harmônicos;persistência;prova estrutural;CONFIRMADO_ESTATICO;src/components/studio/tools/harmonic-catalog.tsx;Matriz automatizada de cobertura. CONFIRMADO_ESTATICO não equivale a teste manual nem a aceitação em hardware real.
DUCK-2543;Harmônicos;persistência;evidência disponível;CONFIRMADO_ESTATICO;src/components/studio/tools/harmonic-catalog.tsx;Matriz automatizada de cobertura. CONFIRMADO_ESTATICO não equivale a teste manual nem a aceitação em hardware real.
DUCK-2544;Harmônicos;persistência;limite operacional;PARCIAL;src/components/studio/tools/harmonic-catalog.tsx;Matriz automatizada de cobertura. CONFIRMADO_ESTATICO não equivale a teste manual nem a aceitação em hardware real.
DUCK-2545;Harmônicos;persistência;aceitação de entrega;REVISAO_HUMANA;src/components/studio/tools/harmonic-catalog.tsx;Matriz automatizada de cobertura. CONFIRMADO_ESTATICO não equivale a teste manual nem a aceitação em hardware real.
DUCK-2546;Harmônicos;segurança de entrada;inspeção estática;CONFIRMADO_ESTATICO;src/components/studio/tools/harmonic-catalog.tsx;Matriz automatizada de cobertura. CONFIRMADO_ESTATICO não equivale a teste manual nem a aceitação em hardware real.
DUCK-2547;Harmônicos;segurança de entrada;prova estrutural;CONFIRMADO_ESTATICO;src/components/studio/tools/harmonic-catalog.tsx;Matriz automatizada de cobertura. CONFIRMADO_ESTATICO não equivale a teste manual nem a aceitação em hardware real.
DUCK-2548;Harmônicos;segurança de entrada;evidência disponível;CONFIRMADO_ESTATICO;src/components/studio/tools/harmonic-catalog.tsx;Matriz automatizada de cobertura. CONFIRMADO_ESTATICO não equivale a teste manual nem a aceitação em hardware real.
DUCK-2549;Harmônicos;segurança de entrada;limite operacional;PARCIAL;src/components/studio/tools/harmonic-catalog.tsx;Matriz automatizada de cobertura. CONFIRMADO_ESTATICO não equivale a teste manual nem a aceitação em hardware real.
DUCK-2550;Harmônicos;segurança de entrada;aceitação de entrega;REVISAO_HUMANA;src/components/studio/tools/harmonic-catalog.tsx;Matriz automatizada de cobertura. CONFIRMADO_ESTATICO não equivale a teste manual nem a aceitação em hardware real.
DUCK-2551;Harmônicos;privacidade;inspeção estática;CONFIRMADO_ESTATICO;src/components/studio/tools/harmonic-catalog.tsx;Matriz automatizada de cobertura. CONFIRMADO_ESTATICO não equivale a teste manual nem a aceitação em hardware real.
DUCK-2552;Harmônicos;privacidade;prova estrutural;CONFIRMADO_ESTATICO;src/components/studio/tools/harmonic-catalog.tsx;Matriz automatizada de cobertura. CONFIRMADO_ESTATICO não equivale a teste manual nem a aceitação em hardware real.
DUCK-2553;Harmônicos;privacidade;evidência disponível;CONFIRMADO_ESTATICO;src/components/studio/tools/harmonic-catalog.tsx;Matriz automatizada de cobertura. CONFIRMADO_ESTATICO não equivale a teste manual nem a aceitação em hardware real.
DUCK-2554;Harmônicos;privacidade;limite operacional;PARCIAL;src/components/studio/tools/harmonic-catalog.tsx;Matriz automatizada de cobertura. CONFIRMADO_ESTATICO não equivale a teste manual nem a aceitação em hardware real.
DUCK-2555;Harmônicos;privacidade;aceitação de entrega;REVISAO_HUMANA;src/components/studio/tools/harmonic-catalog.tsx;Matriz automatizada de cobertura. CONFIRMADO_ESTATICO não equivale a teste manual nem a aceitação em hardware real.
DUCK-2556;Harmônicos;desempenho;inspeção estática;CONFIRMADO_ESTATICO;src/components/studio/tools/harmonic-catalog.tsx;Matriz automatizada de cobertura. CONFIRMADO_ESTATICO não equivale a teste manual nem a aceitação em hardware real.
DUCK-2557;Harmônicos;desempenho;prova estrutural;CONFIRMADO_ESTATICO;src/components/studio/tools/harmonic-catalog.tsx;Matriz automatizada de cobertura. CONFIRMADO_ESTATICO não equivale a teste manual nem a aceitação em hardware real.
DUCK-2558;Harmônicos;desempenho;evidência disponível;CONFIRMADO_ESTATICO;src/components/studio/tools/harmonic-catalog.tsx;Matriz automatizada de cobertura. CONFIRMADO_ESTATICO não equivale a teste manual nem a aceitação em hardware real.
DUCK-2559;Harmônicos;desempenho;limite operacional;PARCIAL;src/components/studio/tools/harmonic-catalog.tsx;Matriz automatizada de cobertura. CONFIRMADO_ESTATICO não equivale a teste manual nem a aceitação em hardware real.
DUCK-2560;Harmônicos;desempenho;aceitação de entrega;REVISAO_HUMANA;src/components/studio/tools/harmonic-catalog.tsx;Matriz automatizada de cobertura. CONFIRMADO_ESTATICO não equivale a teste manual nem a aceitação em hardware real.
DUCK-2561;Harmônicos;manutenibilidade;inspeção estática;CONFIRMADO_ESTATICO;src/components/studio/tools/harmonic-catalog.tsx;Matriz automatizada de cobertura. CONFIRMADO_ESTATICO não equivale a teste manual nem a aceitação em hardware real.
DUCK-2562;Harmônicos;manutenibilidade;prova estrutural;CONFIRMADO_ESTATICO;src/components/studio/tools/harmonic-catalog.tsx;Matriz automatizada de cobertura. CONFIRMADO_ESTATICO não equivale a teste manual nem a aceitação em hardware real.
DUCK-2563;Harmônicos;manutenibilidade;evidência disponível;CONFIRMADO_ESTATICO;src/components/studio/tools/harmonic-catalog.tsx;Matriz automatizada de cobertura. CONFIRMADO_ESTATICO não equivale a teste manual nem a aceitação em hardware real.
DUCK-2564;Harmônicos;manutenibilidade;limite operacional;PARCIAL;src/components/studio/tools/harmonic-catalog.tsx;Matriz automatizada de cobertura. CONFIRMADO_ESTATICO não equivale a teste manual nem a aceitação em hardware real.
DUCK-2565;Harmônicos;manutenibilidade;aceitação de entrega;REVISAO_HUMANA;src/components/studio/tools/harmonic-catalog.tsx;Matriz automatizada de cobertura. CONFIRMADO_ESTATICO não equivale a teste manual nem a aceitação em hardware real.
DUCK-2566;Harmônicos;tipagem;inspeção estática;CONFIRMADO_ESTATICO;src/components/studio/tools/harmonic-catalog.tsx;Matriz automatizada de cobertura. CONFIRMADO_ESTATICO não equivale a teste manual nem a aceitação em hardware real.
DUCK-2567;Harmônicos;tipagem;prova estrutural;CONFIRMADO_ESTATICO;src/components/studio/tools/harmonic-catalog.tsx;Matriz automatizada de cobertura. CONFIRMADO_ESTATICO não equivale a teste manual nem a aceitação em hardware real.
DUCK-2568;Harmônicos;tipagem;evidência disponível;CONFIRMADO_ESTATICO;src/components/studio/tools/harmonic-catalog.tsx;Matriz automatizada de cobertura. CONFIRMADO_ESTATICO não equivale a teste manual nem a aceitação em hardware real.
DUCK-2569;Harmônicos;tipagem;limite operacional;PARCIAL;src/components/studio/tools/harmonic-catalog.tsx;Matriz automatizada de cobertura. CONFIRMADO_ESTATICO não equivale a teste manual nem a aceitação em hardware real.
DUCK-2570;Harmônicos;tipagem;aceitação de entrega;REVISAO_HUMANA;src/components/studio/tools/harmonic-catalog.tsx;Matriz automatizada de cobertura. CONFIRMADO_ESTATICO não equivale a teste manual nem a aceitação em hardware real.
DUCK-2571;Harmônicos;rastreabilidade;inspeção estática;CONFIRMADO_ESTATICO;src/components/studio/tools/harmonic-catalog.tsx;Matriz automatizada de cobertura. CONFIRMADO_ESTATICO não equivale a teste manual nem a aceitação em hardware real.
DUCK-2572;Harmônicos;rastreabilidade;prova estrutural;CONFIRMADO_ESTATICO;src/components/studio/tools/harmonic-catalog.tsx;Matriz automatizada de cobertura. CONFIRMADO_ESTATICO não equivale a teste manual nem a aceitação em hardware real.
DUCK-2573;Harmônicos;rastreabilidade;evidência disponível;CONFIRMADO_ESTATICO;src/components/studio/tools/harmonic-catalog.tsx;Matriz automatizada de cobertura. CONFIRMADO_ESTATICO não equivale a teste manual nem a aceitação em hardware real.
DUCK-2574;Harmônicos;rastreabilidade;limite operacional;PARCIAL;src/components/studio/tools/harmonic-catalog.tsx;Matriz automatizada de cobertura. CONFIRMADO_ESTATICO não equivale a teste manual nem a aceitação em hardware real.
DUCK-2575;Harmônicos;rastreabilidade;aceitação de entrega;REVISAO_HUMANA;src/components/studio/tools/harmonic-catalog.tsx;Matriz automatizada de cobertura. CONFIRMADO_ESTATICO não equivale a teste manual nem a aceitação em hardware real.
DUCK-2576;Harmônicos;evidência visual;inspeção estática;CONFIRMADO_ESTATICO;src/components/studio/tools/harmonic-catalog.tsx;Matriz automatizada de cobertura. CONFIRMADO_ESTATICO não equivale a teste manual nem a aceitação em hardware real.
DUCK-2577;Harmônicos;evidência visual;prova estrutural;CONFIRMADO_ESTATICO;src/components/studio/tools/harmonic-catalog.tsx;Matriz automatizada de cobertura. CONFIRMADO_ESTATICO não equivale a teste manual nem a aceitação em hardware real.
DUCK-2578;Harmônicos;evidência visual;evidência disponível;CONFIRMADO_ESTATICO;src/components/studio/tools/harmonic-catalog.tsx;Matriz automatizada de cobertura. CONFIRMADO_ESTATICO não equivale a teste manual nem a aceitação em hardware real.
DUCK-2579;Harmônicos;evidência visual;limite operacional;PARCIAL;src/components/studio/tools/harmonic-catalog.tsx;Matriz automatizada de cobertura. CONFIRMADO_ESTATICO não equivale a teste manual nem a aceitação em hardware real.
DUCK-2580;Harmônicos;evidência visual;aceitação de entrega;REVISAO_HUMANA;src/components/studio/tools/harmonic-catalog.tsx;Matriz automatizada de cobertura. CONFIRMADO_ESTATICO não equivale a teste manual nem a aceitação em hardware real.
DUCK-2581;Harmônicos;documentação;inspeção estática;CONFIRMADO_ESTATICO;src/components/studio/tools/harmonic-catalog.tsx;Matriz automatizada de cobertura. CONFIRMADO_ESTATICO não equivale a teste manual nem a aceitação em hardware real.
DUCK-2582;Harmônicos;documentação;prova estrutural;CONFIRMADO_ESTATICO;src/components/studio/tools/harmonic-catalog.tsx;Matriz automatizada de cobertura. CONFIRMADO_ESTATICO não equivale a teste manual nem a aceitação em hardware real.
DUCK-2583;Harmônicos;documentação;evidência disponível;CONFIRMADO_ESTATICO;src/components/studio/tools/harmonic-catalog.tsx;Matriz automatizada de cobertura. CONFIRMADO_ESTATICO não equivale a teste manual nem a aceitação em hardware real.
DUCK-2584;Harmônicos;documentação;limite operacional;PARCIAL;src/components/studio/tools/harmonic-catalog.tsx;Matriz automatizada de cobertura. CONFIRMADO_ESTATICO não equivale a teste manual nem a aceitação em hardware real.
DUCK-2585;Harmônicos;documentação;aceitação de entrega;REVISAO_HUMANA;src/components/studio/tools/harmonic-catalog.tsx;Matriz automatizada de cobertura. CONFIRMADO_ESTATICO não equivale a teste manual nem a aceitação em hardware real.
DUCK-2586;Harmônicos;recuperação;inspeção estática;CONFIRMADO_ESTATICO;src/components/studio/tools/harmonic-catalog.tsx;Matriz automatizada de cobertura. CONFIRMADO_ESTATICO não equivale a teste manual nem a aceitação em hardware real.
DUCK-2587;Harmônicos;recuperação;prova estrutural;CONFIRMADO_ESTATICO;src/components/studio/tools/harmonic-catalog.tsx;Matriz automatizada de cobertura. CONFIRMADO_ESTATICO não equivale a teste manual nem a aceitação em hardware real.
DUCK-2588;Harmônicos;recuperação;evidência disponível;CONFIRMADO_ESTATICO;src/components/studio/tools/harmonic-catalog.tsx;Matriz automatizada de cobertura. CONFIRMADO_ESTATICO não equivale a teste manual nem a aceitação em hardware real.
DUCK-2589;Harmônicos;recuperação;limite operacional;PARCIAL;src/components/studio/tools/harmonic-catalog.tsx;Matriz automatizada de cobertura. CONFIRMADO_ESTATICO não equivale a teste manual nem a aceitação em hardware real.
DUCK-2590;Harmônicos;recuperação;aceitação de entrega;REVISAO_HUMANA;src/components/studio/tools/harmonic-catalog.tsx;Matriz automatizada de cobertura. CONFIRMADO_ESTATICO não equivale a teste manual nem a aceitação em hardware real.
DUCK-2591;Harmônicos;exportação;inspeção estática;CONFIRMADO_ESTATICO;src/components/studio/tools/harmonic-catalog.tsx;Matriz automatizada de cobertura. CONFIRMADO_ESTATICO não equivale a teste manual nem a aceitação em hardware real.
DUCK-2592;Harmônicos;exportação;prova estrutural;CONFIRMADO_ESTATICO;src/components/studio/tools/harmonic-catalog.tsx;Matriz automatizada de cobertura. CONFIRMADO_ESTATICO não equivale a teste manual nem a aceitação em hardware real.
DUCK-2593;Harmônicos;exportação;evidência disponível;CONFIRMADO_ESTATICO;src/components/studio/tools/harmonic-catalog.tsx;Matriz automatizada de cobertura. CONFIRMADO_ESTATICO não equivale a teste manual nem a aceitação em hardware real.
DUCK-2594;Harmônicos;exportação;limite operacional;PARCIAL;src/components/studio/tools/harmonic-catalog.tsx;Matriz automatizada de cobertura. CONFIRMADO_ESTATICO não equivale a teste manual nem a aceitação em hardware real.
DUCK-2595;Harmônicos;exportação;aceitação de entrega;REVISAO_HUMANA;src/components/studio/tools/harmonic-catalog.tsx;Matriz automatizada de cobertura. CONFIRMADO_ESTATICO não equivale a teste manual nem a aceitação em hardware real.
DUCK-2596;Harmônicos;entrega;inspeção estática;CONFIRMADO_ESTATICO;src/components/studio/tools/harmonic-catalog.tsx;Matriz automatizada de cobertura. CONFIRMADO_ESTATICO não equivale a teste manual nem a aceitação em hardware real.
DUCK-2597;Harmônicos;entrega;prova estrutural;CONFIRMADO_ESTATICO;src/components/studio/tools/harmonic-catalog.tsx;Matriz automatizada de cobertura. CONFIRMADO_ESTATICO não equivale a teste manual nem a aceitação em hardware real.
DUCK-2598;Harmônicos;entrega;evidência disponível;CONFIRMADO_ESTATICO;src/components/studio/tools/harmonic-catalog.tsx;Matriz automatizada de cobertura. CONFIRMADO_ESTATICO não equivale a teste manual nem a aceitação em hardware real.
DUCK-2599;Harmônicos;entrega;limite operacional;PARCIAL;src/components/studio/tools/harmonic-catalog.tsx;Matriz automatizada de cobertura. CONFIRMADO_ESTATICO não equivale a teste manual nem a aceitação em hardware real.
DUCK-2600;Harmônicos;entrega;aceitação de entrega;REVISAO_HUMANA;src/components/studio/tools/harmonic-catalog.tsx;Matriz automatizada de cobertura. CONFIRMADO_ESTATICO não equivale a teste manual nem a aceitação em hardware real.
DUCK-2601;Automações;presença funcional;inspeção estática;CONFIRMADO_ESTATICO;src/lib/automation.ts;Matriz automatizada de cobertura. CONFIRMADO_ESTATICO não equivale a teste manual nem a aceitação em hardware real.
DUCK-2602;Automações;presença funcional;prova estrutural;CONFIRMADO_ESTATICO;src/lib/automation.ts;Matriz automatizada de cobertura. CONFIRMADO_ESTATICO não equivale a teste manual nem a aceitação em hardware real.
DUCK-2603;Automações;presença funcional;evidência disponível;CONFIRMADO_ESTATICO;src/lib/automation.ts;Matriz automatizada de cobertura. CONFIRMADO_ESTATICO não equivale a teste manual nem a aceitação em hardware real.
DUCK-2604;Automações;presença funcional;limite operacional;PARCIAL;src/lib/automation.ts;Matriz automatizada de cobertura. CONFIRMADO_ESTATICO não equivale a teste manual nem a aceitação em hardware real.
DUCK-2605;Automações;presença funcional;aceitação de entrega;REVISAO_HUMANA;src/lib/automation.ts;Matriz automatizada de cobertura. CONFIRMADO_ESTATICO não equivale a teste manual nem a aceitação em hardware real.
DUCK-2606;Automações;consistência de estados;inspeção estática;CONFIRMADO_ESTATICO;src/lib/automation.ts;Matriz automatizada de cobertura. CONFIRMADO_ESTATICO não equivale a teste manual nem a aceitação em hardware real.
DUCK-2607;Automações;consistência de estados;prova estrutural;CONFIRMADO_ESTATICO;src/lib/automation.ts;Matriz automatizada de cobertura. CONFIRMADO_ESTATICO não equivale a teste manual nem a aceitação em hardware real.
DUCK-2608;Automações;consistência de estados;evidência disponível;CONFIRMADO_ESTATICO;src/lib/automation.ts;Matriz automatizada de cobertura. CONFIRMADO_ESTATICO não equivale a teste manual nem a aceitação em hardware real.
DUCK-2609;Automações;consistência de estados;limite operacional;PARCIAL;src/lib/automation.ts;Matriz automatizada de cobertura. CONFIRMADO_ESTATICO não equivale a teste manual nem a aceitação em hardware real.
DUCK-2610;Automações;consistência de estados;aceitação de entrega;REVISAO_HUMANA;src/lib/automation.ts;Matriz automatizada de cobertura. CONFIRMADO_ESTATICO não equivale a teste manual nem a aceitação em hardware real.
DUCK-2611;Automações;clareza de feedback;inspeção estática;CONFIRMADO_ESTATICO;src/lib/automation.ts;Matriz automatizada de cobertura. CONFIRMADO_ESTATICO não equivale a teste manual nem a aceitação em hardware real.
DUCK-2612;Automações;clareza de feedback;prova estrutural;CONFIRMADO_ESTATICO;src/lib/automation.ts;Matriz automatizada de cobertura. CONFIRMADO_ESTATICO não equivale a teste manual nem a aceitação em hardware real.
DUCK-2613;Automações;clareza de feedback;evidência disponível;CONFIRMADO_ESTATICO;src/lib/automation.ts;Matriz automatizada de cobertura. CONFIRMADO_ESTATICO não equivale a teste manual nem a aceitação em hardware real.
DUCK-2614;Automações;clareza de feedback;limite operacional;PARCIAL;src/lib/automation.ts;Matriz automatizada de cobertura. CONFIRMADO_ESTATICO não equivale a teste manual nem a aceitação em hardware real.
DUCK-2615;Automações;clareza de feedback;aceitação de entrega;REVISAO_HUMANA;src/lib/automation.ts;Matriz automatizada de cobertura. CONFIRMADO_ESTATICO não equivale a teste manual nem a aceitação em hardware real.
DUCK-2616;Automações;tratamento de erro;inspeção estática;CONFIRMADO_ESTATICO;src/lib/automation.ts;Matriz automatizada de cobertura. CONFIRMADO_ESTATICO não equivale a teste manual nem a aceitação em hardware real.
DUCK-2617;Automações;tratamento de erro;prova estrutural;CONFIRMADO_ESTATICO;src/lib/automation.ts;Matriz automatizada de cobertura. CONFIRMADO_ESTATICO não equivale a teste manual nem a aceitação em hardware real.
DUCK-2618;Automações;tratamento de erro;evidência disponível;CONFIRMADO_ESTATICO;src/lib/automation.ts;Matriz automatizada de cobertura. CONFIRMADO_ESTATICO não equivale a teste manual nem a aceitação em hardware real.
DUCK-2619;Automações;tratamento de erro;limite operacional;PARCIAL;src/lib/automation.ts;Matriz automatizada de cobertura. CONFIRMADO_ESTATICO não equivale a teste manual nem a aceitação em hardware real.
DUCK-2620;Automações;tratamento de erro;aceitação de entrega;REVISAO_HUMANA;src/lib/automation.ts;Matriz automatizada de cobertura. CONFIRMADO_ESTATICO não equivale a teste manual nem a aceitação em hardware real.
DUCK-2621;Automações;navegação por teclado;inspeção estática;CONFIRMADO_ESTATICO;src/lib/automation.ts;Matriz automatizada de cobertura. CONFIRMADO_ESTATICO não equivale a teste manual nem a aceitação em hardware real.
DUCK-2622;Automações;navegação por teclado;prova estrutural;CONFIRMADO_ESTATICO;src/lib/automation.ts;Matriz automatizada de cobertura. CONFIRMADO_ESTATICO não equivale a teste manual nem a aceitação em hardware real.
DUCK-2623;Automações;navegação por teclado;evidência disponível;CONFIRMADO_ESTATICO;src/lib/automation.ts;Matriz automatizada de cobertura. CONFIRMADO_ESTATICO não equivale a teste manual nem a aceitação em hardware real.
DUCK-2624;Automações;navegação por teclado;limite operacional;PARCIAL;src/lib/automation.ts;Matriz automatizada de cobertura. CONFIRMADO_ESTATICO não equivale a teste manual nem a aceitação em hardware real.
DUCK-2625;Automações;navegação por teclado;aceitação de entrega;REVISAO_HUMANA;src/lib/automation.ts;Matriz automatizada de cobertura. CONFIRMADO_ESTATICO não equivale a teste manual nem a aceitação em hardware real.
DUCK-2626;Automações;legibilidade;inspeção estática;CONFIRMADO_ESTATICO;src/lib/automation.ts;Matriz automatizada de cobertura. CONFIRMADO_ESTATICO não equivale a teste manual nem a aceitação em hardware real.
DUCK-2627;Automações;legibilidade;prova estrutural;CONFIRMADO_ESTATICO;src/lib/automation.ts;Matriz automatizada de cobertura. CONFIRMADO_ESTATICO não equivale a teste manual nem a aceitação em hardware real.
DUCK-2628;Automações;legibilidade;evidência disponível;CONFIRMADO_ESTATICO;src/lib/automation.ts;Matriz automatizada de cobertura. CONFIRMADO_ESTATICO não equivale a teste manual nem a aceitação em hardware real.
DUCK-2629;Automações;legibilidade;limite operacional;PARCIAL;src/lib/automation.ts;Matriz automatizada de cobertura. CONFIRMADO_ESTATICO não equivale a teste manual nem a aceitação em hardware real.
DUCK-2630;Automações;legibilidade;aceitação de entrega;REVISAO_HUMANA;src/lib/automation.ts;Matriz automatizada de cobertura. CONFIRMADO_ESTATICO não equivale a teste manual nem a aceitação em hardware real.
DUCK-2631;Automações;contraste;inspeção estática;CONFIRMADO_ESTATICO;src/lib/automation.ts;Matriz automatizada de cobertura. CONFIRMADO_ESTATICO não equivale a teste manual nem a aceitação em hardware real.
DUCK-2632;Automações;contraste;prova estrutural;CONFIRMADO_ESTATICO;src/lib/automation.ts;Matriz automatizada de cobertura. CONFIRMADO_ESTATICO não equivale a teste manual nem a aceitação em hardware real.
DUCK-2633;Automações;contraste;evidência disponível;CONFIRMADO_ESTATICO;src/lib/automation.ts;Matriz automatizada de cobertura. CONFIRMADO_ESTATICO não equivale a teste manual nem a aceitação em hardware real.
DUCK-2634;Automações;contraste;limite operacional;PARCIAL;src/lib/automation.ts;Matriz automatizada de cobertura. CONFIRMADO_ESTATICO não equivale a teste manual nem a aceitação em hardware real.
DUCK-2635;Automações;contraste;aceitação de entrega;REVISAO_HUMANA;src/lib/automation.ts;Matriz automatizada de cobertura. CONFIRMADO_ESTATICO não equivale a teste manual nem a aceitação em hardware real.
DUCK-2636;Automações;responsividade;inspeção estática;CONFIRMADO_ESTATICO;src/lib/automation.ts;Matriz automatizada de cobertura. CONFIRMADO_ESTATICO não equivale a teste manual nem a aceitação em hardware real.
DUCK-2637;Automações;responsividade;prova estrutural;CONFIRMADO_ESTATICO;src/lib/automation.ts;Matriz automatizada de cobertura. CONFIRMADO_ESTATICO não equivale a teste manual nem a aceitação em hardware real.
DUCK-2638;Automações;responsividade;evidência disponível;CONFIRMADO_ESTATICO;src/lib/automation.ts;Matriz automatizada de cobertura. CONFIRMADO_ESTATICO não equivale a teste manual nem a aceitação em hardware real.
DUCK-2639;Automações;responsividade;limite operacional;PARCIAL;src/lib/automation.ts;Matriz automatizada de cobertura. CONFIRMADO_ESTATICO não equivale a teste manual nem a aceitação em hardware real.
DUCK-2640;Automações;responsividade;aceitação de entrega;REVISAO_HUMANA;src/lib/automation.ts;Matriz automatizada de cobertura. CONFIRMADO_ESTATICO não equivale a teste manual nem a aceitação em hardware real.
DUCK-2641;Automações;persistência;inspeção estática;CONFIRMADO_ESTATICO;src/lib/automation.ts;Matriz automatizada de cobertura. CONFIRMADO_ESTATICO não equivale a teste manual nem a aceitação em hardware real.
DUCK-2642;Automações;persistência;prova estrutural;CONFIRMADO_ESTATICO;src/lib/automation.ts;Matriz automatizada de cobertura. CONFIRMADO_ESTATICO não equivale a teste manual nem a aceitação em hardware real.
DUCK-2643;Automações;persistência;evidência disponível;CONFIRMADO_ESTATICO;src/lib/automation.ts;Matriz automatizada de cobertura. CONFIRMADO_ESTATICO não equivale a teste manual nem a aceitação em hardware real.
DUCK-2644;Automações;persistência;limite operacional;PARCIAL;src/lib/automation.ts;Matriz automatizada de cobertura. CONFIRMADO_ESTATICO não equivale a teste manual nem a aceitação em hardware real.
DUCK-2645;Automações;persistência;aceitação de entrega;REVISAO_HUMANA;src/lib/automation.ts;Matriz automatizada de cobertura. CONFIRMADO_ESTATICO não equivale a teste manual nem a aceitação em hardware real.
DUCK-2646;Automações;segurança de entrada;inspeção estática;CONFIRMADO_ESTATICO;src/lib/automation.ts;Matriz automatizada de cobertura. CONFIRMADO_ESTATICO não equivale a teste manual nem a aceitação em hardware real.
DUCK-2647;Automações;segurança de entrada;prova estrutural;CONFIRMADO_ESTATICO;src/lib/automation.ts;Matriz automatizada de cobertura. CONFIRMADO_ESTATICO não equivale a teste manual nem a aceitação em hardware real.
DUCK-2648;Automações;segurança de entrada;evidência disponível;CONFIRMADO_ESTATICO;src/lib/automation.ts;Matriz automatizada de cobertura. CONFIRMADO_ESTATICO não equivale a teste manual nem a aceitação em hardware real.
DUCK-2649;Automações;segurança de entrada;limite operacional;PARCIAL;src/lib/automation.ts;Matriz automatizada de cobertura. CONFIRMADO_ESTATICO não equivale a teste manual nem a aceitação em hardware real.
DUCK-2650;Automações;segurança de entrada;aceitação de entrega;REVISAO_HUMANA;src/lib/automation.ts;Matriz automatizada de cobertura. CONFIRMADO_ESTATICO não equivale a teste manual nem a aceitação em hardware real.
DUCK-2651;Automações;privacidade;inspeção estática;CONFIRMADO_ESTATICO;src/lib/automation.ts;Matriz automatizada de cobertura. CONFIRMADO_ESTATICO não equivale a teste manual nem a aceitação em hardware real.
DUCK-2652;Automações;privacidade;prova estrutural;CONFIRMADO_ESTATICO;src/lib/automation.ts;Matriz automatizada de cobertura. CONFIRMADO_ESTATICO não equivale a teste manual nem a aceitação em hardware real.
DUCK-2653;Automações;privacidade;evidência disponível;CONFIRMADO_ESTATICO;src/lib/automation.ts;Matriz automatizada de cobertura. CONFIRMADO_ESTATICO não equivale a teste manual nem a aceitação em hardware real.
DUCK-2654;Automações;privacidade;limite operacional;PARCIAL;src/lib/automation.ts;Matriz automatizada de cobertura. CONFIRMADO_ESTATICO não equivale a teste manual nem a aceitação em hardware real.
DUCK-2655;Automações;privacidade;aceitação de entrega;REVISAO_HUMANA;src/lib/automation.ts;Matriz automatizada de cobertura. CONFIRMADO_ESTATICO não equivale a teste manual nem a aceitação em hardware real.
DUCK-2656;Automações;desempenho;inspeção estática;CONFIRMADO_ESTATICO;src/lib/automation.ts;Matriz automatizada de cobertura. CONFIRMADO_ESTATICO não equivale a teste manual nem a aceitação em hardware real.
DUCK-2657;Automações;desempenho;prova estrutural;CONFIRMADO_ESTATICO;src/lib/automation.ts;Matriz automatizada de cobertura. CONFIRMADO_ESTATICO não equivale a teste manual nem a aceitação em hardware real.
DUCK-2658;Automações;desempenho;evidência disponível;CONFIRMADO_ESTATICO;src/lib/automation.ts;Matriz automatizada de cobertura. CONFIRMADO_ESTATICO não equivale a teste manual nem a aceitação em hardware real.
DUCK-2659;Automações;desempenho;limite operacional;PARCIAL;src/lib/automation.ts;Matriz automatizada de cobertura. CONFIRMADO_ESTATICO não equivale a teste manual nem a aceitação em hardware real.
DUCK-2660;Automações;desempenho;aceitação de entrega;REVISAO_HUMANA;src/lib/automation.ts;Matriz automatizada de cobertura. CONFIRMADO_ESTATICO não equivale a teste manual nem a aceitação em hardware real.
DUCK-2661;Automações;manutenibilidade;inspeção estática;CONFIRMADO_ESTATICO;src/lib/automation.ts;Matriz automatizada de cobertura. CONFIRMADO_ESTATICO não equivale a teste manual nem a aceitação em hardware real.
DUCK-2662;Automações;manutenibilidade;prova estrutural;CONFIRMADO_ESTATICO;src/lib/automation.ts;Matriz automatizada de cobertura. CONFIRMADO_ESTATICO não equivale a teste manual nem a aceitação em hardware real.
DUCK-2663;Automações;manutenibilidade;evidência disponível;CONFIRMADO_ESTATICO;src/lib/automation.ts;Matriz automatizada de cobertura. CONFIRMADO_ESTATICO não equivale a teste manual nem a aceitação em hardware real.
DUCK-2664;Automações;manutenibilidade;limite operacional;PARCIAL;src/lib/automation.ts;Matriz automatizada de cobertura. CONFIRMADO_ESTATICO não equivale a teste manual nem a aceitação em hardware real.
DUCK-2665;Automações;manutenibilidade;aceitação de entrega;REVISAO_HUMANA;src/lib/automation.ts;Matriz automatizada de cobertura. CONFIRMADO_ESTATICO não equivale a teste manual nem a aceitação em hardware real.
DUCK-2666;Automações;tipagem;inspeção estática;CONFIRMADO_ESTATICO;src/lib/automation.ts;Matriz automatizada de cobertura. CONFIRMADO_ESTATICO não equivale a teste manual nem a aceitação em hardware real.
DUCK-2667;Automações;tipagem;prova estrutural;CONFIRMADO_ESTATICO;src/lib/automation.ts;Matriz automatizada de cobertura. CONFIRMADO_ESTATICO não equivale a teste manual nem a aceitação em hardware real.
DUCK-2668;Automações;tipagem;evidência disponível;CONFIRMADO_ESTATICO;src/lib/automation.ts;Matriz automatizada de cobertura. CONFIRMADO_ESTATICO não equivale a teste manual nem a aceitação em hardware real.
DUCK-2669;Automações;tipagem;limite operacional;PARCIAL;src/lib/automation.ts;Matriz automatizada de cobertura. CONFIRMADO_ESTATICO não equivale a teste manual nem a aceitação em hardware real.
DUCK-2670;Automações;tipagem;aceitação de entrega;REVISAO_HUMANA;src/lib/automation.ts;Matriz automatizada de cobertura. CONFIRMADO_ESTATICO não equivale a teste manual nem a aceitação em hardware real.
DUCK-2671;Automações;rastreabilidade;inspeção estática;CONFIRMADO_ESTATICO;src/lib/automation.ts;Matriz automatizada de cobertura. CONFIRMADO_ESTATICO não equivale a teste manual nem a aceitação em hardware real.
DUCK-2672;Automações;rastreabilidade;prova estrutural;CONFIRMADO_ESTATICO;src/lib/automation.ts;Matriz automatizada de cobertura. CONFIRMADO_ESTATICO não equivale a teste manual nem a aceitação em hardware real.
DUCK-2673;Automações;rastreabilidade;evidência disponível;CONFIRMADO_ESTATICO;src/lib/automation.ts;Matriz automatizada de cobertura. CONFIRMADO_ESTATICO não equivale a teste manual nem a aceitação em hardware real.
DUCK-2674;Automações;rastreabilidade;limite operacional;PARCIAL;src/lib/automation.ts;Matriz automatizada de cobertura. CONFIRMADO_ESTATICO não equivale a teste manual nem a aceitação em hardware real.
DUCK-2675;Automações;rastreabilidade;aceitação de entrega;REVISAO_HUMANA;src/lib/automation.ts;Matriz automatizada de cobertura. CONFIRMADO_ESTATICO não equivale a teste manual nem a aceitação em hardware real.
DUCK-2676;Automações;evidência visual;inspeção estática;CONFIRMADO_ESTATICO;src/lib/automation.ts;Matriz automatizada de cobertura. CONFIRMADO_ESTATICO não equivale a teste manual nem a aceitação em hardware real.
DUCK-2677;Automações;evidência visual;prova estrutural;CONFIRMADO_ESTATICO;src/lib/automation.ts;Matriz automatizada de cobertura. CONFIRMADO_ESTATICO não equivale a teste manual nem a aceitação em hardware real.
DUCK-2678;Automações;evidência visual;evidência disponível;CONFIRMADO_ESTATICO;src/lib/automation.ts;Matriz automatizada de cobertura. CONFIRMADO_ESTATICO não equivale a teste manual nem a aceitação em hardware real.
DUCK-2679;Automações;evidência visual;limite operacional;PARCIAL;src/lib/automation.ts;Matriz automatizada de cobertura. CONFIRMADO_ESTATICO não equivale a teste manual nem a aceitação em hardware real.
DUCK-2680;Automações;evidência visual;aceitação de entrega;REVISAO_HUMANA;src/lib/automation.ts;Matriz automatizada de cobertura. CONFIRMADO_ESTATICO não equivale a teste manual nem a aceitação em hardware real.
DUCK-2681;Automações;documentação;inspeção estática;CONFIRMADO_ESTATICO;src/lib/automation.ts;Matriz automatizada de cobertura. CONFIRMADO_ESTATICO não equivale a teste manual nem a aceitação em hardware real.
DUCK-2682;Automações;documentação;prova estrutural;CONFIRMADO_ESTATICO;src/lib/automation.ts;Matriz automatizada de cobertura. CONFIRMADO_ESTATICO não equivale a teste manual nem a aceitação em hardware real.
DUCK-2683;Automações;documentação;evidência disponível;CONFIRMADO_ESTATICO;src/lib/automation.ts;Matriz automatizada de cobertura. CONFIRMADO_ESTATICO não equivale a teste manual nem a aceitação em hardware real.
DUCK-2684;Automações;documentação;limite operacional;PARCIAL;src/lib/automation.ts;Matriz automatizada de cobertura. CONFIRMADO_ESTATICO não equivale a teste manual nem a aceitação em hardware real.
DUCK-2685;Automações;documentação;aceitação de entrega;REVISAO_HUMANA;src/lib/automation.ts;Matriz automatizada de cobertura. CONFIRMADO_ESTATICO não equivale a teste manual nem a aceitação em hardware real.
DUCK-2686;Automações;recuperação;inspeção estática;CONFIRMADO_ESTATICO;src/lib/automation.ts;Matriz automatizada de cobertura. CONFIRMADO_ESTATICO não equivale a teste manual nem a aceitação em hardware real.
DUCK-2687;Automações;recuperação;prova estrutural;CONFIRMADO_ESTATICO;src/lib/automation.ts;Matriz automatizada de cobertura. CONFIRMADO_ESTATICO não equivale a teste manual nem a aceitação em hardware real.
DUCK-2688;Automações;recuperação;evidência disponível;CONFIRMADO_ESTATICO;src/lib/automation.ts;Matriz automatizada de cobertura. CONFIRMADO_ESTATICO não equivale a teste manual nem a aceitação em hardware real.
DUCK-2689;Automações;recuperação;limite operacional;PARCIAL;src/lib/automation.ts;Matriz automatizada de cobertura. CONFIRMADO_ESTATICO não equivale a teste manual nem a aceitação em hardware real.
DUCK-2690;Automações;recuperação;aceitação de entrega;REVISAO_HUMANA;src/lib/automation.ts;Matriz automatizada de cobertura. CONFIRMADO_ESTATICO não equivale a teste manual nem a aceitação em hardware real.
DUCK-2691;Automações;exportação;inspeção estática;CONFIRMADO_ESTATICO;src/lib/automation.ts;Matriz automatizada de cobertura. CONFIRMADO_ESTATICO não equivale a teste manual nem a aceitação em hardware real.
DUCK-2692;Automações;exportação;prova estrutural;CONFIRMADO_ESTATICO;src/lib/automation.ts;Matriz automatizada de cobertura. CONFIRMADO_ESTATICO não equivale a teste manual nem a aceitação em hardware real.
DUCK-2693;Automações;exportação;evidência disponível;CONFIRMADO_ESTATICO;src/lib/automation.ts;Matriz automatizada de cobertura. CONFIRMADO_ESTATICO não equivale a teste manual nem a aceitação em hardware real.
DUCK-2694;Automações;exportação;limite operacional;PARCIAL;src/lib/automation.ts;Matriz automatizada de cobertura. CONFIRMADO_ESTATICO não equivale a teste manual nem a aceitação em hardware real.
DUCK-2695;Automações;exportação;aceitação de entrega;REVISAO_HUMANA;src/lib/automation.ts;Matriz automatizada de cobertura. CONFIRMADO_ESTATICO não equivale a teste manual nem a aceitação em hardware real.
DUCK-2696;Automações;entrega;inspeção estática;CONFIRMADO_ESTATICO;src/lib/automation.ts;Matriz automatizada de cobertura. CONFIRMADO_ESTATICO não equivale a teste manual nem a aceitação em hardware real.
DUCK-2697;Automações;entrega;prova estrutural;CONFIRMADO_ESTATICO;src/lib/automation.ts;Matriz automatizada de cobertura. CONFIRMADO_ESTATICO não equivale a teste manual nem a aceitação em hardware real.
DUCK-2698;Automações;entrega;evidência disponível;CONFIRMADO_ESTATICO;src/lib/automation.ts;Matriz automatizada de cobertura. CONFIRMADO_ESTATICO não equivale a teste manual nem a aceitação em hardware real.
DUCK-2699;Automações;entrega;limite operacional;PARCIAL;src/lib/automation.ts;Matriz automatizada de cobertura. CONFIRMADO_ESTATICO não equivale a teste manual nem a aceitação em hardware real.
DUCK-2700;Automações;entrega;aceitação de entrega;REVISAO_HUMANA;src/lib/automation.ts;Matriz automatizada de cobertura. CONFIRMADO_ESTATICO não equivale a teste manual nem a aceitação em hardware real.
DUCK-2701;Financeiro;presença funcional;inspeção estática;CONFIRMADO_ESTATICO;src/components/studio/views/finance.tsx;Matriz automatizada de cobertura. CONFIRMADO_ESTATICO não equivale a teste manual nem a aceitação em hardware real.
DUCK-2702;Financeiro;presença funcional;prova estrutural;CONFIRMADO_ESTATICO;src/components/studio/views/finance.tsx;Matriz automatizada de cobertura. CONFIRMADO_ESTATICO não equivale a teste manual nem a aceitação em hardware real.
DUCK-2703;Financeiro;presença funcional;evidência disponível;CONFIRMADO_ESTATICO;src/components/studio/views/finance.tsx;Matriz automatizada de cobertura. CONFIRMADO_ESTATICO não equivale a teste manual nem a aceitação em hardware real.
DUCK-2704;Financeiro;presença funcional;limite operacional;PARCIAL;src/components/studio/views/finance.tsx;Matriz automatizada de cobertura. CONFIRMADO_ESTATICO não equivale a teste manual nem a aceitação em hardware real.
DUCK-2705;Financeiro;presença funcional;aceitação de entrega;REVISAO_HUMANA;src/components/studio/views/finance.tsx;Matriz automatizada de cobertura. CONFIRMADO_ESTATICO não equivale a teste manual nem a aceitação em hardware real.
DUCK-2706;Financeiro;consistência de estados;inspeção estática;CONFIRMADO_ESTATICO;src/components/studio/views/finance.tsx;Matriz automatizada de cobertura. CONFIRMADO_ESTATICO não equivale a teste manual nem a aceitação em hardware real.
DUCK-2707;Financeiro;consistência de estados;prova estrutural;CONFIRMADO_ESTATICO;src/components/studio/views/finance.tsx;Matriz automatizada de cobertura. CONFIRMADO_ESTATICO não equivale a teste manual nem a aceitação em hardware real.
DUCK-2708;Financeiro;consistência de estados;evidência disponível;CONFIRMADO_ESTATICO;src/components/studio/views/finance.tsx;Matriz automatizada de cobertura. CONFIRMADO_ESTATICO não equivale a teste manual nem a aceitação em hardware real.
DUCK-2709;Financeiro;consistência de estados;limite operacional;PARCIAL;src/components/studio/views/finance.tsx;Matriz automatizada de cobertura. CONFIRMADO_ESTATICO não equivale a teste manual nem a aceitação em hardware real.
DUCK-2710;Financeiro;consistência de estados;aceitação de entrega;REVISAO_HUMANA;src/components/studio/views/finance.tsx;Matriz automatizada de cobertura. CONFIRMADO_ESTATICO não equivale a teste manual nem a aceitação em hardware real.
DUCK-2711;Financeiro;clareza de feedback;inspeção estática;CONFIRMADO_ESTATICO;src/components/studio/views/finance.tsx;Matriz automatizada de cobertura. CONFIRMADO_ESTATICO não equivale a teste manual nem a aceitação em hardware real.
DUCK-2712;Financeiro;clareza de feedback;prova estrutural;CONFIRMADO_ESTATICO;src/components/studio/views/finance.tsx;Matriz automatizada de cobertura. CONFIRMADO_ESTATICO não equivale a teste manual nem a aceitação em hardware real.
DUCK-2713;Financeiro;clareza de feedback;evidência disponível;CONFIRMADO_ESTATICO;src/components/studio/views/finance.tsx;Matriz automatizada de cobertura. CONFIRMADO_ESTATICO não equivale a teste manual nem a aceitação em hardware real.
DUCK-2714;Financeiro;clareza de feedback;limite operacional;PARCIAL;src/components/studio/views/finance.tsx;Matriz automatizada de cobertura. CONFIRMADO_ESTATICO não equivale a teste manual nem a aceitação em hardware real.
DUCK-2715;Financeiro;clareza de feedback;aceitação de entrega;REVISAO_HUMANA;src/components/studio/views/finance.tsx;Matriz automatizada de cobertura. CONFIRMADO_ESTATICO não equivale a teste manual nem a aceitação em hardware real.
DUCK-2716;Financeiro;tratamento de erro;inspeção estática;CONFIRMADO_ESTATICO;src/components/studio/views/finance.tsx;Matriz automatizada de cobertura. CONFIRMADO_ESTATICO não equivale a teste manual nem a aceitação em hardware real.
DUCK-2717;Financeiro;tratamento de erro;prova estrutural;CONFIRMADO_ESTATICO;src/components/studio/views/finance.tsx;Matriz automatizada de cobertura. CONFIRMADO_ESTATICO não equivale a teste manual nem a aceitação em hardware real.
DUCK-2718;Financeiro;tratamento de erro;evidência disponível;CONFIRMADO_ESTATICO;src/components/studio/views/finance.tsx;Matriz automatizada de cobertura. CONFIRMADO_ESTATICO não equivale a teste manual nem a aceitação em hardware real.
DUCK-2719;Financeiro;tratamento de erro;limite operacional;PARCIAL;src/components/studio/views/finance.tsx;Matriz automatizada de cobertura. CONFIRMADO_ESTATICO não equivale a teste manual nem a aceitação em hardware real.
DUCK-2720;Financeiro;tratamento de erro;aceitação de entrega;REVISAO_HUMANA;src/components/studio/views/finance.tsx;Matriz automatizada de cobertura. CONFIRMADO_ESTATICO não equivale a teste manual nem a aceitação em hardware real.
DUCK-2721;Financeiro;navegação por teclado;inspeção estática;CONFIRMADO_ESTATICO;src/components/studio/views/finance.tsx;Matriz automatizada de cobertura. CONFIRMADO_ESTATICO não equivale a teste manual nem a aceitação em hardware real.
DUCK-2722;Financeiro;navegação por teclado;prova estrutural;CONFIRMADO_ESTATICO;src/components/studio/views/finance.tsx;Matriz automatizada de cobertura. CONFIRMADO_ESTATICO não equivale a teste manual nem a aceitação em hardware real.
DUCK-2723;Financeiro;navegação por teclado;evidência disponível;CONFIRMADO_ESTATICO;src/components/studio/views/finance.tsx;Matriz automatizada de cobertura. CONFIRMADO_ESTATICO não equivale a teste manual nem a aceitação em hardware real.
DUCK-2724;Financeiro;navegação por teclado;limite operacional;PARCIAL;src/components/studio/views/finance.tsx;Matriz automatizada de cobertura. CONFIRMADO_ESTATICO não equivale a teste manual nem a aceitação em hardware real.
DUCK-2725;Financeiro;navegação por teclado;aceitação de entrega;REVISAO_HUMANA;src/components/studio/views/finance.tsx;Matriz automatizada de cobertura. CONFIRMADO_ESTATICO não equivale a teste manual nem a aceitação em hardware real.
DUCK-2726;Financeiro;legibilidade;inspeção estática;CONFIRMADO_ESTATICO;src/components/studio/views/finance.tsx;Matriz automatizada de cobertura. CONFIRMADO_ESTATICO não equivale a teste manual nem a aceitação em hardware real.
DUCK-2727;Financeiro;legibilidade;prova estrutural;CONFIRMADO_ESTATICO;src/components/studio/views/finance.tsx;Matriz automatizada de cobertura. CONFIRMADO_ESTATICO não equivale a teste manual nem a aceitação em hardware real.
DUCK-2728;Financeiro;legibilidade;evidência disponível;CONFIRMADO_ESTATICO;src/components/studio/views/finance.tsx;Matriz automatizada de cobertura. CONFIRMADO_ESTATICO não equivale a teste manual nem a aceitação em hardware real.
DUCK-2729;Financeiro;legibilidade;limite operacional;PARCIAL;src/components/studio/views/finance.tsx;Matriz automatizada de cobertura. CONFIRMADO_ESTATICO não equivale a teste manual nem a aceitação em hardware real.
DUCK-2730;Financeiro;legibilidade;aceitação de entrega;REVISAO_HUMANA;src/components/studio/views/finance.tsx;Matriz automatizada de cobertura. CONFIRMADO_ESTATICO não equivale a teste manual nem a aceitação em hardware real.
DUCK-2731;Financeiro;contraste;inspeção estática;CONFIRMADO_ESTATICO;src/components/studio/views/finance.tsx;Matriz automatizada de cobertura. CONFIRMADO_ESTATICO não equivale a teste manual nem a aceitação em hardware real.
DUCK-2732;Financeiro;contraste;prova estrutural;CONFIRMADO_ESTATICO;src/components/studio/views/finance.tsx;Matriz automatizada de cobertura. CONFIRMADO_ESTATICO não equivale a teste manual nem a aceitação em hardware real.
DUCK-2733;Financeiro;contraste;evidência disponível;CONFIRMADO_ESTATICO;src/components/studio/views/finance.tsx;Matriz automatizada de cobertura. CONFIRMADO_ESTATICO não equivale a teste manual nem a aceitação em hardware real.
DUCK-2734;Financeiro;contraste;limite operacional;PARCIAL;src/components/studio/views/finance.tsx;Matriz automatizada de cobertura. CONFIRMADO_ESTATICO não equivale a teste manual nem a aceitação em hardware real.
DUCK-2735;Financeiro;contraste;aceitação de entrega;REVISAO_HUMANA;src/components/studio/views/finance.tsx;Matriz automatizada de cobertura. CONFIRMADO_ESTATICO não equivale a teste manual nem a aceitação em hardware real.
DUCK-2736;Financeiro;responsividade;inspeção estática;CONFIRMADO_ESTATICO;src/components/studio/views/finance.tsx;Matriz automatizada de cobertura. CONFIRMADO_ESTATICO não equivale a teste manual nem a aceitação em hardware real.
DUCK-2737;Financeiro;responsividade;prova estrutural;CONFIRMADO_ESTATICO;src/components/studio/views/finance.tsx;Matriz automatizada de cobertura. CONFIRMADO_ESTATICO não equivale a teste manual nem a aceitação em hardware real.
DUCK-2738;Financeiro;responsividade;evidência disponível;CONFIRMADO_ESTATICO;src/components/studio/views/finance.tsx;Matriz automatizada de cobertura. CONFIRMADO_ESTATICO não equivale a teste manual nem a aceitação em hardware real.
DUCK-2739;Financeiro;responsividade;limite operacional;PARCIAL;src/components/studio/views/finance.tsx;Matriz automatizada de cobertura. CONFIRMADO_ESTATICO não equivale a teste manual nem a aceitação em hardware real.
DUCK-2740;Financeiro;responsividade;aceitação de entrega;REVISAO_HUMANA;src/components/studio/views/finance.tsx;Matriz automatizada de cobertura. CONFIRMADO_ESTATICO não equivale a teste manual nem a aceitação em hardware real.
DUCK-2741;Financeiro;persistência;inspeção estática;CONFIRMADO_ESTATICO;src/components/studio/views/finance.tsx;Matriz automatizada de cobertura. CONFIRMADO_ESTATICO não equivale a teste manual nem a aceitação em hardware real.
DUCK-2742;Financeiro;persistência;prova estrutural;CONFIRMADO_ESTATICO;src/components/studio/views/finance.tsx;Matriz automatizada de cobertura. CONFIRMADO_ESTATICO não equivale a teste manual nem a aceitação em hardware real.
DUCK-2743;Financeiro;persistência;evidência disponível;CONFIRMADO_ESTATICO;src/components/studio/views/finance.tsx;Matriz automatizada de cobertura. CONFIRMADO_ESTATICO não equivale a teste manual nem a aceitação em hardware real.
DUCK-2744;Financeiro;persistência;limite operacional;PARCIAL;src/components/studio/views/finance.tsx;Matriz automatizada de cobertura. CONFIRMADO_ESTATICO não equivale a teste manual nem a aceitação em hardware real.
DUCK-2745;Financeiro;persistência;aceitação de entrega;REVISAO_HUMANA;src/components/studio/views/finance.tsx;Matriz automatizada de cobertura. CONFIRMADO_ESTATICO não equivale a teste manual nem a aceitação em hardware real.
DUCK-2746;Financeiro;segurança de entrada;inspeção estática;CONFIRMADO_ESTATICO;src/components/studio/views/finance.tsx;Matriz automatizada de cobertura. CONFIRMADO_ESTATICO não equivale a teste manual nem a aceitação em hardware real.
DUCK-2747;Financeiro;segurança de entrada;prova estrutural;CONFIRMADO_ESTATICO;src/components/studio/views/finance.tsx;Matriz automatizada de cobertura. CONFIRMADO_ESTATICO não equivale a teste manual nem a aceitação em hardware real.
DUCK-2748;Financeiro;segurança de entrada;evidência disponível;CONFIRMADO_ESTATICO;src/components/studio/views/finance.tsx;Matriz automatizada de cobertura. CONFIRMADO_ESTATICO não equivale a teste manual nem a aceitação em hardware real.
DUCK-2749;Financeiro;segurança de entrada;limite operacional;PARCIAL;src/components/studio/views/finance.tsx;Matriz automatizada de cobertura. CONFIRMADO_ESTATICO não equivale a teste manual nem a aceitação em hardware real.
DUCK-2750;Financeiro;segurança de entrada;aceitação de entrega;REVISAO_HUMANA;src/components/studio/views/finance.tsx;Matriz automatizada de cobertura. CONFIRMADO_ESTATICO não equivale a teste manual nem a aceitação em hardware real.
DUCK-2751;Financeiro;privacidade;inspeção estática;CONFIRMADO_ESTATICO;src/components/studio/views/finance.tsx;Matriz automatizada de cobertura. CONFIRMADO_ESTATICO não equivale a teste manual nem a aceitação em hardware real.
DUCK-2752;Financeiro;privacidade;prova estrutural;CONFIRMADO_ESTATICO;src/components/studio/views/finance.tsx;Matriz automatizada de cobertura. CONFIRMADO_ESTATICO não equivale a teste manual nem a aceitação em hardware real.
DUCK-2753;Financeiro;privacidade;evidência disponível;CONFIRMADO_ESTATICO;src/components/studio/views/finance.tsx;Matriz automatizada de cobertura. CONFIRMADO_ESTATICO não equivale a teste manual nem a aceitação em hardware real.
DUCK-2754;Financeiro;privacidade;limite operacional;PARCIAL;src/components/studio/views/finance.tsx;Matriz automatizada de cobertura. CONFIRMADO_ESTATICO não equivale a teste manual nem a aceitação em hardware real.
DUCK-2755;Financeiro;privacidade;aceitação de entrega;REVISAO_HUMANA;src/components/studio/views/finance.tsx;Matriz automatizada de cobertura. CONFIRMADO_ESTATICO não equivale a teste manual nem a aceitação em hardware real.
DUCK-2756;Financeiro;desempenho;inspeção estática;CONFIRMADO_ESTATICO;src/components/studio/views/finance.tsx;Matriz automatizada de cobertura. CONFIRMADO_ESTATICO não equivale a teste manual nem a aceitação em hardware real.
DUCK-2757;Financeiro;desempenho;prova estrutural;CONFIRMADO_ESTATICO;src/components/studio/views/finance.tsx;Matriz automatizada de cobertura. CONFIRMADO_ESTATICO não equivale a teste manual nem a aceitação em hardware real.
DUCK-2758;Financeiro;desempenho;evidência disponível;CONFIRMADO_ESTATICO;src/components/studio/views/finance.tsx;Matriz automatizada de cobertura. CONFIRMADO_ESTATICO não equivale a teste manual nem a aceitação em hardware real.
DUCK-2759;Financeiro;desempenho;limite operacional;PARCIAL;src/components/studio/views/finance.tsx;Matriz automatizada de cobertura. CONFIRMADO_ESTATICO não equivale a teste manual nem a aceitação em hardware real.
DUCK-2760;Financeiro;desempenho;aceitação de entrega;REVISAO_HUMANA;src/components/studio/views/finance.tsx;Matriz automatizada de cobertura. CONFIRMADO_ESTATICO não equivale a teste manual nem a aceitação em hardware real.
DUCK-2761;Financeiro;manutenibilidade;inspeção estática;CONFIRMADO_ESTATICO;src/components/studio/views/finance.tsx;Matriz automatizada de cobertura. CONFIRMADO_ESTATICO não equivale a teste manual nem a aceitação em hardware real.
DUCK-2762;Financeiro;manutenibilidade;prova estrutural;CONFIRMADO_ESTATICO;src/components/studio/views/finance.tsx;Matriz automatizada de cobertura. CONFIRMADO_ESTATICO não equivale a teste manual nem a aceitação em hardware real.
DUCK-2763;Financeiro;manutenibilidade;evidência disponível;CONFIRMADO_ESTATICO;src/components/studio/views/finance.tsx;Matriz automatizada de cobertura. CONFIRMADO_ESTATICO não equivale a teste manual nem a aceitação em hardware real.
DUCK-2764;Financeiro;manutenibilidade;limite operacional;PARCIAL;src/components/studio/views/finance.tsx;Matriz automatizada de cobertura. CONFIRMADO_ESTATICO não equivale a teste manual nem a aceitação em hardware real.
DUCK-2765;Financeiro;manutenibilidade;aceitação de entrega;REVISAO_HUMANA;src/components/studio/views/finance.tsx;Matriz automatizada de cobertura. CONFIRMADO_ESTATICO não equivale a teste manual nem a aceitação em hardware real.
DUCK-2766;Financeiro;tipagem;inspeção estática;CONFIRMADO_ESTATICO;src/components/studio/views/finance.tsx;Matriz automatizada de cobertura. CONFIRMADO_ESTATICO não equivale a teste manual nem a aceitação em hardware real.
DUCK-2767;Financeiro;tipagem;prova estrutural;CONFIRMADO_ESTATICO;src/components/studio/views/finance.tsx;Matriz automatizada de cobertura. CONFIRMADO_ESTATICO não equivale a teste manual nem a aceitação em hardware real.
DUCK-2768;Financeiro;tipagem;evidência disponível;CONFIRMADO_ESTATICO;src/components/studio/views/finance.tsx;Matriz automatizada de cobertura. CONFIRMADO_ESTATICO não equivale a teste manual nem a aceitação em hardware real.
DUCK-2769;Financeiro;tipagem;limite operacional;PARCIAL;src/components/studio/views/finance.tsx;Matriz automatizada de cobertura. CONFIRMADO_ESTATICO não equivale a teste manual nem a aceitação em hardware real.
DUCK-2770;Financeiro;tipagem;aceitação de entrega;REVISAO_HUMANA;src/components/studio/views/finance.tsx;Matriz automatizada de cobertura. CONFIRMADO_ESTATICO não equivale a teste manual nem a aceitação em hardware real.
DUCK-2771;Financeiro;rastreabilidade;inspeção estática;CONFIRMADO_ESTATICO;src/components/studio/views/finance.tsx;Matriz automatizada de cobertura. CONFIRMADO_ESTATICO não equivale a teste manual nem a aceitação em hardware real.
DUCK-2772;Financeiro;rastreabilidade;prova estrutural;CONFIRMADO_ESTATICO;src/components/studio/views/finance.tsx;Matriz automatizada de cobertura. CONFIRMADO_ESTATICO não equivale a teste manual nem a aceitação em hardware real.
DUCK-2773;Financeiro;rastreabilidade;evidência disponível;CONFIRMADO_ESTATICO;src/components/studio/views/finance.tsx;Matriz automatizada de cobertura. CONFIRMADO_ESTATICO não equivale a teste manual nem a aceitação em hardware real.
DUCK-2774;Financeiro;rastreabilidade;limite operacional;PARCIAL;src/components/studio/views/finance.tsx;Matriz automatizada de cobertura. CONFIRMADO_ESTATICO não equivale a teste manual nem a aceitação em hardware real.
DUCK-2775;Financeiro;rastreabilidade;aceitação de entrega;REVISAO_HUMANA;src/components/studio/views/finance.tsx;Matriz automatizada de cobertura. CONFIRMADO_ESTATICO não equivale a teste manual nem a aceitação em hardware real.
DUCK-2776;Financeiro;evidência visual;inspeção estática;CONFIRMADO_ESTATICO;src/components/studio/views/finance.tsx;Matriz automatizada de cobertura. CONFIRMADO_ESTATICO não equivale a teste manual nem a aceitação em hardware real.
DUCK-2777;Financeiro;evidência visual;prova estrutural;CONFIRMADO_ESTATICO;src/components/studio/views/finance.tsx;Matriz automatizada de cobertura. CONFIRMADO_ESTATICO não equivale a teste manual nem a aceitação em hardware real.
DUCK-2778;Financeiro;evidência visual;evidência disponível;CONFIRMADO_ESTATICO;src/components/studio/views/finance.tsx;Matriz automatizada de cobertura. CONFIRMADO_ESTATICO não equivale a teste manual nem a aceitação em hardware real.
DUCK-2779;Financeiro;evidência visual;limite operacional;PARCIAL;src/components/studio/views/finance.tsx;Matriz automatizada de cobertura. CONFIRMADO_ESTATICO não equivale a teste manual nem a aceitação em hardware real.
DUCK-2780;Financeiro;evidência visual;aceitação de entrega;REVISAO_HUMANA;src/components/studio/views/finance.tsx;Matriz automatizada de cobertura. CONFIRMADO_ESTATICO não equivale a teste manual nem a aceitação em hardware real.
DUCK-2781;Financeiro;documentação;inspeção estática;CONFIRMADO_ESTATICO;src/components/studio/views/finance.tsx;Matriz automatizada de cobertura. CONFIRMADO_ESTATICO não equivale a teste manual nem a aceitação em hardware real.
DUCK-2782;Financeiro;documentação;prova estrutural;CONFIRMADO_ESTATICO;src/components/studio/views/finance.tsx;Matriz automatizada de cobertura. CONFIRMADO_ESTATICO não equivale a teste manual nem a aceitação em hardware real.
DUCK-2783;Financeiro;documentação;evidência disponível;CONFIRMADO_ESTATICO;src/components/studio/views/finance.tsx;Matriz automatizada de cobertura. CONFIRMADO_ESTATICO não equivale a teste manual nem a aceitação em hardware real.
DUCK-2784;Financeiro;documentação;limite operacional;PARCIAL;src/components/studio/views/finance.tsx;Matriz automatizada de cobertura. CONFIRMADO_ESTATICO não equivale a teste manual nem a aceitação em hardware real.
DUCK-2785;Financeiro;documentação;aceitação de entrega;REVISAO_HUMANA;src/components/studio/views/finance.tsx;Matriz automatizada de cobertura. CONFIRMADO_ESTATICO não equivale a teste manual nem a aceitação em hardware real.
DUCK-2786;Financeiro;recuperação;inspeção estática;CONFIRMADO_ESTATICO;src/components/studio/views/finance.tsx;Matriz automatizada de cobertura. CONFIRMADO_ESTATICO não equivale a teste manual nem a aceitação em hardware real.
DUCK-2787;Financeiro;recuperação;prova estrutural;CONFIRMADO_ESTATICO;src/components/studio/views/finance.tsx;Matriz automatizada de cobertura. CONFIRMADO_ESTATICO não equivale a teste manual nem a aceitação em hardware real.
DUCK-2788;Financeiro;recuperação;evidência disponível;CONFIRMADO_ESTATICO;src/components/studio/views/finance.tsx;Matriz automatizada de cobertura. CONFIRMADO_ESTATICO não equivale a teste manual nem a aceitação em hardware real.
DUCK-2789;Financeiro;recuperação;limite operacional;PARCIAL;src/components/studio/views/finance.tsx;Matriz automatizada de cobertura. CONFIRMADO_ESTATICO não equivale a teste manual nem a aceitação em hardware real.
DUCK-2790;Financeiro;recuperação;aceitação de entrega;REVISAO_HUMANA;src/components/studio/views/finance.tsx;Matriz automatizada de cobertura. CONFIRMADO_ESTATICO não equivale a teste manual nem a aceitação em hardware real.
DUCK-2791;Financeiro;exportação;inspeção estática;CONFIRMADO_ESTATICO;src/components/studio/views/finance.tsx;Matriz automatizada de cobertura. CONFIRMADO_ESTATICO não equivale a teste manual nem a aceitação em hardware real.
DUCK-2792;Financeiro;exportação;prova estrutural;CONFIRMADO_ESTATICO;src/components/studio/views/finance.tsx;Matriz automatizada de cobertura. CONFIRMADO_ESTATICO não equivale a teste manual nem a aceitação em hardware real.
DUCK-2793;Financeiro;exportação;evidência disponível;CONFIRMADO_ESTATICO;src/components/studio/views/finance.tsx;Matriz automatizada de cobertura. CONFIRMADO_ESTATICO não equivale a teste manual nem a aceitação em hardware real.
DUCK-2794;Financeiro;exportação;limite operacional;PARCIAL;src/components/studio/views/finance.tsx;Matriz automatizada de cobertura. CONFIRMADO_ESTATICO não equivale a teste manual nem a aceitação em hardware real.
DUCK-2795;Financeiro;exportação;aceitação de entrega;REVISAO_HUMANA;src/components/studio/views/finance.tsx;Matriz automatizada de cobertura. CONFIRMADO_ESTATICO não equivale a teste manual nem a aceitação em hardware real.
DUCK-2796;Financeiro;entrega;inspeção estática;CONFIRMADO_ESTATICO;src/components/studio/views/finance.tsx;Matriz automatizada de cobertura. CONFIRMADO_ESTATICO não equivale a teste manual nem a aceitação em hardware real.
DUCK-2797;Financeiro;entrega;prova estrutural;CONFIRMADO_ESTATICO;src/components/studio/views/finance.tsx;Matriz automatizada de cobertura. CONFIRMADO_ESTATICO não equivale a teste manual nem a aceitação em hardware real.
DUCK-2798;Financeiro;entrega;evidência disponível;CONFIRMADO_ESTATICO;src/components/studio/views/finance.tsx;Matriz automatizada de cobertura. CONFIRMADO_ESTATICO não equivale a teste manual nem a aceitação em hardware real.
DUCK-2799;Financeiro;entrega;limite operacional;PARCIAL;src/components/studio/views/finance.tsx;Matriz automatizada de cobertura. CONFIRMADO_ESTATICO não equivale a teste manual nem a aceitação em hardware real.
DUCK-2800;Financeiro;entrega;aceitação de entrega;REVISAO_HUMANA;src/components/studio/views/finance.tsx;Matriz automatizada de cobertura. CONFIRMADO_ESTATICO não equivale a teste manual nem a aceitação em hardware real.
DUCK-2801;Documentação;presença funcional;inspeção estática;CONFIRMADO_ESTATICO;README.md;Matriz automatizada de cobertura. CONFIRMADO_ESTATICO não equivale a teste manual nem a aceitação em hardware real.
DUCK-2802;Documentação;presença funcional;prova estrutural;CONFIRMADO_ESTATICO;README.md;Matriz automatizada de cobertura. CONFIRMADO_ESTATICO não equivale a teste manual nem a aceitação em hardware real.
DUCK-2803;Documentação;presença funcional;evidência disponível;CONFIRMADO_ESTATICO;README.md;Matriz automatizada de cobertura. CONFIRMADO_ESTATICO não equivale a teste manual nem a aceitação em hardware real.
DUCK-2804;Documentação;presença funcional;limite operacional;PARCIAL;README.md;Matriz automatizada de cobertura. CONFIRMADO_ESTATICO não equivale a teste manual nem a aceitação em hardware real.
DUCK-2805;Documentação;presença funcional;aceitação de entrega;REVISAO_HUMANA;README.md;Matriz automatizada de cobertura. CONFIRMADO_ESTATICO não equivale a teste manual nem a aceitação em hardware real.
DUCK-2806;Documentação;consistência de estados;inspeção estática;CONFIRMADO_ESTATICO;README.md;Matriz automatizada de cobertura. CONFIRMADO_ESTATICO não equivale a teste manual nem a aceitação em hardware real.
DUCK-2807;Documentação;consistência de estados;prova estrutural;CONFIRMADO_ESTATICO;README.md;Matriz automatizada de cobertura. CONFIRMADO_ESTATICO não equivale a teste manual nem a aceitação em hardware real.
DUCK-2808;Documentação;consistência de estados;evidência disponível;CONFIRMADO_ESTATICO;README.md;Matriz automatizada de cobertura. CONFIRMADO_ESTATICO não equivale a teste manual nem a aceitação em hardware real.
DUCK-2809;Documentação;consistência de estados;limite operacional;PARCIAL;README.md;Matriz automatizada de cobertura. CONFIRMADO_ESTATICO não equivale a teste manual nem a aceitação em hardware real.
DUCK-2810;Documentação;consistência de estados;aceitação de entrega;REVISAO_HUMANA;README.md;Matriz automatizada de cobertura. CONFIRMADO_ESTATICO não equivale a teste manual nem a aceitação em hardware real.
DUCK-2811;Documentação;clareza de feedback;inspeção estática;CONFIRMADO_ESTATICO;README.md;Matriz automatizada de cobertura. CONFIRMADO_ESTATICO não equivale a teste manual nem a aceitação em hardware real.
DUCK-2812;Documentação;clareza de feedback;prova estrutural;CONFIRMADO_ESTATICO;README.md;Matriz automatizada de cobertura. CONFIRMADO_ESTATICO não equivale a teste manual nem a aceitação em hardware real.
DUCK-2813;Documentação;clareza de feedback;evidência disponível;CONFIRMADO_ESTATICO;README.md;Matriz automatizada de cobertura. CONFIRMADO_ESTATICO não equivale a teste manual nem a aceitação em hardware real.
DUCK-2814;Documentação;clareza de feedback;limite operacional;PARCIAL;README.md;Matriz automatizada de cobertura. CONFIRMADO_ESTATICO não equivale a teste manual nem a aceitação em hardware real.
DUCK-2815;Documentação;clareza de feedback;aceitação de entrega;REVISAO_HUMANA;README.md;Matriz automatizada de cobertura. CONFIRMADO_ESTATICO não equivale a teste manual nem a aceitação em hardware real.
DUCK-2816;Documentação;tratamento de erro;inspeção estática;CONFIRMADO_ESTATICO;README.md;Matriz automatizada de cobertura. CONFIRMADO_ESTATICO não equivale a teste manual nem a aceitação em hardware real.
DUCK-2817;Documentação;tratamento de erro;prova estrutural;CONFIRMADO_ESTATICO;README.md;Matriz automatizada de cobertura. CONFIRMADO_ESTATICO não equivale a teste manual nem a aceitação em hardware real.
DUCK-2818;Documentação;tratamento de erro;evidência disponível;CONFIRMADO_ESTATICO;README.md;Matriz automatizada de cobertura. CONFIRMADO_ESTATICO não equivale a teste manual nem a aceitação em hardware real.
DUCK-2819;Documentação;tratamento de erro;limite operacional;PARCIAL;README.md;Matriz automatizada de cobertura. CONFIRMADO_ESTATICO não equivale a teste manual nem a aceitação em hardware real.
DUCK-2820;Documentação;tratamento de erro;aceitação de entrega;REVISAO_HUMANA;README.md;Matriz automatizada de cobertura. CONFIRMADO_ESTATICO não equivale a teste manual nem a aceitação em hardware real.
DUCK-2821;Documentação;navegação por teclado;inspeção estática;CONFIRMADO_ESTATICO;README.md;Matriz automatizada de cobertura. CONFIRMADO_ESTATICO não equivale a teste manual nem a aceitação em hardware real.
DUCK-2822;Documentação;navegação por teclado;prova estrutural;CONFIRMADO_ESTATICO;README.md;Matriz automatizada de cobertura. CONFIRMADO_ESTATICO não equivale a teste manual nem a aceitação em hardware real.
DUCK-2823;Documentação;navegação por teclado;evidência disponível;CONFIRMADO_ESTATICO;README.md;Matriz automatizada de cobertura. CONFIRMADO_ESTATICO não equivale a teste manual nem a aceitação em hardware real.
DUCK-2824;Documentação;navegação por teclado;limite operacional;PARCIAL;README.md;Matriz automatizada de cobertura. CONFIRMADO_ESTATICO não equivale a teste manual nem a aceitação em hardware real.
DUCK-2825;Documentação;navegação por teclado;aceitação de entrega;REVISAO_HUMANA;README.md;Matriz automatizada de cobertura. CONFIRMADO_ESTATICO não equivale a teste manual nem a aceitação em hardware real.
DUCK-2826;Documentação;legibilidade;inspeção estática;CONFIRMADO_ESTATICO;README.md;Matriz automatizada de cobertura. CONFIRMADO_ESTATICO não equivale a teste manual nem a aceitação em hardware real.
DUCK-2827;Documentação;legibilidade;prova estrutural;CONFIRMADO_ESTATICO;README.md;Matriz automatizada de cobertura. CONFIRMADO_ESTATICO não equivale a teste manual nem a aceitação em hardware real.
DUCK-2828;Documentação;legibilidade;evidência disponível;CONFIRMADO_ESTATICO;README.md;Matriz automatizada de cobertura. CONFIRMADO_ESTATICO não equivale a teste manual nem a aceitação em hardware real.
DUCK-2829;Documentação;legibilidade;limite operacional;PARCIAL;README.md;Matriz automatizada de cobertura. CONFIRMADO_ESTATICO não equivale a teste manual nem a aceitação em hardware real.
DUCK-2830;Documentação;legibilidade;aceitação de entrega;REVISAO_HUMANA;README.md;Matriz automatizada de cobertura. CONFIRMADO_ESTATICO não equivale a teste manual nem a aceitação em hardware real.
DUCK-2831;Documentação;contraste;inspeção estática;CONFIRMADO_ESTATICO;README.md;Matriz automatizada de cobertura. CONFIRMADO_ESTATICO não equivale a teste manual nem a aceitação em hardware real.
DUCK-2832;Documentação;contraste;prova estrutural;CONFIRMADO_ESTATICO;README.md;Matriz automatizada de cobertura. CONFIRMADO_ESTATICO não equivale a teste manual nem a aceitação em hardware real.
DUCK-2833;Documentação;contraste;evidência disponível;CONFIRMADO_ESTATICO;README.md;Matriz automatizada de cobertura. CONFIRMADO_ESTATICO não equivale a teste manual nem a aceitação em hardware real.
DUCK-2834;Documentação;contraste;limite operacional;PARCIAL;README.md;Matriz automatizada de cobertura. CONFIRMADO_ESTATICO não equivale a teste manual nem a aceitação em hardware real.
DUCK-2835;Documentação;contraste;aceitação de entrega;REVISAO_HUMANA;README.md;Matriz automatizada de cobertura. CONFIRMADO_ESTATICO não equivale a teste manual nem a aceitação em hardware real.
DUCK-2836;Documentação;responsividade;inspeção estática;CONFIRMADO_ESTATICO;README.md;Matriz automatizada de cobertura. CONFIRMADO_ESTATICO não equivale a teste manual nem a aceitação em hardware real.
DUCK-2837;Documentação;responsividade;prova estrutural;CONFIRMADO_ESTATICO;README.md;Matriz automatizada de cobertura. CONFIRMADO_ESTATICO não equivale a teste manual nem a aceitação em hardware real.
DUCK-2838;Documentação;responsividade;evidência disponível;CONFIRMADO_ESTATICO;README.md;Matriz automatizada de cobertura. CONFIRMADO_ESTATICO não equivale a teste manual nem a aceitação em hardware real.
DUCK-2839;Documentação;responsividade;limite operacional;PARCIAL;README.md;Matriz automatizada de cobertura. CONFIRMADO_ESTATICO não equivale a teste manual nem a aceitação em hardware real.
DUCK-2840;Documentação;responsividade;aceitação de entrega;REVISAO_HUMANA;README.md;Matriz automatizada de cobertura. CONFIRMADO_ESTATICO não equivale a teste manual nem a aceitação em hardware real.
DUCK-2841;Documentação;persistência;inspeção estática;CONFIRMADO_ESTATICO;README.md;Matriz automatizada de cobertura. CONFIRMADO_ESTATICO não equivale a teste manual nem a aceitação em hardware real.
DUCK-2842;Documentação;persistência;prova estrutural;CONFIRMADO_ESTATICO;README.md;Matriz automatizada de cobertura. CONFIRMADO_ESTATICO não equivale a teste manual nem a aceitação em hardware real.
DUCK-2843;Documentação;persistência;evidência disponível;CONFIRMADO_ESTATICO;README.md;Matriz automatizada de cobertura. CONFIRMADO_ESTATICO não equivale a teste manual nem a aceitação em hardware real.
DUCK-2844;Documentação;persistência;limite operacional;PARCIAL;README.md;Matriz automatizada de cobertura. CONFIRMADO_ESTATICO não equivale a teste manual nem a aceitação em hardware real.
DUCK-2845;Documentação;persistência;aceitação de entrega;REVISAO_HUMANA;README.md;Matriz automatizada de cobertura. CONFIRMADO_ESTATICO não equivale a teste manual nem a aceitação em hardware real.
DUCK-2846;Documentação;segurança de entrada;inspeção estática;CONFIRMADO_ESTATICO;README.md;Matriz automatizada de cobertura. CONFIRMADO_ESTATICO não equivale a teste manual nem a aceitação em hardware real.
DUCK-2847;Documentação;segurança de entrada;prova estrutural;CONFIRMADO_ESTATICO;README.md;Matriz automatizada de cobertura. CONFIRMADO_ESTATICO não equivale a teste manual nem a aceitação em hardware real.
DUCK-2848;Documentação;segurança de entrada;evidência disponível;CONFIRMADO_ESTATICO;README.md;Matriz automatizada de cobertura. CONFIRMADO_ESTATICO não equivale a teste manual nem a aceitação em hardware real.
DUCK-2849;Documentação;segurança de entrada;limite operacional;PARCIAL;README.md;Matriz automatizada de cobertura. CONFIRMADO_ESTATICO não equivale a teste manual nem a aceitação em hardware real.
DUCK-2850;Documentação;segurança de entrada;aceitação de entrega;REVISAO_HUMANA;README.md;Matriz automatizada de cobertura. CONFIRMADO_ESTATICO não equivale a teste manual nem a aceitação em hardware real.
DUCK-2851;Documentação;privacidade;inspeção estática;CONFIRMADO_ESTATICO;README.md;Matriz automatizada de cobertura. CONFIRMADO_ESTATICO não equivale a teste manual nem a aceitação em hardware real.
DUCK-2852;Documentação;privacidade;prova estrutural;CONFIRMADO_ESTATICO;README.md;Matriz automatizada de cobertura. CONFIRMADO_ESTATICO não equivale a teste manual nem a aceitação em hardware real.
DUCK-2853;Documentação;privacidade;evidência disponível;CONFIRMADO_ESTATICO;README.md;Matriz automatizada de cobertura. CONFIRMADO_ESTATICO não equivale a teste manual nem a aceitação em hardware real.
DUCK-2854;Documentação;privacidade;limite operacional;PARCIAL;README.md;Matriz automatizada de cobertura. CONFIRMADO_ESTATICO não equivale a teste manual nem a aceitação em hardware real.
DUCK-2855;Documentação;privacidade;aceitação de entrega;REVISAO_HUMANA;README.md;Matriz automatizada de cobertura. CONFIRMADO_ESTATICO não equivale a teste manual nem a aceitação em hardware real.
DUCK-2856;Documentação;desempenho;inspeção estática;CONFIRMADO_ESTATICO;README.md;Matriz automatizada de cobertura. CONFIRMADO_ESTATICO não equivale a teste manual nem a aceitação em hardware real.
DUCK-2857;Documentação;desempenho;prova estrutural;CONFIRMADO_ESTATICO;README.md;Matriz automatizada de cobertura. CONFIRMADO_ESTATICO não equivale a teste manual nem a aceitação em hardware real.
DUCK-2858;Documentação;desempenho;evidência disponível;CONFIRMADO_ESTATICO;README.md;Matriz automatizada de cobertura. CONFIRMADO_ESTATICO não equivale a teste manual nem a aceitação em hardware real.
DUCK-2859;Documentação;desempenho;limite operacional;PARCIAL;README.md;Matriz automatizada de cobertura. CONFIRMADO_ESTATICO não equivale a teste manual nem a aceitação em hardware real.
DUCK-2860;Documentação;desempenho;aceitação de entrega;REVISAO_HUMANA;README.md;Matriz automatizada de cobertura. CONFIRMADO_ESTATICO não equivale a teste manual nem a aceitação em hardware real.
DUCK-2861;Documentação;manutenibilidade;inspeção estática;CONFIRMADO_ESTATICO;README.md;Matriz automatizada de cobertura. CONFIRMADO_ESTATICO não equivale a teste manual nem a aceitação em hardware real.
DUCK-2862;Documentação;manutenibilidade;prova estrutural;CONFIRMADO_ESTATICO;README.md;Matriz automatizada de cobertura. CONFIRMADO_ESTATICO não equivale a teste manual nem a aceitação em hardware real.
DUCK-2863;Documentação;manutenibilidade;evidência disponível;CONFIRMADO_ESTATICO;README.md;Matriz automatizada de cobertura. CONFIRMADO_ESTATICO não equivale a teste manual nem a aceitação em hardware real.
DUCK-2864;Documentação;manutenibilidade;limite operacional;PARCIAL;README.md;Matriz automatizada de cobertura. CONFIRMADO_ESTATICO não equivale a teste manual nem a aceitação em hardware real.
DUCK-2865;Documentação;manutenibilidade;aceitação de entrega;REVISAO_HUMANA;README.md;Matriz automatizada de cobertura. CONFIRMADO_ESTATICO não equivale a teste manual nem a aceitação em hardware real.
DUCK-2866;Documentação;tipagem;inspeção estática;CONFIRMADO_ESTATICO;README.md;Matriz automatizada de cobertura. CONFIRMADO_ESTATICO não equivale a teste manual nem a aceitação em hardware real.
DUCK-2867;Documentação;tipagem;prova estrutural;CONFIRMADO_ESTATICO;README.md;Matriz automatizada de cobertura. CONFIRMADO_ESTATICO não equivale a teste manual nem a aceitação em hardware real.
DUCK-2868;Documentação;tipagem;evidência disponível;CONFIRMADO_ESTATICO;README.md;Matriz automatizada de cobertura. CONFIRMADO_ESTATICO não equivale a teste manual nem a aceitação em hardware real.
DUCK-2869;Documentação;tipagem;limite operacional;PARCIAL;README.md;Matriz automatizada de cobertura. CONFIRMADO_ESTATICO não equivale a teste manual nem a aceitação em hardware real.
DUCK-2870;Documentação;tipagem;aceitação de entrega;REVISAO_HUMANA;README.md;Matriz automatizada de cobertura. CONFIRMADO_ESTATICO não equivale a teste manual nem a aceitação em hardware real.
DUCK-2871;Documentação;rastreabilidade;inspeção estática;CONFIRMADO_ESTATICO;README.md;Matriz automatizada de cobertura. CONFIRMADO_ESTATICO não equivale a teste manual nem a aceitação em hardware real.
DUCK-2872;Documentação;rastreabilidade;prova estrutural;CONFIRMADO_ESTATICO;README.md;Matriz automatizada de cobertura. CONFIRMADO_ESTATICO não equivale a teste manual nem a aceitação em hardware real.
DUCK-2873;Documentação;rastreabilidade;evidência disponível;CONFIRMADO_ESTATICO;README.md;Matriz automatizada de cobertura. CONFIRMADO_ESTATICO não equivale a teste manual nem a aceitação em hardware real.
DUCK-2874;Documentação;rastreabilidade;limite operacional;PARCIAL;README.md;Matriz automatizada de cobertura. CONFIRMADO_ESTATICO não equivale a teste manual nem a aceitação em hardware real.
DUCK-2875;Documentação;rastreabilidade;aceitação de entrega;REVISAO_HUMANA;README.md;Matriz automatizada de cobertura. CONFIRMADO_ESTATICO não equivale a teste manual nem a aceitação em hardware real.
DUCK-2876;Documentação;evidência visual;inspeção estática;CONFIRMADO_ESTATICO;README.md;Matriz automatizada de cobertura. CONFIRMADO_ESTATICO não equivale a teste manual nem a aceitação em hardware real.
DUCK-2877;Documentação;evidência visual;prova estrutural;CONFIRMADO_ESTATICO;README.md;Matriz automatizada de cobertura. CONFIRMADO_ESTATICO não equivale a teste manual nem a aceitação em hardware real.
DUCK-2878;Documentação;evidência visual;evidência disponível;CONFIRMADO_ESTATICO;README.md;Matriz automatizada de cobertura. CONFIRMADO_ESTATICO não equivale a teste manual nem a aceitação em hardware real.
DUCK-2879;Documentação;evidência visual;limite operacional;PARCIAL;README.md;Matriz automatizada de cobertura. CONFIRMADO_ESTATICO não equivale a teste manual nem a aceitação em hardware real.
DUCK-2880;Documentação;evidência visual;aceitação de entrega;REVISAO_HUMANA;README.md;Matriz automatizada de cobertura. CONFIRMADO_ESTATICO não equivale a teste manual nem a aceitação em hardware real.
DUCK-2881;Documentação;documentação;inspeção estática;CONFIRMADO_ESTATICO;README.md;Matriz automatizada de cobertura. CONFIRMADO_ESTATICO não equivale a teste manual nem a aceitação em hardware real.
DUCK-2882;Documentação;documentação;prova estrutural;CONFIRMADO_ESTATICO;README.md;Matriz automatizada de cobertura. CONFIRMADO_ESTATICO não equivale a teste manual nem a aceitação em hardware real.
DUCK-2883;Documentação;documentação;evidência disponível;CONFIRMADO_ESTATICO;README.md;Matriz automatizada de cobertura. CONFIRMADO_ESTATICO não equivale a teste manual nem a aceitação em hardware real.
DUCK-2884;Documentação;documentação;limite operacional;PARCIAL;README.md;Matriz automatizada de cobertura. CONFIRMADO_ESTATICO não equivale a teste manual nem a aceitação em hardware real.
DUCK-2885;Documentação;documentação;aceitação de entrega;REVISAO_HUMANA;README.md;Matriz automatizada de cobertura. CONFIRMADO_ESTATICO não equivale a teste manual nem a aceitação em hardware real.
DUCK-2886;Documentação;recuperação;inspeção estática;CONFIRMADO_ESTATICO;README.md;Matriz automatizada de cobertura. CONFIRMADO_ESTATICO não equivale a teste manual nem a aceitação em hardware real.
DUCK-2887;Documentação;recuperação;prova estrutural;CONFIRMADO_ESTATICO;README.md;Matriz automatizada de cobertura. CONFIRMADO_ESTATICO não equivale a teste manual nem a aceitação em hardware real.
DUCK-2888;Documentação;recuperação;evidência disponível;CONFIRMADO_ESTATICO;README.md;Matriz automatizada de cobertura. CONFIRMADO_ESTATICO não equivale a teste manual nem a aceitação em hardware real.
DUCK-2889;Documentação;recuperação;limite operacional;PARCIAL;README.md;Matriz automatizada de cobertura. CONFIRMADO_ESTATICO não equivale a teste manual nem a aceitação em hardware real.
DUCK-2890;Documentação;recuperação;aceitação de entrega;REVISAO_HUMANA;README.md;Matriz automatizada de cobertura. CONFIRMADO_ESTATICO não equivale a teste manual nem a aceitação em hardware real.
DUCK-2891;Documentação;exportação;inspeção estática;CONFIRMADO_ESTATICO;README.md;Matriz automatizada de cobertura. CONFIRMADO_ESTATICO não equivale a teste manual nem a aceitação em hardware real.
DUCK-2892;Documentação;exportação;prova estrutural;CONFIRMADO_ESTATICO;README.md;Matriz automatizada de cobertura. CONFIRMADO_ESTATICO não equivale a teste manual nem a aceitação em hardware real.
DUCK-2893;Documentação;exportação;evidência disponível;CONFIRMADO_ESTATICO;README.md;Matriz automatizada de cobertura. CONFIRMADO_ESTATICO não equivale a teste manual nem a aceitação em hardware real.
DUCK-2894;Documentação;exportação;limite operacional;PARCIAL;README.md;Matriz automatizada de cobertura. CONFIRMADO_ESTATICO não equivale a teste manual nem a aceitação em hardware real.
DUCK-2895;Documentação;exportação;aceitação de entrega;REVISAO_HUMANA;README.md;Matriz automatizada de cobertura. CONFIRMADO_ESTATICO não equivale a teste manual nem a aceitação em hardware real.
DUCK-2896;Documentação;entrega;inspeção estática;CONFIRMADO_ESTATICO;README.md;Matriz automatizada de cobertura. CONFIRMADO_ESTATICO não equivale a teste manual nem a aceitação em hardware real.
DUCK-2897;Documentação;entrega;prova estrutural;CONFIRMADO_ESTATICO;README.md;Matriz automatizada de cobertura. CONFIRMADO_ESTATICO não equivale a teste manual nem a aceitação em hardware real.
DUCK-2898;Documentação;entrega;evidência disponível;CONFIRMADO_ESTATICO;README.md;Matriz automatizada de cobertura. CONFIRMADO_ESTATICO não equivale a teste manual nem a aceitação em hardware real.
DUCK-2899;Documentação;entrega;limite operacional;PARCIAL;README.md;Matriz automatizada de cobertura. CONFIRMADO_ESTATICO não equivale a teste manual nem a aceitação em hardware real.
DUCK-2900;Documentação;entrega;aceitação de entrega;REVISAO_HUMANA;README.md;Matriz automatizada de cobertura. CONFIRMADO_ESTATICO não equivale a teste manual nem a aceitação em hardware real.
DUCK-2901;Empacotamento e entrega;presença funcional;inspeção estática;CONFIRMADO_ESTATICO;duck-studio-manual.pdf;Matriz automatizada de cobertura. CONFIRMADO_ESTATICO não equivale a teste manual nem a aceitação em hardware real.
DUCK-2902;Empacotamento e entrega;presença funcional;prova estrutural;CONFIRMADO_ESTATICO;duck-studio-manual.pdf;Matriz automatizada de cobertura. CONFIRMADO_ESTATICO não equivale a teste manual nem a aceitação em hardware real.
DUCK-2903;Empacotamento e entrega;presença funcional;evidência disponível;CONFIRMADO_ESTATICO;duck-studio-manual.pdf;Matriz automatizada de cobertura. CONFIRMADO_ESTATICO não equivale a teste manual nem a aceitação em hardware real.
DUCK-2904;Empacotamento e entrega;presença funcional;limite operacional;PARCIAL;duck-studio-manual.pdf;Matriz automatizada de cobertura. CONFIRMADO_ESTATICO não equivale a teste manual nem a aceitação em hardware real.
DUCK-2905;Empacotamento e entrega;presença funcional;aceitação de entrega;REVISAO_HUMANA;duck-studio-manual.pdf;Matriz automatizada de cobertura. CONFIRMADO_ESTATICO não equivale a teste manual nem a aceitação em hardware real.
DUCK-2906;Empacotamento e entrega;consistência de estados;inspeção estática;CONFIRMADO_ESTATICO;duck-studio-manual.pdf;Matriz automatizada de cobertura. CONFIRMADO_ESTATICO não equivale a teste manual nem a aceitação em hardware real.
DUCK-2907;Empacotamento e entrega;consistência de estados;prova estrutural;CONFIRMADO_ESTATICO;duck-studio-manual.pdf;Matriz automatizada de cobertura. CONFIRMADO_ESTATICO não equivale a teste manual nem a aceitação em hardware real.
DUCK-2908;Empacotamento e entrega;consistência de estados;evidência disponível;CONFIRMADO_ESTATICO;duck-studio-manual.pdf;Matriz automatizada de cobertura. CONFIRMADO_ESTATICO não equivale a teste manual nem a aceitação em hardware real.
DUCK-2909;Empacotamento e entrega;consistência de estados;limite operacional;PARCIAL;duck-studio-manual.pdf;Matriz automatizada de cobertura. CONFIRMADO_ESTATICO não equivale a teste manual nem a aceitação em hardware real.
DUCK-2910;Empacotamento e entrega;consistência de estados;aceitação de entrega;REVISAO_HUMANA;duck-studio-manual.pdf;Matriz automatizada de cobertura. CONFIRMADO_ESTATICO não equivale a teste manual nem a aceitação em hardware real.
DUCK-2911;Empacotamento e entrega;clareza de feedback;inspeção estática;CONFIRMADO_ESTATICO;duck-studio-manual.pdf;Matriz automatizada de cobertura. CONFIRMADO_ESTATICO não equivale a teste manual nem a aceitação em hardware real.
DUCK-2912;Empacotamento e entrega;clareza de feedback;prova estrutural;CONFIRMADO_ESTATICO;duck-studio-manual.pdf;Matriz automatizada de cobertura. CONFIRMADO_ESTATICO não equivale a teste manual nem a aceitação em hardware real.
DUCK-2913;Empacotamento e entrega;clareza de feedback;evidência disponível;CONFIRMADO_ESTATICO;duck-studio-manual.pdf;Matriz automatizada de cobertura. CONFIRMADO_ESTATICO não equivale a teste manual nem a aceitação em hardware real.
DUCK-2914;Empacotamento e entrega;clareza de feedback;limite operacional;PARCIAL;duck-studio-manual.pdf;Matriz automatizada de cobertura. CONFIRMADO_ESTATICO não equivale a teste manual nem a aceitação em hardware real.
DUCK-2915;Empacotamento e entrega;clareza de feedback;aceitação de entrega;REVISAO_HUMANA;duck-studio-manual.pdf;Matriz automatizada de cobertura. CONFIRMADO_ESTATICO não equivale a teste manual nem a aceitação em hardware real.
DUCK-2916;Empacotamento e entrega;tratamento de erro;inspeção estática;CONFIRMADO_ESTATICO;duck-studio-manual.pdf;Matriz automatizada de cobertura. CONFIRMADO_ESTATICO não equivale a teste manual nem a aceitação em hardware real.
DUCK-2917;Empacotamento e entrega;tratamento de erro;prova estrutural;CONFIRMADO_ESTATICO;duck-studio-manual.pdf;Matriz automatizada de cobertura. CONFIRMADO_ESTATICO não equivale a teste manual nem a aceitação em hardware real.
DUCK-2918;Empacotamento e entrega;tratamento de erro;evidência disponível;CONFIRMADO_ESTATICO;duck-studio-manual.pdf;Matriz automatizada de cobertura. CONFIRMADO_ESTATICO não equivale a teste manual nem a aceitação em hardware real.
DUCK-2919;Empacotamento e entrega;tratamento de erro;limite operacional;PARCIAL;duck-studio-manual.pdf;Matriz automatizada de cobertura. CONFIRMADO_ESTATICO não equivale a teste manual nem a aceitação em hardware real.
DUCK-2920;Empacotamento e entrega;tratamento de erro;aceitação de entrega;REVISAO_HUMANA;duck-studio-manual.pdf;Matriz automatizada de cobertura. CONFIRMADO_ESTATICO não equivale a teste manual nem a aceitação em hardware real.
DUCK-2921;Empacotamento e entrega;navegação por teclado;inspeção estática;CONFIRMADO_ESTATICO;duck-studio-manual.pdf;Matriz automatizada de cobertura. CONFIRMADO_ESTATICO não equivale a teste manual nem a aceitação em hardware real.
DUCK-2922;Empacotamento e entrega;navegação por teclado;prova estrutural;CONFIRMADO_ESTATICO;duck-studio-manual.pdf;Matriz automatizada de cobertura. CONFIRMADO_ESTATICO não equivale a teste manual nem a aceitação em hardware real.
DUCK-2923;Empacotamento e entrega;navegação por teclado;evidência disponível;CONFIRMADO_ESTATICO;duck-studio-manual.pdf;Matriz automatizada de cobertura. CONFIRMADO_ESTATICO não equivale a teste manual nem a aceitação em hardware real.
DUCK-2924;Empacotamento e entrega;navegação por teclado;limite operacional;PARCIAL;duck-studio-manual.pdf;Matriz automatizada de cobertura. CONFIRMADO_ESTATICO não equivale a teste manual nem a aceitação em hardware real.
DUCK-2925;Empacotamento e entrega;navegação por teclado;aceitação de entrega;REVISAO_HUMANA;duck-studio-manual.pdf;Matriz automatizada de cobertura. CONFIRMADO_ESTATICO não equivale a teste manual nem a aceitação em hardware real.
DUCK-2926;Empacotamento e entrega;legibilidade;inspeção estática;CONFIRMADO_ESTATICO;duck-studio-manual.pdf;Matriz automatizada de cobertura. CONFIRMADO_ESTATICO não equivale a teste manual nem a aceitação em hardware real.
DUCK-2927;Empacotamento e entrega;legibilidade;prova estrutural;CONFIRMADO_ESTATICO;duck-studio-manual.pdf;Matriz automatizada de cobertura. CONFIRMADO_ESTATICO não equivale a teste manual nem a aceitação em hardware real.
DUCK-2928;Empacotamento e entrega;legibilidade;evidência disponível;CONFIRMADO_ESTATICO;duck-studio-manual.pdf;Matriz automatizada de cobertura. CONFIRMADO_ESTATICO não equivale a teste manual nem a aceitação em hardware real.
DUCK-2929;Empacotamento e entrega;legibilidade;limite operacional;PARCIAL;duck-studio-manual.pdf;Matriz automatizada de cobertura. CONFIRMADO_ESTATICO não equivale a teste manual nem a aceitação em hardware real.
DUCK-2930;Empacotamento e entrega;legibilidade;aceitação de entrega;REVISAO_HUMANA;duck-studio-manual.pdf;Matriz automatizada de cobertura. CONFIRMADO_ESTATICO não equivale a teste manual nem a aceitação em hardware real.
DUCK-2931;Empacotamento e entrega;contraste;inspeção estática;CONFIRMADO_ESTATICO;duck-studio-manual.pdf;Matriz automatizada de cobertura. CONFIRMADO_ESTATICO não equivale a teste manual nem a aceitação em hardware real.
DUCK-2932;Empacotamento e entrega;contraste;prova estrutural;CONFIRMADO_ESTATICO;duck-studio-manual.pdf;Matriz automatizada de cobertura. CONFIRMADO_ESTATICO não equivale a teste manual nem a aceitação em hardware real.
DUCK-2933;Empacotamento e entrega;contraste;evidência disponível;CONFIRMADO_ESTATICO;duck-studio-manual.pdf;Matriz automatizada de cobertura. CONFIRMADO_ESTATICO não equivale a teste manual nem a aceitação em hardware real.
DUCK-2934;Empacotamento e entrega;contraste;limite operacional;PARCIAL;duck-studio-manual.pdf;Matriz automatizada de cobertura. CONFIRMADO_ESTATICO não equivale a teste manual nem a aceitação em hardware real.
DUCK-2935;Empacotamento e entrega;contraste;aceitação de entrega;REVISAO_HUMANA;duck-studio-manual.pdf;Matriz automatizada de cobertura. CONFIRMADO_ESTATICO não equivale a teste manual nem a aceitação em hardware real.
DUCK-2936;Empacotamento e entrega;responsividade;inspeção estática;CONFIRMADO_ESTATICO;duck-studio-manual.pdf;Matriz automatizada de cobertura. CONFIRMADO_ESTATICO não equivale a teste manual nem a aceitação em hardware real.
DUCK-2937;Empacotamento e entrega;responsividade;prova estrutural;CONFIRMADO_ESTATICO;duck-studio-manual.pdf;Matriz automatizada de cobertura. CONFIRMADO_ESTATICO não equivale a teste manual nem a aceitação em hardware real.
DUCK-2938;Empacotamento e entrega;responsividade;evidência disponível;CONFIRMADO_ESTATICO;duck-studio-manual.pdf;Matriz automatizada de cobertura. CONFIRMADO_ESTATICO não equivale a teste manual nem a aceitação em hardware real.
DUCK-2939;Empacotamento e entrega;responsividade;limite operacional;PARCIAL;duck-studio-manual.pdf;Matriz automatizada de cobertura. CONFIRMADO_ESTATICO não equivale a teste manual nem a aceitação em hardware real.
DUCK-2940;Empacotamento e entrega;responsividade;aceitação de entrega;REVISAO_HUMANA;duck-studio-manual.pdf;Matriz automatizada de cobertura. CONFIRMADO_ESTATICO não equivale a teste manual nem a aceitação em hardware real.
DUCK-2941;Empacotamento e entrega;persistência;inspeção estática;CONFIRMADO_ESTATICO;duck-studio-manual.pdf;Matriz automatizada de cobertura. CONFIRMADO_ESTATICO não equivale a teste manual nem a aceitação em hardware real.
DUCK-2942;Empacotamento e entrega;persistência;prova estrutural;CONFIRMADO_ESTATICO;duck-studio-manual.pdf;Matriz automatizada de cobertura. CONFIRMADO_ESTATICO não equivale a teste manual nem a aceitação em hardware real.
DUCK-2943;Empacotamento e entrega;persistência;evidência disponível;CONFIRMADO_ESTATICO;duck-studio-manual.pdf;Matriz automatizada de cobertura. CONFIRMADO_ESTATICO não equivale a teste manual nem a aceitação em hardware real.
DUCK-2944;Empacotamento e entrega;persistência;limite operacional;PARCIAL;duck-studio-manual.pdf;Matriz automatizada de cobertura. CONFIRMADO_ESTATICO não equivale a teste manual nem a aceitação em hardware real.
DUCK-2945;Empacotamento e entrega;persistência;aceitação de entrega;REVISAO_HUMANA;duck-studio-manual.pdf;Matriz automatizada de cobertura. CONFIRMADO_ESTATICO não equivale a teste manual nem a aceitação em hardware real.
DUCK-2946;Empacotamento e entrega;segurança de entrada;inspeção estática;CONFIRMADO_ESTATICO;duck-studio-manual.pdf;Matriz automatizada de cobertura. CONFIRMADO_ESTATICO não equivale a teste manual nem a aceitação em hardware real.
DUCK-2947;Empacotamento e entrega;segurança de entrada;prova estrutural;CONFIRMADO_ESTATICO;duck-studio-manual.pdf;Matriz automatizada de cobertura. CONFIRMADO_ESTATICO não equivale a teste manual nem a aceitação em hardware real.
DUCK-2948;Empacotamento e entrega;segurança de entrada;evidência disponível;CONFIRMADO_ESTATICO;duck-studio-manual.pdf;Matriz automatizada de cobertura. CONFIRMADO_ESTATICO não equivale a teste manual nem a aceitação em hardware real.
DUCK-2949;Empacotamento e entrega;segurança de entrada;limite operacional;PARCIAL;duck-studio-manual.pdf;Matriz automatizada de cobertura. CONFIRMADO_ESTATICO não equivale a teste manual nem a aceitação em hardware real.
DUCK-2950;Empacotamento e entrega;segurança de entrada;aceitação de entrega;REVISAO_HUMANA;duck-studio-manual.pdf;Matriz automatizada de cobertura. CONFIRMADO_ESTATICO não equivale a teste manual nem a aceitação em hardware real.
DUCK-2951;Empacotamento e entrega;privacidade;inspeção estática;CONFIRMADO_ESTATICO;duck-studio-manual.pdf;Matriz automatizada de cobertura. CONFIRMADO_ESTATICO não equivale a teste manual nem a aceitação em hardware real.
DUCK-2952;Empacotamento e entrega;privacidade;prova estrutural;CONFIRMADO_ESTATICO;duck-studio-manual.pdf;Matriz automatizada de cobertura. CONFIRMADO_ESTATICO não equivale a teste manual nem a aceitação em hardware real.
DUCK-2953;Empacotamento e entrega;privacidade;evidência disponível;CONFIRMADO_ESTATICO;duck-studio-manual.pdf;Matriz automatizada de cobertura. CONFIRMADO_ESTATICO não equivale a teste manual nem a aceitação em hardware real.
DUCK-2954;Empacotamento e entrega;privacidade;limite operacional;PARCIAL;duck-studio-manual.pdf;Matriz automatizada de cobertura. CONFIRMADO_ESTATICO não equivale a teste manual nem a aceitação em hardware real.
DUCK-2955;Empacotamento e entrega;privacidade;aceitação de entrega;REVISAO_HUMANA;duck-studio-manual.pdf;Matriz automatizada de cobertura. CONFIRMADO_ESTATICO não equivale a teste manual nem a aceitação em hardware real.
DUCK-2956;Empacotamento e entrega;desempenho;inspeção estática;CONFIRMADO_ESTATICO;duck-studio-manual.pdf;Matriz automatizada de cobertura. CONFIRMADO_ESTATICO não equivale a teste manual nem a aceitação em hardware real.
DUCK-2957;Empacotamento e entrega;desempenho;prova estrutural;CONFIRMADO_ESTATICO;duck-studio-manual.pdf;Matriz automatizada de cobertura. CONFIRMADO_ESTATICO não equivale a teste manual nem a aceitação em hardware real.
DUCK-2958;Empacotamento e entrega;desempenho;evidência disponível;CONFIRMADO_ESTATICO;duck-studio-manual.pdf;Matriz automatizada de cobertura. CONFIRMADO_ESTATICO não equivale a teste manual nem a aceitação em hardware real.
DUCK-2959;Empacotamento e entrega;desempenho;limite operacional;PARCIAL;duck-studio-manual.pdf;Matriz automatizada de cobertura. CONFIRMADO_ESTATICO não equivale a teste manual nem a aceitação em hardware real.
DUCK-2960;Empacotamento e entrega;desempenho;aceitação de entrega;REVISAO_HUMANA;duck-studio-manual.pdf;Matriz automatizada de cobertura. CONFIRMADO_ESTATICO não equivale a teste manual nem a aceitação em hardware real.
DUCK-2961;Empacotamento e entrega;manutenibilidade;inspeção estática;CONFIRMADO_ESTATICO;duck-studio-manual.pdf;Matriz automatizada de cobertura. CONFIRMADO_ESTATICO não equivale a teste manual nem a aceitação em hardware real.
DUCK-2962;Empacotamento e entrega;manutenibilidade;prova estrutural;CONFIRMADO_ESTATICO;duck-studio-manual.pdf;Matriz automatizada de cobertura. CONFIRMADO_ESTATICO não equivale a teste manual nem a aceitação em hardware real.
DUCK-2963;Empacotamento e entrega;manutenibilidade;evidência disponível;CONFIRMADO_ESTATICO;duck-studio-manual.pdf;Matriz automatizada de cobertura. CONFIRMADO_ESTATICO não equivale a teste manual nem a aceitação em hardware real.
DUCK-2964;Empacotamento e entrega;manutenibilidade;limite operacional;PARCIAL;duck-studio-manual.pdf;Matriz automatizada de cobertura. CONFIRMADO_ESTATICO não equivale a teste manual nem a aceitação em hardware real.
DUCK-2965;Empacotamento e entrega;manutenibilidade;aceitação de entrega;REVISAO_HUMANA;duck-studio-manual.pdf;Matriz automatizada de cobertura. CONFIRMADO_ESTATICO não equivale a teste manual nem a aceitação em hardware real.
DUCK-2966;Empacotamento e entrega;tipagem;inspeção estática;CONFIRMADO_ESTATICO;duck-studio-manual.pdf;Matriz automatizada de cobertura. CONFIRMADO_ESTATICO não equivale a teste manual nem a aceitação em hardware real.
DUCK-2967;Empacotamento e entrega;tipagem;prova estrutural;CONFIRMADO_ESTATICO;duck-studio-manual.pdf;Matriz automatizada de cobertura. CONFIRMADO_ESTATICO não equivale a teste manual nem a aceitação em hardware real.
DUCK-2968;Empacotamento e entrega;tipagem;evidência disponível;CONFIRMADO_ESTATICO;duck-studio-manual.pdf;Matriz automatizada de cobertura. CONFIRMADO_ESTATICO não equivale a teste manual nem a aceitação em hardware real.
DUCK-2969;Empacotamento e entrega;tipagem;limite operacional;PARCIAL;duck-studio-manual.pdf;Matriz automatizada de cobertura. CONFIRMADO_ESTATICO não equivale a teste manual nem a aceitação em hardware real.
DUCK-2970;Empacotamento e entrega;tipagem;aceitação de entrega;REVISAO_HUMANA;duck-studio-manual.pdf;Matriz automatizada de cobertura. CONFIRMADO_ESTATICO não equivale a teste manual nem a aceitação em hardware real.
DUCK-2971;Empacotamento e entrega;rastreabilidade;inspeção estática;CONFIRMADO_ESTATICO;duck-studio-manual.pdf;Matriz automatizada de cobertura. CONFIRMADO_ESTATICO não equivale a teste manual nem a aceitação em hardware real.
DUCK-2972;Empacotamento e entrega;rastreabilidade;prova estrutural;CONFIRMADO_ESTATICO;duck-studio-manual.pdf;Matriz automatizada de cobertura. CONFIRMADO_ESTATICO não equivale a teste manual nem a aceitação em hardware real.
DUCK-2973;Empacotamento e entrega;rastreabilidade;evidência disponível;CONFIRMADO_ESTATICO;duck-studio-manual.pdf;Matriz automatizada de cobertura. CONFIRMADO_ESTATICO não equivale a teste manual nem a aceitação em hardware real.
DUCK-2974;Empacotamento e entrega;rastreabilidade;limite operacional;PARCIAL;duck-studio-manual.pdf;Matriz automatizada de cobertura. CONFIRMADO_ESTATICO não equivale a teste manual nem a aceitação em hardware real.
DUCK-2975;Empacotamento e entrega;rastreabilidade;aceitação de entrega;REVISAO_HUMANA;duck-studio-manual.pdf;Matriz automatizada de cobertura. CONFIRMADO_ESTATICO não equivale a teste manual nem a aceitação em hardware real.
DUCK-2976;Empacotamento e entrega;evidência visual;inspeção estática;CONFIRMADO_ESTATICO;duck-studio-manual.pdf;Matriz automatizada de cobertura. CONFIRMADO_ESTATICO não equivale a teste manual nem a aceitação em hardware real.
DUCK-2977;Empacotamento e entrega;evidência visual;prova estrutural;CONFIRMADO_ESTATICO;duck-studio-manual.pdf;Matriz automatizada de cobertura. CONFIRMADO_ESTATICO não equivale a teste manual nem a aceitação em hardware real.
DUCK-2978;Empacotamento e entrega;evidência visual;evidência disponível;CONFIRMADO_ESTATICO;duck-studio-manual.pdf;Matriz automatizada de cobertura. CONFIRMADO_ESTATICO não equivale a teste manual nem a aceitação em hardware real.
DUCK-2979;Empacotamento e entrega;evidência visual;limite operacional;PARCIAL;duck-studio-manual.pdf;Matriz automatizada de cobertura. CONFIRMADO_ESTATICO não equivale a teste manual nem a aceitação em hardware real.
DUCK-2980;Empacotamento e entrega;evidência visual;aceitação de entrega;REVISAO_HUMANA;duck-studio-manual.pdf;Matriz automatizada de cobertura. CONFIRMADO_ESTATICO não equivale a teste manual nem a aceitação em hardware real.
DUCK-2981;Empacotamento e entrega;documentação;inspeção estática;CONFIRMADO_ESTATICO;duck-studio-manual.pdf;Matriz automatizada de cobertura. CONFIRMADO_ESTATICO não equivale a teste manual nem a aceitação em hardware real.
DUCK-2982;Empacotamento e entrega;documentação;prova estrutural;CONFIRMADO_ESTATICO;duck-studio-manual.pdf;Matriz automatizada de cobertura. CONFIRMADO_ESTATICO não equivale a teste manual nem a aceitação em hardware real.
DUCK-2983;Empacotamento e entrega;documentação;evidência disponível;CONFIRMADO_ESTATICO;duck-studio-manual.pdf;Matriz automatizada de cobertura. CONFIRMADO_ESTATICO não equivale a teste manual nem a aceitação em hardware real.
DUCK-2984;Empacotamento e entrega;documentação;limite operacional;PARCIAL;duck-studio-manual.pdf;Matriz automatizada de cobertura. CONFIRMADO_ESTATICO não equivale a teste manual nem a aceitação em hardware real.
DUCK-2985;Empacotamento e entrega;documentação;aceitação de entrega;REVISAO_HUMANA;duck-studio-manual.pdf;Matriz automatizada de cobertura. CONFIRMADO_ESTATICO não equivale a teste manual nem a aceitação em hardware real.
DUCK-2986;Empacotamento e entrega;recuperação;inspeção estática;CONFIRMADO_ESTATICO;duck-studio-manual.pdf;Matriz automatizada de cobertura. CONFIRMADO_ESTATICO não equivale a teste manual nem a aceitação em hardware real.
DUCK-2987;Empacotamento e entrega;recuperação;prova estrutural;CONFIRMADO_ESTATICO;duck-studio-manual.pdf;Matriz automatizada de cobertura. CONFIRMADO_ESTATICO não equivale a teste manual nem a aceitação em hardware real.
DUCK-2988;Empacotamento e entrega;recuperação;evidência disponível;CONFIRMADO_ESTATICO;duck-studio-manual.pdf;Matriz automatizada de cobertura. CONFIRMADO_ESTATICO não equivale a teste manual nem a aceitação em hardware real.
DUCK-2989;Empacotamento e entrega;recuperação;limite operacional;PARCIAL;duck-studio-manual.pdf;Matriz automatizada de cobertura. CONFIRMADO_ESTATICO não equivale a teste manual nem a aceitação em hardware real.
DUCK-2990;Empacotamento e entrega;recuperação;aceitação de entrega;REVISAO_HUMANA;duck-studio-manual.pdf;Matriz automatizada de cobertura. CONFIRMADO_ESTATICO não equivale a teste manual nem a aceitação em hardware real.
DUCK-2991;Empacotamento e entrega;exportação;inspeção estática;CONFIRMADO_ESTATICO;duck-studio-manual.pdf;Matriz automatizada de cobertura. CONFIRMADO_ESTATICO não equivale a teste manual nem a aceitação em hardware real.
DUCK-2992;Empacotamento e entrega;exportação;prova estrutural;CONFIRMADO_ESTATICO;duck-studio-manual.pdf;Matriz automatizada de cobertura. CONFIRMADO_ESTATICO não equivale a teste manual nem a aceitação em hardware real.
DUCK-2993;Empacotamento e entrega;exportação;evidência disponível;CONFIRMADO_ESTATICO;duck-studio-manual.pdf;Matriz automatizada de cobertura. CONFIRMADO_ESTATICO não equivale a teste manual nem a aceitação em hardware real.
DUCK-2994;Empacotamento e entrega;exportação;limite operacional;PARCIAL;duck-studio-manual.pdf;Matriz automatizada de cobertura. CONFIRMADO_ESTATICO não equivale a teste manual nem a aceitação em hardware real.
DUCK-2995;Empacotamento e entrega;exportação;aceitação de entrega;REVISAO_HUMANA;duck-studio-manual.pdf;Matriz automatizada de cobertura. CONFIRMADO_ESTATICO não equivale a teste manual nem a aceitação em hardware real.
DUCK-2996;Empacotamento e entrega;entrega;inspeção estática;CONFIRMADO_ESTATICO;duck-studio-manual.pdf;Matriz automatizada de cobertura. CONFIRMADO_ESTATICO não equivale a teste manual nem a aceitação em hardware real.
DUCK-2997;Empacotamento e entrega;entrega;prova estrutural;CONFIRMADO_ESTATICO;duck-studio-manual.pdf;Matriz automatizada de cobertura. CONFIRMADO_ESTATICO não equivale a teste manual nem a aceitação em hardware real.
DUCK-2998;Empacotamento e entrega;entrega;evidência disponível;CONFIRMADO_ESTATICO;duck-studio-manual.pdf;Matriz automatizada de cobertura. CONFIRMADO_ESTATICO não equivale a teste manual nem a aceitação em hardware real.
DUCK-2999;Empacotamento e entrega;entrega;limite operacional;PARCIAL;duck-studio-manual.pdf;Matriz automatizada de cobertura. CONFIRMADO_ESTATICO não equivale a teste manual nem a aceitação em hardware real.
DUCK-3000;Empacotamento e entrega;entrega;aceitação de entrega;REVISAO_HUMANA;duck-studio-manual.pdf;Matriz automatizada de cobertura. CONFIRMADO_ESTATICO não equivale a teste manual nem a aceitação em hardware real.
